day,time,tally,first,last,home,boat,landing
1,06:32,2243,Connor,Brodie,Port Tolland,Mail,20
1,06:33,0747,Maisie,Nairn,Balnacrae,Mail,4
1,06:33,1810,Iris,Kirkland,Inverlash,Mail,5
1,06:34,1016,Warren,Kirwan,Achnabrae,Mail,22
1,06:35,0785,Ranald,Eastwood,Strathcorrie,Tender,20
1,06:36,0662,Robert,Wadsworth,Polbrae,Mail,12
1,06:37,0385,Vina,Quarrier,Ballyvarra,Tender,11
1,06:39,1049,Vernon,Aitken,Port Tolland,Fishing,19
1,06:40,2086,Roisin,Dougan,Polbrae,Tender,20
1,06:46,1085,Lily,Maitland,Kirkwhinnie,Fishing,3
1,06:46,1159,Sorley,Hardcastle,Port Tolland,Mail,1
1,06:54,0332,Paula,Gilchrist,Polbrae,Fishing,21
1,07:03,2236,Xander,Farquhar,Polbrae,Pilot,10
1,07:09,1001,Audrey,Mooney,Ballyvarra,Mail,10
1,07:14,2283,Steven,Urquhart,Strathcorrie,Pilot,19
1,07:17,1287,Cyril,Lavery,Ballyvarra,Fishing,11
1,07:19,0763,Ranald,Dalgarno,Ballyvarra,Mail,24
1,07:21,1757,Bella,Keane,Inverlash,Pilot,20
1,07:22,0062,Arlo,Cairns,Balnacrae,Pilot,9
1,07:24,1271,Blair,Slattery,Kirkwhinnie,Mail,4
1,07:31,1464,Jean,Gibson,Achnabrae,Mail,7
1,07:32,1106,Esmond,Kearney,Lannagh,Mail,7
1,07:33,0722,Brendan,Oliphant,Port Tolland,Fishing,24
1,07:36,1691,Lorne,Bonar,Ballyvarra,Tender,20
1,07:39,1038,Peggy,Cowie,Kirkwhinnie,Tender,21
1,07:42,0645,Roisin,Herron,Skellan,Fishing,22
1,07:47,2326,Bernard,Finnegan,Bayle,Mail,11
1,07:51,0113,Carla,Tolmie,Ballyvarra,Fishing,6
1,07:51,0304,Leonie,Canning,Kirkwhinnie,Tender,20
1,07:51,1657,Greta,Haig,Port Tolland,Mail,20
1,07:57,0199,Esmond,Will,Kirkwhinnie,Pilot,5
1,08:01,2109,Craig,Kirwan,Inverlash,Mail,13
1,08:02,1566,Flora,Dalziel,Inverlash,Tender,6
1,08:06,0801,Ada,Pickles,Kirkwhinnie,Tender,4
1,08:06,1066,Alana,Waddell,Polbrae,Mail,17
1,08:10,1251,Kirsty,Feeney,Balnacrae,Mail,12
1,08:10,1596,Susan,Mowat,Carrowby,Mail,16
1,08:11,1095,Kirstin,Fergusson,Rathvarra,Tender,15
1,08:11,2362,Leonard,Devlin,Torrandhu,Pilot,2
1,08:15,0249,Wendy,Toomey,Balnacrae,Mail,9
1,08:18,1378,Warren,Pickles,Balnacrae,Mail,16
1,08:20,0934,Quinn,Stobie,Bayle,Pilot,12
1,08:20,1222,Ingrid,Graham,Kirkwhinnie,Mail,24
1,08:23,2252,Michael,Graham,Balnacrae,Pilot,15
1,08:24,0608,George,Bottomley,Inverlash,Pilot,24
1,08:24,2008,Elsie,Todd,Bayle,Pilot,22
1,08:25,2148,Elinor,Gowans,Balnacrae,Tender,12
1,08:30,0167,Andrew,Russell,Balnacrae,Mail,6
1,08:30,1071,Amos,Norrie,Torrandhu,Pilot,10
1,08:32,0463,Greta,Ogg,Polbrae,Mail,4
1,08:32,0599,Brendan,Joyce,Ballyvarra,Tender,10
1,08:34,0107,Connor,Lamb,Torrandhu,Tender,22
1,08:35,0734,Arthur,Watt,Kirkwhinnie,Tender,9
1,08:35,1843,Felix,Norrie,Balnacrae,Fishing,1
1,08:36,2288,Frank,Dunlop,Bayle,Tender,16
1,08:42,1951,Donald,Rooney,Strathcorrie,Pilot,12
1,08:43,0558,Karen,Yardley,Bayle,Mail,15
1,08:50,1201,Pascal,Dryburgh,Achnabrae,Tender,1
1,08:51,1638,Sadie,Orrock,Achnabrae,Pilot,5
1,08:51,1704,Paula,Canning,Port Tolland,Tender,5
1,08:52,0652,Saul,Eastwood,Bayle,Pilot,20
1,08:54,0714,Rowan,Doran,Bayle,Fishing,20
1,08:54,1253,Marsali,Carey,Balnacrae,Mail,20
1,08:55,0750,Elinor,Menzies,Skellan,Fishing,19
1,08:58,1425,Peggy,Dobson,Achnabrae,Mail,21
1,09:03,1371,Yvonne,Mitchell,Inverlash,Tender,12
1,09:03,2117,Daisy,Rourke,Bayle,Pilot,22
1,09:05,1060,Arthur,Maxwell,Ardvane,Mail,21
1,09:05,1365,Eamon,Ogilvie,Polbrae,Mail,22
1,09:06,0516,Anson,Cockburn,Torrandhu,Tender,7
1,09:08,2096,Louisa,Eastwood,Ardvane,Tender,20
1,09:09,0365,Karen,MacNab,Ballyvarra,Mail,12
1,09:09,0736,Bryce,Doran,Ardvane,Tender,4
1,09:10,1172,Colin,Fairbairn,Strathcorrie,Mail,16
1,09:12,1900,Lorna,Rafferty,Ardvane,Mail,21
1,09:13,0460,Duncan,Mooney,Balnacrae,Mail,12
1,09:13,2172,Annabel,Riddell,Bayle,Pilot,23
1,09:16,0267,Garth,Comrie,Skellan,Fishing,20
1,09:16,2103,Barbara,Graham,Polbrae,Fishing,3
1,09:17,1215,Craig,Toomey,Rathvarra,Mail,6
1,09:19,0074,Yvonne,Finnegan,Ardvane,Tender,15
1,09:20,2028,Zander,Wishart,Achnabrae,Fishing,6
1,09:23,0990,Ruby,Ackroyd,Carrowby,Pilot,18
1,09:23,1338,Rhoda,Dalziel,Balnacrae,Mail,21
1,09:23,1521,Faye,Cowie,Torrandhu,Fishing,10
1,09:23,1849,Laura,Doran,Inverlash,Tender,18
1,09:24,0503,Douglas,Brierley,Ardvane,Tender,19
1,09:25,1523,Louisa,Kinloch,Ballyvarra,Tender,4
1,09:26,1421,Agnes,Eastwood,Ardvane,Mail,17
1,09:27,0232,Vivian,Guthrie,Rathvarra,Mail,13
1,09:27,2263,Catriona,McDiarmid,Polbrae,Tender,10
1,09:28,0592,Eric,Rowand,Kirkwhinnie,Fishing,9
1,09:29,0690,Finlay,Kinloch,Balnacrae,Fishing,6
1,09:29,2038,Gregor,Devlin,Achnabrae,Tender,18
1,09:30,0285,Roland,Doran,Strathcorrie,Mail,11
1,09:30,1554,Torquil,Gilchrist,Polbrae,Fishing,17
1,09:31,1423,Dorcas,Yuill,Inverlash,Pilot,6
1,09:32,0737,Harold,Moncur,Ardvane,Mail,13
1,09:34,0612,Selina,Doig,Ballyvarra,Mail,20
1,09:34,0759,Bridget,Kynoch,Lannagh,Fishing,20
1,09:37,0917,James,Calder,Bayle,Fishing,12
1,09:42,1040,Brendan,Gillespie,Torrandhu,Pilot,5
1,09:42,1539,Rory,Ackroyd,Polbrae,Tender,4
1,09:43,1947,Lilias,Todd,Achnabrae,Pilot,5
1,09:44,0674,Ishbel,Eastwood,Lannagh,Tender,5
1,09:45,0303,Miriam,Joyce,Carrowby,Tender,18
1,09:45,1675,Irene,Dawson,Carrowby,Tender,24
1,09:45,2299,Cerys,Logan,Torrandhu,Pilot,12
1,09:46,0215,Tavish,Dalgarno,Bayle,Mail,11
1,09:51,1770,Eric,Tonner,Polbrae,Mail,5
1,09:53,1232,Tobin,McGillivray,Carrowby,Pilot,24
1,09:53,1821,Harry,Boyd,Inverlash,Fishing,10
1,09:53,2222,Elinor,Uttley,Torrandhu,Mail,24
1,09:56,1662,Stanley,Burns,Ballyvarra,Mail,16
1,09:57,0490,Judith,Kirk,Ardvane,Tender,11
1,09:57,1056,Wendy,Steel,Achnabrae,Tender,5
1,09:58,0684,Ranald,Finlayson,Lannagh,Pilot,8
1,09:58,1641,Miriam,Egan,Carrowby,Pilot,20
1,09:58,1709,Hugh,Kirkland,Lannagh,Tender,5
1,10:00,1009,Saul,Orrock,Ardvane,Fishing,7
1,10:00,1677,Niall,Geddes,Balnacrae,Tender,19
1,10:02,2073,Tristan,McDiarmid,Torrandhu,Pilot,15
1,10:03,1909,Hamish,Madigan,Polbrae,Fishing,10
1,10:04,0673,Kirsty,Ramsay,Lannagh,Fishing,10
1,10:04,1212,Nora,Gibson,Lannagh,Tender,12
1,10:05,0650,Una,Tierney,Ballyvarra,Fishing,20
1,10:06,0643,Cora,Turnbull,Ballyvarra,Fishing,10
1,10:08,1363,Evan,Keane,Balnacrae,Mail,9
1,10:08,2175,Peggy,Doig,Skellan,Mail,20
1,10:09,0140,Niall,MacIver,Ballyvarra,Mail,24
1,10:11,0538,Angus,Dougan,Strathcorrie,Fishing,6
1,10:12,1157,Isaac,Hennessy,Strathcorrie,Fishing,7
1,10:12,1426,Cormac,Dalgleish,Lannagh,Pilot,23
1,10:12,1806,Una,Haworth,Strathcorrie,Mail,22
1,10:13,0297,Dylan,Moncur,Rathvarra,Pilot,6
1,10:15,0858,Nora,Loughlin,Ballyvarra,Tender,3
1,10:16,0470,Moira,Cumming,Ardvane,Fishing,24
1,10:16,1345,Harriet,Watt,Ardvane,Tender,19
1,10:17,1264,Rhoda,Cowie,Rathvarra,Fishing,21
1,10:19,1233,Angus,Galbraith,Strathcorrie,Mail,7
1,10:20,0880,Rhona,McLaren,Achnabrae,Pilot,13
1,10:22,1543,Nancy,Young,Ballyvarra,Mail,20
1,10:22,1693,Vera,Kerr,Strathcorrie,Fishing,7
1,10:23,2185,Lorne,Cockburn,Port Tolland,Tender,12
1,10:25,0250,Robin,Ross,Port Tolland,Fishing,22
1,10:26,1439,Cecil,Tolmie,Balnacrae,Mail,16
1,10:30,1959,Iris,Cochrane,Kirkwhinnie,Fishing,20
1,10:30,2300,Albert,Leslie,Ardvane,Tender,12
1,10:31,1209,Clara,Halliday,Inverlash,Pilot,23
1,10:31,1688,Helen,Ramsden,Kilvarra,Pilot,11
1,10:33,1207,Eileen,Moran,Port Tolland,Fishing,18
1,10:33,1449,Mhairi,Gorrie,Ardvane,Mail,20
1,10:33,1759,Carla,Bancroft,Ardvane,Mail,9
1,10:33,2098,Thea,Wotherspoon,Ballyvarra,Fishing,10
1,10:34,0705,Nadia,Mair,Kirkwhinnie,Mail,4
1,10:34,1536,Fergal,Lister,Balnacrae,Pilot,11
1,10:34,1850,Samuel,Tait,Torrandhu,Fishing,20
1,10:35,0227,Lydia,Steel,Torrandhu,Fishing,12
1,10:35,0540,Kirstin,Garside,Kirkwhinnie,Pilot,12
1,10:35,1137,Jean,Gowdie,Lannagh,Mail,19
1,10:36,1498,Gavin,Bancroft,Lannagh,Fishing,13
1,10:37,0040,Jean,Ewing,Kirkwhinnie,Mail,1
1,10:38,0186,Darragh,McCann,Torrandhu,Mail,20
1,10:38,0496,Miriam,Livingstone,Balnacrae,Mail,4
1,10:38,2037,Lydia,Graham,Port Tolland,Fishing,19
1,10:39,0336,Cecil,Darroch,Kirkwhinnie,Tender,12
1,10:40,1286,Morag,Kinloch,Carrowby,Fishing,14
1,10:40,1298,Dylan,Cowie,Carrowby,Mail,13
1,10:42,0065,Lucas,Bowman,Achnabrae,Mail,4
1,10:42,1090,Hannah,Dryburgh,Inverlash,Tender,19
1,10:44,1713,Thomas,Ogilvie,Port Tolland,Fishing,20
1,10:46,1385,Marion,Dempster,Ballyvarra,Pilot,7
1,10:47,1497,Henry,Proctor,Ardvane,Pilot,7
1,10:48,0109,Michael,Mulcahy,Polbrae,Mail,6
1,10:48,0562,Neil,McCulloch,Balnacrae,Tender,5
1,10:48,1918,Edna,Dickson,Rathvarra,Mail,20
1,10:48,2176,Adair,Cullen,Balnacrae,Mail,2
1,10:50,0031,Hector,Nicholson,Port Tolland,Mail,1
1,10:50,0129,Thomas,Taggart,Port Tolland,Tender,1
1,10:50,0366,Finlay,Mooney,Port Tolland,Mail,7
1,10:54,1546,Jacob,Troup,Port Tolland,Mail,16
1,10:55,1611,Dermot,Henderson,Balnacrae,Mail,19
1,10:56,1143,Kenneth,Yeaman,Kirkwhinnie,Pilot,17
1,10:57,0338,Zander,Aitken,Rathvarra,Pilot,10
1,10:57,0781,Rhoda,Shand,Ardvane,Fishing,19
1,10:57,0837,Judith,Rae,Kilvarra,Fishing,20
1,10:57,0939,Fintan,Stoddart,Kirkwhinnie,Tender,6
1,10:59,1217,Alec,Buchanan,Ardvane,Fishing,4
1,11:01,0634,Enid,Mair,Polbrae,Tender,1
1,11:01,1280,Angus,Pitcairn,Strathcorrie,Mail,24
1,11:02,2229,Kenna,Moran,Polbrae,Mail,10
1,11:03,0228,Hannah,Thain,Port Tolland,Pilot,20
1,11:04,0594,Ernest,Connolly,Inverlash,Mail,1
1,11:04,0847,Kester,Morton,Achnabrae,Pilot,2
1,11:04,1139,Maureen,Mitchell,Kilvarra,Fishing,12
1,11:05,0761,Clarissa,Nimmo,Ballyvarra,Mail,18
1,11:06,1225,Gwyneth,Fergusson,Ardvane,Tender,6
1,11:06,1562,Hugh,Egan,Port Tolland,Mail,11
1,11:07,0099,Carla,Elder,Carrowby,Fishing,4
1,11:07,0799,Jean,Gormley,Port Tolland,Fishing,1
1,11:07,1592,Zelda,Mahon,Carrowby,Mail,16
1,11:08,1046,Dermot,Wadsworth,Achnabrae,Mail,5
1,11:08,1995,Myra,Gallagher,Strathcorrie,Tender,2
1,11:09,1831,Zelda,Mulligan,Carrowby,Mail,12
1,11:11,1684,Cecil,Haig,Balnacrae,Fishing,23
1,11:12,0104,Nessie,Torrance,Inverlash,Tender,6
1,11:12,0827,Imogen,Dornan,Ardvane,Mail,20
1,11:13,0554,Tristan,Soutar,Kirkwhinnie,Mail,15
1,11:13,0938,Wilfred,Duthie,Bayle,Pilot,11
1,11:13,0977,Violet,Fothergill,Ardvane,Mail,24
1,11:13,1196,Warren,Bain,Torrandhu,Mail,20
1,11:13,2099,Arran,Munro,Kilvarra,Fishing,6
1,11:14,1268,Elias,Mavor,Carrowby,Fishing,15
1,11:14,1698,Harry,Thomson,Port Tolland,Fishing,20
1,11:14,2047,Ruby,Aitken,Bayle,Fishing,7
1,11:15,0732,Rowan,Dunn,Kilvarra,Fishing,21
1,11:15,2272,Moira,Wylie,Balnacrae,Pilot,13
1,11:16,0264,Xander,Soutar,Torrandhu,Mail,22
1,11:16,0356,Ewan,Dempsey,Polbrae,Fishing,7
1,11:16,2030,Bessie,Whelan,Balnacrae,Fishing,11
1,11:17,0772,Eliza,Wishart,Inverlash,Fishing,22
1,11:18,1075,Lachlan,Johnstone,Polbrae,Pilot,6
1,11:19,1392,Nadia,Torrance,Achnabrae,Fishing,20
1,11:19,1413,Fraser,Haig,Port Tolland,Tender,7
1,11:20,0754,Innes,Wotherspoon,Kirkwhinnie,Mail,3
1,11:20,2345,Kester,Irvine,Kirkwhinnie,Mail,6
1,11:22,1048,Christina,Quarrier,Port Tolland,Tender,19
1,11:22,2017,Mabel,Nimmo,Rathvarra,Tender,7
1,11:22,2174,Angus,McCann,Kirkwhinnie,Pilot,3
1,11:23,0001,Annabel,Maitland,Achnabrae,Mail,5
1,11:23,1875,Reuben,Regan,Carrowby,Tender,9
1,11:23,1895,Isaac,Maitland,Achnabrae,Fishing,9
1,11:23,2223,Lachlan,Lyall,Kirkwhinnie,Pilot,24
1,11:25,1782,Meredith,Cockburn,Bayle,Fishing,4
1,11:25,2258,Damian,Pirie,Port Tolland,Mail,22
1,11:26,1242,Catriona,Kinsella,Port Tolland,Fishing,9
1,11:27,0770,Cora,McKenzie,Balnacrae,Pilot,21
1,11:27,1619,Amos,Halliday,Inverlash,Fishing,21
1,11:29,0800,Morag,Niven,Inverlash,Fishing,5
1,11:30,0281,Edith,MacInnes,Bayle,Mail,21
1,11:30,1867,Leonie,Mowat,Ardvane,Pilot,4
1,11:31,0970,Imogen,Nicholson,Rathvarra,Pilot,24
1,11:32,1891,Gemma,Buchan,Kirkwhinnie,Mail,19
1,11:33,1771,Odile,Pirie,Torrandhu,Fishing,10
1,11:34,0069,Fenella,Lindsay,Port Tolland,Tender,5
1,11:38,1983,Mabel,Sangster,Polbrae,Mail,9
1,11:38,2107,Violet,Crowley,Port Tolland,Mail,5
1,11:40,0330,Vina,Harkness,Balnacrae,Tender,18
1,11:41,1548,Murdo,Malloch,Ballyvarra,Pilot,7
1,11:42,0968,Fraser,Wotherspoon,Rathvarra,Mail,13
1,11:44,2247,Louisa,Kynoch,Polbrae,Pilot,18
1,11:45,1013,Sadie,Mahon,Torrandhu,Pilot,11
1,11:46,1087,Sadie,Hislop,Balnacrae,Mail,20
1,11:47,1210,Niall,Murdoch,Torrandhu,Tender,24
1,11:47,1982,Morgan,Corsar,Carrowby,Fishing,3
1,11:48,2391,Nessie,Hardcastle,Ardvane,Fishing,15
1,11:49,0806,Harry,Gordon,Ardvane,Fishing,24
1,11:49,1687,Gordon,Oliphant,Inverlash,Mail,5
1,11:49,2358,Roisin,Rae,Inverlash,Pilot,12
1,11:50,0427,Audrey,Hogan,Ardvane,Pilot,4
1,11:50,2036,Leonard,Aitken,Balnacrae,Mail,4
1,11:51,0060,Archie,Whelan,Ardvane,Fishing,15
1,11:52,1893,Lorcan,Ewing,Strathcorrie,Mail,7
1,11:53,0257,Anson,Gilchrist,Kirkwhinnie,Fishing,6
1,11:54,2199,Donald,Pollock,Torrandhu,Tender,6
1,11:55,0452,Bertie,Laing,Skellan,Fishing,7
1,11:55,2000,Miriam,Beattie,Achnabrae,Mail,6
1,11:55,2204,Moira,Tough,Polbrae,Fishing,1
1,11:56,0049,Jessie,Flanagan,Ardvane,Tender,20
1,11:56,0347,Isobel,Gorrie,Polbrae,Fishing,13
1,11:56,0753,Lilias,Cargill,Rathvarra,Fishing,23
1,11:56,1063,Stanley,Machin,Achnabrae,Mail,10
1,11:58,2347,Rose,McCann,Ballyvarra,Tender,20
1,11:59,0597,Irene,Lennox,Strathcorrie,Fishing,24
1,11:59,2249,Gregor,Bottomley,Ballyvarra,Pilot,10
1,12:00,0442,Bram,Dunn,Rathvarra,Tender,7
1,12:00,1695,Cyril,Gowdie,Balnacrae,Pilot,21
1,12:01,0159,Murdo,Tuohy,Port Tolland,Mail,24
1,12:01,0219,Petra,Dornan,Port Tolland,Fishing,20
1,12:01,1288,Bram,Burns,Bayle,Mail,12
1,12:01,1574,Yolanda,Loudon,Balnacrae,Pilot,24
1,12:01,1952,Harry,Cochrane,Ballyvarra,Pilot,3
1,12:03,0981,Tavis,McGillivray,Inverlash,Mail,17
1,12:03,1971,Stanley,Ackroyd,Lannagh,Tender,21
1,12:03,2126,Leonie,Calvert,Ballyvarra,Tender,19
1,12:03,2131,Gilbert,Whitaker,Kirkwhinnie,Pilot,22
1,12:04,0092,Bryce,Wolstenholme,Polbrae,Fishing,20
1,12:04,2136,Teresa,McDiarmid,Ardvane,Mail,12
1,12:04,2293,Gregor,Tuohy,Bayle,Fishing,11
1,12:05,0306,Flora,Barraclough,Kirkwhinnie,Tender,7
1,12:06,0012,Elinor,Cargill,Inverlash,Tender,3
1,12:07,0902,Petra,Flanagan,Lannagh,Pilot,22
1,12:07,1354,Albert,Doig,Ardvane,Pilot,20
1,12:07,1674,Mabel,Mearns,Polbrae,Pilot,21
1,12:08,0321,Xander,Lyall,Strathcorrie,Tender,21
1,12:08,1336,Louisa,Stobie,Polbrae,Fishing,11
1,12:08,1963,Vera,Connolly,Balnacrae,Pilot,4
1,12:09,0729,Davina,Blackwood,Rathvarra,Tender,1
1,12:09,0986,Innes,Gaukroger,Skellan,Pilot,23
1,12:09,1313,Gertrude,Daly,Lannagh,Pilot,4
1,12:11,0856,Hugh,Veitch,Polbrae,Tender,10
1,12:12,1077,Wilma,MacInnes,Kilvarra,Fishing,10
1,12:12,2088,Molly,Eccles,Bayle,Tender,11
1,12:13,2040,Callum,Haldane,Polbrae,Pilot,6
1,12:14,1299,Cerys,Tierney,Lannagh,Tender,16
1,12:15,0192,Elspet,Jolly,Ballyvarra,Fishing,24
1,12:15,0523,Dylan,Dempsey,Ballyvarra,Mail,24
1,12:15,0550,Hollie,Norrie,Lannagh,Mail,7
1,12:15,0661,Leonie,Tolan,Rathvarra,Pilot,18
1,12:15,1571,Una,Calder,Lannagh,Fishing,20
1,12:15,1729,Eric,Forsyth,Carrowby,Tender,7
1,12:20,2399,Cecil,Yule,Achnabrae,Pilot,1
1,12:21,1161,Gertrude,Inglis,Kilvarra,Mail,1
1,12:21,1669,Damian,Lowrie,Ballyvarra,Mail,4
1,12:22,0435,Laura,Rutherford,Kirkwhinnie,Pilot,20
1,12:22,0957,Nadia,Sim,Port Tolland,Fishing,12
1,12:22,1402,Yvonne,Dunbar,Achnabrae,Mail,19
1,12:22,1634,Roisin,Phelan,Kilvarra,Pilot,17
1,12:22,1786,Sarah,Torrance,Ballyvarra,Pilot,3
1,12:24,1587,Jessie,Crichton,Ballyvarra,Tender,18
1,12:24,2093,Robert,Kinsella,Carrowby,Fishing,3
1,12:26,0655,Grant,Clunie,Kilvarra,Pilot,21
1,12:26,0663,Cathal,Lennie,Port Tolland,Pilot,10
1,12:29,1519,Rory,Cowie,Bayle,Fishing,5
1,12:29,2139,Dean,Moncrieff,Achnabrae,Mail,7
1,12:30,0047,Keir,Bonnar,Balnacrae,Mail,11
1,12:30,0457,Flora,Fallon,Strathcorrie,Fishing,12
1,12:30,1062,Gideon,Dewar,Skellan,Fishing,6
1,12:32,2173,Ranald,Napier,Balnacrae,Mail,20
1,12:33,0036,Morgan,Kavanagh,Inverlash,Fishing,1
1,12:33,0282,Dylan,Finnegan,Kirkwhinnie,Fishing,20
1,12:33,2044,Bryce,Whelan,Achnabrae,Pilot,5
1,12:34,1223,Mabel,Doig,Polbrae,Fishing,9
1,12:35,1520,Eilidh,Swanson,Strathcorrie,Fishing,20
1,12:37,0618,Faye,Rooney,Kirkwhinnie,Fishing,20
1,12:37,0776,Ewan,Wood,Torrandhu,Mail,9
1,12:38,0491,Roisin,Kemp,Rathvarra,Tender,9
1,12:39,0456,Dean,Napier,Strathcorrie,Mail,4
1,12:41,0335,Gwen,Irvine,Inverlash,Fishing,11
1,12:42,0489,Steven,Stobie,Carrowby,Tender,24
1,12:43,0017,Sadie,Malloch,Achnabrae,Pilot,8
1,12:43,1303,Roisin,Laing,Carrowby,Mail,8
1,12:43,1581,Elias,Tolan,Strathcorrie,Pilot,1
1,12:43,2257,Cora,Young,Bayle,Fishing,6
1,12:45,1248,Imogen,Slattery,Balnacrae,Mail,14
1,12:45,1509,Saul,Fothergill,Port Tolland,Fishing,24
1,12:46,0148,Nora,Leckie,Port Tolland,Tender,23
1,12:46,1734,Gillian,Goudie,Inverlash,Mail,11
1,12:48,0401,Sabina,Dargie,Achnabrae,Fishing,4
1,12:48,0790,Stella,Fullarton,Ballyvarra,Tender,3
1,12:50,1380,Marion,Nugent,Kirkwhinnie,Pilot,24
1,12:52,0011,Rose,Fenton,Kirkwhinnie,Fishing,6
1,12:52,1427,Lilias,Doran,Ardvane,Fishing,20
1,12:53,0072,Nora,Quarrier,Ardvane,Tender,12
1,12:53,0994,Tobin,Dunn,Lannagh,Tender,1
1,12:53,1055,Evan,Wood,Inverlash,Pilot,11
1,12:54,0446,Violet,Mearns,Polbrae,Mail,8
1,12:55,0211,Judith,Bonar,Port Tolland,Tender,9
1,12:56,1911,Rachel,Gemmell,Port Tolland,Mail,9
1,12:56,2234,Harriet,Orrock,Lannagh,Tender,3
1,12:58,0700,Petra,Aitken,Ballyvarra,Mail,12
1,13:00,0546,Hannah,Whyte,Kirkwhinnie,Mail,23
1,13:01,1197,Evelyn,Scobie,Ardvane,Fishing,18
1,13:02,2129,Edgar,Peden,Achnabrae,Tender,10
1,13:03,0397,Calum,Normanton,Ballyvarra,Mail,20
1,13:03,0573,Mairi,Flynn,Torrandhu,Mail,20
1,13:03,1633,Petra,Stirling,Ballyvarra,Fishing,24
1,13:05,1070,Thea,Dobson,Achnabrae,Mail,4
1,13:05,1530,Ishbel,Stoddart,Bayle,Pilot,7
1,13:05,1945,Gilbert,Buist,Port Tolland,Fishing,19
1,13:06,0046,Jean,Rourke,Port Tolland,Mail,19
1,13:06,0771,Aileen,Mitchell,Torrandhu,Fishing,18
1,13:07,0664,Stella,Mearns,Balnacrae,Fishing,23
1,13:07,0682,Sorley,Gillespie,Port Tolland,Pilot,19
1,13:09,0497,Niall,Pogson,Skellan,Fishing,5
1,13:10,0187,Eilidh,Irvine,Ardvane,Pilot,21
1,13:11,1532,Eamon,Calvert,Lannagh,Fishing,13
1,13:11,1740,Edith,Gillespie,Torrandhu,Mail,24
1,13:13,0280,Henry,McDiarmid,Inverlash,Pilot,3
1,13:14,1155,Ivor,Varley,Kilvarra,Fishing,22
1,13:14,2051,Lorne,Ruthven,Achnabrae,Mail,5
1,13:15,1283,Laura,Moncrieff,Ballyvarra,Mail,5
1,13:15,1604,Samuel,Scobie,Lannagh,Fishing,1
1,13:18,0811,Martin,Birrell,Balnacrae,Tender,20
1,13:18,1763,Douglas,Mulligan,Lannagh,Tender,13
1,13:19,1148,Damian,Sangster,Rathvarra,Mail,20
1,13:20,0403,Magda,Scobie,Strathcorrie,Pilot,24
1,13:20,0621,Leonard,Burns,Skellan,Fishing,22
1,13:20,0632,Evelyn,Nicholson,Balnacrae,Tender,7
1,13:23,0864,Nadia,Dunsire,Inverlash,Tender,16
1,13:23,1111,George,Rowand,Torrandhu,Mail,1
1,13:23,1263,Rory,Henderson,Kirkwhinnie,Tender,15
1,13:23,1444,Eileen,Carey,Torrandhu,Mail,4
1,13:24,2360,Iona,Russell,Bayle,Mail,23
1,13:25,0390,Seamus,Curran,Strathcorrie,Mail,20
1,13:25,0720,Gordon,Dawson,Achnabrae,Mail,17
1,13:26,1847,Edgar,Ogg,Kilvarra,Tender,20
1,13:26,1862,Pascal,Fettes,Ardvane,Tender,15
1,13:30,1537,Angus,Niven,Strathcorrie,Fishing,15
1,13:32,1939,Nicol,Hardie,Polbrae,Tender,3
1,13:32,2355,Dougal,Rattray,Kirkwhinnie,Fishing,11
1,13:33,1527,Albert,Rae,Rathvarra,Pilot,5
1,13:34,1890,Dolina,Machin,Strathcorrie,Mail,17
1,13:34,2246,Alec,Gunn,Inverlash,Fishing,4
1,13:39,0909,Annabel,Rowand,Lannagh,Fishing,8
1,13:39,1238,Warren,Tolan,Balnacrae,Fishing,20
1,13:41,1324,Lydia,Callaghan,Skellan,Fishing,5
1,13:41,2305,Leonie,Morton,Ardvane,Mail,1
1,13:42,1099,Nathan,Gemmell,Kirkwhinnie,Mail,5
1,13:44,0097,Vernon,Ogilvie,Inverlash,Tender,15
1,13:44,0466,Warren,Charnock,Strathcorrie,Fishing,17
1,13:45,0198,Brendan,Pollock,Ardvane,Fishing,7
1,13:45,2371,Carys,Pogson,Balnacrae,Mail,19
1,13:50,1558,Craig,Brennan,Lannagh,Fishing,15
1,13:52,2266,Mabel,Kidston,Carrowby,Mail,13
1,13:53,1973,Albert,Yuill,Inverlash,Tender,14
1,13:54,0057,Patrick,Elphinstone,Polbrae,Tender,11
1,13:54,0936,Magnus,Oliphant,Strathcorrie,Tender,24
1,13:57,0876,Dorcas,Ruthven,Torrandhu,Pilot,6
1,13:58,0444,Connor,Kerr,Ballyvarra,Mail,12
1,13:58,1721,Damian,Calder,Ardvane,Pilot,3
1,13:59,1613,Ailie,MacRae,Ardvane,Mail,8
1,14:00,0262,Hector,Munro,Polbrae,Mail,15
1,14:00,2379,Morag,Tuohy,Ballyvarra,Mail,9
1,14:01,0042,Ross,Walsh,Port Tolland,Fishing,17
1,14:01,0627,Imogen,Bottomley,Achnabrae,Mail,4
1,14:02,0416,Janet,Menzies,Polbrae,Mail,24
1,14:05,1823,Dolina,Tordoff,Torrandhu,Pilot,6
1,14:08,0987,Laura,Dunsire,Balnacrae,Pilot,6
1,14:08,1910,Gavin,Fyvie,Polbrae,Tender,24
1,14:11,2228,Seonag,Loudon,Lannagh,Mail,21
1,14:12,1170,Mairi,McLaren,Polbrae,Fishing,6
1,14:14,1327,Iris,Agnew,Kirkwhinnie,Fishing,21
1,14:14,1944,Wilma,Forbes,Ardvane,Mail,11
1,14:14,2302,Mairi,Kilgour,Bayle,Fishing,11
1,14:16,1076,Dora,MacAskill,Achnabrae,Pilot,20
1,14:18,1787,Basil,Torrance,Inverlash,Tender,17
1,14:20,0954,George,Dickson,Achnabrae,Fishing,20
1,14:20,1582,Shona,Rowand,Achnabrae,Mail,12
1,14:23,1833,Eric,Milne,Bayle,Mail,4
1,14:24,0020,Finlay,Nolan,Bayle,Mail,12
1,14:25,0149,Kester,Kidston,Bayle,Mail,8
1,14:25,0236,Magda,Semple,Kirkwhinnie,Fishing,19
1,14:25,1631,Fergal,Henderson,Ardvane,Pilot,14
1,14:26,1855,Alice,Gordon,Kirkwhinnie,Fishing,21
1,14:27,0016,Seamus,Dunsire,Skellan,Fishing,22
1,14:28,1220,Hannah,Lalor,Balnacrae,Pilot,16
1,14:30,1540,Carys,Gauld,Balnacrae,Mail,10
1,14:31,1198,Frank,Dalton,Carrowby,Mail,15
1,14:31,1205,Hollie,Wishart,Polbrae,Pilot,2
1,14:33,0502,Fiona,Rafferty,Bayle,Mail,20
1,14:34,1214,Harold,Veitch,Ardvane,Fishing,6
1,14:35,1310,Isaac,Forbes,Bayle,Tender,3
1,14:35,1505,Vina,Kerr,Kirkwhinnie,Fishing,21
1,14:36,1267,Fraser,Shand,Torrandhu,Tender,3
1,14:37,0786,Agnes,Pirie,Inverlash,Mail,24
1,14:37,1395,Freya,Kinloch,Carrowby,Mail,17
1,14:45,2154,Cathal,Darroch,Kilvarra,Fishing,4
1,14:48,0188,Cora,Rooney,Polbrae,Tender,13
1,14:48,1788,Annabel,MacPhail,Port Tolland,Fishing,20
1,14:49,0887,Dorcas,Brennan,Achnabrae,Pilot,10
1,14:50,1565,Magnus,Gillespie,Inverlash,Mail,1
1,14:51,0849,Fabian,Peden,Kirkwhinnie,Pilot,7
1,14:52,0974,Thomas,Nolan,Skellan,Tender,20
1,14:53,0320,Ailie,Dornan,Ballyvarra,Mail,20
1,14:54,0474,Gregor,Grieve,Kirkwhinnie,Pilot,3
1,15:02,1098,Edgar,Dickson,Lannagh,Fishing,16
1,15:03,0617,Dermot,Dempster,Port Tolland,Tender,22
1,15:05,2270,Cecil,Stoddart,Bayle,Tender,10
1,15:07,0071,Jasper,Swanson,Kirkwhinnie,Pilot,1
1,15:08,2012,Eamon,Loughlin,Torrandhu,Fishing,11
1,15:09,0810,Pascal,Quigley,Bayle,Pilot,20
1,15:09,1483,Pascal,Bain,Balnacrae,Pilot,10
1,15:10,0918,Tavish,Meikle,Ardvane,Mail,22
1,15:10,2290,Audrey,Lamb,Kirkwhinnie,Pilot,20
1,15:13,1692,Ronald,Machin,Torrandhu,Mail,20
1,15:14,0151,Innes,Cumming,Bayle,Tender,23
1,15:14,2005,Violet,Lowrie,Kirkwhinnie,Mail,21
1,15:18,1339,Marsali,Uttley,Polbrae,Mail,7
1,15:20,0056,Audrey,Donnelly,Lannagh,Pilot,21
1,15:22,0590,Mary,Lumb,Torrandhu,Mail,3
1,15:23,2196,Grace,Thomson,Port Tolland,Tender,3
1,15:24,0132,Rose,Spence,Ardvane,Tender,9
1,15:24,2019,Nadia,Eadie,Achnabrae,Mail,20
1,15:24,2242,Zander,Hislop,Skellan,Tender,21
1,15:25,0872,Dorcas,Elder,Skellan,Mail,9
1,15:30,0530,Glenn,Belcher,Balnacrae,Tender,4
1,15:33,1998,Douglas,Lindsay,Kirkwhinnie,Tender,19
1,15:39,0601,Walter,Purdie,Torrandhu,Mail,3
1,15:40,1484,James,Burnett,Port Tolland,Fishing,13
1,15:41,0422,Dougal,Tucker,Kirkwhinnie,Mail,24
1,15:42,1647,Noreen,Fallon,Torrandhu,Tender,20
1,15:42,1794,Faye,Norrie,Achnabrae,Fishing,21
1,15:43,0822,Rhoda,Tait,Inverlash,Mail,19
1,15:43,0993,Clara,Aitken,Carrowby,Fishing,22
1,15:43,1525,Olive,Agnew,Inverlash,Tender,12
1,15:44,0115,Jean,Shearer,Port Tolland,Fishing,3
1,15:45,0971,Brendan,Lindsay,Achnabrae,Pilot,7
1,15:51,0570,Sorley,MacBride,Polbrae,Mail,20
1,15:52,0380,Kenna,Boyd,Carrowby,Mail,3
1,16:01,2002,Ross,Wood,Ballyvarra,Fishing,10
1,16:02,0023,Esmond,Fothergill,Carrowby,Pilot,11
1,16:02,2097,Tara,Cassidy,Strathcorrie,Mail,10
1,16:12,0635,Lena,Taggart,Torrandhu,Tender,2
1,16:12,0852,Jessie,Bannerman,Port Tolland,Tender,19
1,16:13,1468,Fenella,Lynch,Torrandhu,Pilot,9
1,16:15,1243,Jacob,Jardine,Carrowby,Fishing,7
1,16:17,0173,Albert,Thain,Polbrae,Pilot,12
1,16:26,2020,Petra,Dalton,Bayle,Mail,9
1,16:30,0344,Miriam,Pickles,Kirkwhinnie,Pilot,5
1,16:31,0520,Louisa,Oddy,Strathcorrie,Pilot,2
1,16:31,1958,Elinor,Orr,Balnacrae,Pilot,21
1,16:34,1456,Grant,Dewar,Lannagh,Fishing,13
1,16:35,2219,Gilbert,Farrell,Rathvarra,Tender,11
1,16:36,0316,Abigail,Keane,Torrandhu,Pilot,12
1,16:42,1014,Enid,Muir,Balnacrae,Mail,15
1,16:45,1618,Janet,Rutherford,Skellan,Fishing,4
1,16:46,1608,Jacob,Burnett,Ballyvarra,Tender,9
1,16:47,1648,Annabel,Regan,Inverlash,Fishing,24
1,16:50,0969,Ernest,Murtagh,Skellan,Tender,22
1,16:50,1697,Laura,Troup,Port Tolland,Pilot,21
1,16:56,0008,Alastair,Laidlaw,Ardvane,Fishing,18
1,16:57,2274,Maxwell,Dempster,Port Tolland,Mail,20
1,17:01,1577,Ivor,Livingstone,Ardvane,Pilot,3
1,17:08,0830,Tara,Whelan,Lannagh,Fishing,17
1,17:11,1955,Kester,Jolly,Bayle,Pilot,11
1,17:12,0953,Fiona,Kynoch,Inverlash,Mail,10
1,17:19,1230,Steven,Deveney,Achnabrae,Pilot,12
1,17:23,0155,Lorcan,Pringle,Balnacrae,Mail,1
1,17:26,0696,Wendy,Holroyd,Achnabrae,Fishing,21
1,17:28,1561,Roland,Erskine,Ardvane,Tender,12
1,17:34,1798,Hannah,Tonner,Ardvane,Pilot,24
1,17:37,0628,Philip,Hislop,Torrandhu,Mail,11
1,17:40,1811,Glenn,Wark,Inverlash,Mail,24
1,17:44,1885,Colin,Scott,Kirkwhinnie,Tender,24
1,17:51,0233,Andrew,Buist,Ardvane,Pilot,21
1,17:51,0890,Una,Scott,Rathvarra,Pilot,24
1,17:51,1489,Archie,Loudon,Strathcorrie,Pilot,10
1,17:54,0027,Clara,Abernethy,Skellan,Tender,7
1,17:59,1246,Wilma,Lynch,Rathvarra,Mail,4
1,18:02,1934,Rhoda,Belcher,Balnacrae,Tender,5
1,18:07,0247,Bella,MacAskill,Ballyvarra,Pilot,5
1,18:08,1069,Bram,Steel,Rathvarra,Mail,20
1,18:09,1318,Gavin,Muldoon,Inverlash,Mail,5
1,18:10,0808,Susan,Hanlon,Achnabrae,Pilot,22
1,18:11,0055,Nora,Torrance,Achnabrae,Fishing,4
1,18:16,0483,Petra,Lindsay,Bayle,Pilot,10
1,18:17,1667,Robin,Muldoon,Ballyvarra,Pilot,10
1,18:18,2052,Reuben,Bannerman,Ardvane,Fishing,2
1,18:26,2029,Noreen,Kilgour,Ballyvarra,Tender,22
1,18:28,1599,Nessie,Rawcliffe,Achnabrae,Pilot,10
1,18:30,2304,Dunstan,Moran,Polbrae,Mail,2
2,06:30,2158,Yvonne,Calder,Torrandhu,Pilot,20
2,06:42,2120,Stewart,Strachan,Port Tolland,Tender,20
2,06:45,0784,Gavin,Sangster,Skellan,Mail,21
2,06:51,1758,Dougal,Abernethy,Bayle,Pilot,4
2,06:54,1652,Magda,Ross,Bayle,Mail,19
2,06:54,1762,Elsie,Brennan,Carrowby,Tender,1
2,07:02,1871,Sheila,Crowley,Bayle,Pilot,21
2,07:02,2027,Archie,Kearney,Balnacrae,Fishing,4
2,07:06,1542,Xander,Smeaton,Kirkwhinnie,Fishing,3
2,07:12,1218,Clarissa,Simpson,Balnacrae,Mail,12
2,07:22,1514,Niall,Gormley,Bayle,Tender,16
2,07:29,1894,Hamish,Scanlon,Carrowby,Mail,21
2,07:31,2213,Frank,Gaukroger,Balnacrae,Pilot,2
2,07:38,0507,Rowan,McLaren,Bayle,Mail,13
2,07:42,2367,Odile,Haworth,Inverlash,Fishing,3
2,07:44,1007,Isaac,Bannerman,Achnabrae,Fishing,9
2,07:46,1752,Cora,Pollock,Lannagh,Pilot,14
2,07:51,1420,Simon,Costello,Ballyvarra,Mail,20
2,07:53,1736,Odile,Rollo,Carrowby,Pilot,8
2,07:55,2295,Lewis,Ritchie,Bayle,Pilot,20
2,07:56,0244,Kieran,Waddell,Ballyvarra,Fishing,16
2,07:57,1375,Rhona,Johnstone,Polbrae,Mail,10
2,08:00,0492,Cecil,Scobie,Carrowby,Mail,3
2,08:00,0678,Daisy,Gormley,Port Tolland,Mail,11
2,08:02,0607,Valerie,Yuill,Polbrae,Tender,24
2,08:05,0396,Fergus,MacInnes,Port Tolland,Tender,21
2,08:13,0176,Marion,Brennan,Achnabrae,Tender,19
2,08:19,1800,Nicol,Hennessy,Carrowby,Pilot,4
2,08:23,2337,Dorcas,Mair,Kirkwhinnie,Mail,4
2,08:30,1822,Joan,Jolly,Achnabrae,Pilot,20
2,08:33,0850,Elspet,Todd,Ballyvarra,Tender,7
2,08:33,2298,Rowan,Swanson,Rathvarra,Tender,21
2,08:35,0623,Roisin,Hamilton,Rathvarra,Fishing,4
2,08:38,0656,Phyllis,Burns,Balnacrae,Fishing,7
2,08:38,1482,Nicol,Gallagher,Lannagh,Fishing,18
2,08:39,1772,Kieran,Lamont,Polbrae,Pilot,24
2,08:42,0462,Moira,Hardcastle,Torrandhu,Fishing,6
2,08:45,2095,Annabel,Birrell,Carrowby,Fishing,20
2,08:46,0080,Bessie,Niven,Kilvarra,Fishing,17
2,08:46,0265,Violet,Regan,Port Tolland,Pilot,22
2,08:47,1551,Mary,Sandeman,Kirkwhinnie,Tender,4
2,08:50,0091,Peggy,McCann,Ardvane,Fishing,11
2,08:53,1646,Brendan,Turnbull,Achnabrae,Fishing,13
2,08:54,2212,Bram,Peden,Port Tolland,Pilot,21
2,08:57,1002,Connor,Todd,Balnacrae,Tender,17
2,08:58,0392,Ernest,Maguire,Port Tolland,Fishing,11
2,09:00,1029,Rory,Kehoe,Kilvarra,Mail,12
2,09:00,1320,Isobel,Comrie,Achnabrae,Pilot,10
2,09:00,1602,Kenna,Strachan,Strathcorrie,Pilot,15
2,09:02,2354,Paula,Wark,Rathvarra,Mail,21
2,09:04,0912,Tobin,Peden,Skellan,Fishing,12
2,09:07,1878,Marcus,Oliphant,Port Tolland,Pilot,4
2,09:12,0922,Lorna,Cockburn,Ardvane,Fishing,1
2,09:12,0952,Myra,Duggan,Strathcorrie,Fishing,5
2,09:12,1838,Arlo,Gunn,Carrowby,Mail,3
2,09:20,0519,Basil,Muir,Balnacrae,Tender,1
2,09:25,0182,Greta,Dunne,Carrowby,Pilot,5
2,09:26,0976,Marcus,Wolstenholme,Polbrae,Tender,4
2,09:26,1590,Alana,Halliday,Port Tolland,Mail,24
2,09:30,0638,Kirsty,Barclay,Inverlash,Tender,12
2,09:30,0795,Pascal,Robb,Port Tolland,Mail,20
2,09:32,0111,Wallace,Proudfoot,Kilvarra,Fishing,7
2,09:34,1580,Magda,Jamieson,Bayle,Pilot,11
2,09:34,1981,Hector,Erskine,Kirkwhinnie,Fishing,24
2,09:35,1903,Quinn,Boyd,Skellan,Pilot,7
2,09:36,0780,Effie,Ackroyd,Ardvane,Pilot,20
2,09:36,0964,Saul,Milne,Strathcorrie,Mail,11
2,09:38,0054,Glenn,Mackie,Kirkwhinnie,Mail,19
2,09:43,0376,Marsali,Proctor,Kirkwhinnie,Mail,9
2,09:43,2115,Magda,Whelan,Torrandhu,Tender,20
2,09:44,0082,Garth,Rafferty,Kirkwhinnie,Mail,5
2,09:49,1184,Aileen,MacInnes,Inverlash,Pilot,7
2,09:49,2210,Emmet,Niven,Ballyvarra,Mail,20
2,09:50,1510,Phyllis,Coyle,Kirkwhinnie,Tender,2
2,09:55,0667,Johan,Mavor,Port Tolland,Pilot,5
2,09:55,0988,Arlo,Geddes,Polbrae,Tender,10
2,09:55,2032,Corrie,Tosh,Kilvarra,Fishing,5
2,09:59,2394,Tavish,Johnstone,Bayle,Mail,3
2,10:00,1123,Anson,Livingstone,Rathvarra,Mail,4
2,10:01,1813,Lorne,Lowrie,Port Tolland,Fishing,21
2,10:02,1044,Shona,Oliphant,Port Tolland,Mail,16
2,10:02,1127,Arran,Cochrane,Kirkwhinnie,Mail,12
2,10:08,0363,Eamon,Whelan,Inverlash,Fishing,3
2,10:08,0407,Rhona,Keane,Polbrae,Mail,16
2,10:09,1203,Brodie,Thain,Kirkwhinnie,Fishing,10
2,10:10,0792,Tristan,Waddell,Carrowby,Mail,21
2,10:10,1390,Lewis,MacBride,Ballyvarra,Mail,7
2,10:11,1593,Clarissa,Haldane,Kirkwhinnie,Fishing,2
2,10:14,0189,Clara,Buchanan,Torrandhu,Mail,22
2,10:14,2320,Kester,Fyvie,Kirkwhinnie,Pilot,20
2,10:17,1987,Saul,Rae,Kilvarra,Pilot,11
2,10:18,0622,Leonie,Todd,Balnacrae,Pilot,9
2,10:19,0217,Nadia,Bonnar,Balnacrae,Tender,20
2,10:23,1654,Anabel,Mulhern,Kirkwhinnie,Pilot,17
2,10:25,1472,Ada,Duggan,Kirkwhinnie,Tender,24
2,10:28,2165,Yolanda,Steel,Bayle,Mail,19
2,10:30,0951,Duncan,Sheridan,Torrandhu,Tender,3
2,10:34,0855,Euan,Colquhoun,Strathcorrie,Tender,5
2,10:35,0239,Colin,Kidston,Kirkwhinnie,Mail,5
2,10:39,1996,Eric,Kidston,Polbrae,Tender,6
2,10:39,2141,Bella,Lyall,Ardvane,Mail,6
2,10:41,0326,Cathal,Nesbitt,Bayle,Pilot,21
2,10:41,2018,Tobin,Paterson,Bayle,Mail,20
2,10:44,2240,Tavis,Milne,Torrandhu,Mail,20
2,10:45,0087,Fenella,Logan,Torrandhu,Mail,18
2,10:45,2369,Elias,Graham,Strathcorrie,Tender,5
2,10:46,2332,Michael,Mathieson,Torrandhu,Pilot,12
2,10:47,2039,Lilias,Fleming,Kirkwhinnie,Mail,17
2,10:50,1291,Owen,Thorburn,Balnacrae,Tender,5
2,10:50,1326,Effie,Hunter,Skellan,Tender,14
2,10:50,1711,Odile,Charnock,Kirkwhinnie,Tender,7
2,10:50,1864,Connor,Coburn,Polbrae,Fishing,16
2,10:51,1741,Moira,Cuthbert,Achnabrae,Mail,10
2,10:51,1967,Frances,Quarrier,Ardvane,Mail,9
2,10:54,0916,Magda,Kershaw,Strathcorrie,Fishing,2
2,10:55,1656,Malcolm,Crombie,Port Tolland,Tender,20
2,10:56,0813,Archie,Kinnaird,Bayle,Tender,20
2,10:59,0203,Dorcas,Dornan,Carrowby,Pilot,22
2,10:59,1229,Enid,Hamilton,Ballyvarra,Pilot,19
2,10:59,2192,Arlo,Scott,Lannagh,Fishing,5
2,11:01,0208,Ulric,Hennessy,Skellan,Fishing,10
2,11:02,0615,Dolina,Haldane,Skellan,Tender,7
2,11:02,1930,Sean,Keane,Kilvarra,Mail,21
2,11:04,1463,Maisie,Costello,Port Tolland,Fishing,24
2,11:06,1784,Harry,Russell,Inverlash,Pilot,3
2,11:06,2074,Susan,Callaghan,Strathcorrie,Mail,3
2,11:07,1513,Alana,McCann,Bayle,Pilot,20
2,11:07,2231,Vera,Barclay,Ardvane,Tender,11
2,11:11,1990,Ian,Pogson,Ballyvarra,Mail,20
2,11:11,2132,Zelda,Duggan,Polbrae,Pilot,4
2,11:14,2124,Christina,Murtagh,Kirkwhinnie,Pilot,5
2,11:15,1690,Alana,Lowrie,Bayle,Fishing,17
2,11:16,0225,Owen,Orrock,Strathcorrie,Tender,3
2,11:16,1887,Emmet,Coyle,Inverlash,Pilot,2
2,11:17,0291,Cora,Small,Kilvarra,Pilot,3
2,11:19,0833,Lorna,Jamieson,Ballyvarra,Mail,2
2,11:20,0901,Brendan,Shearer,Ardvane,Mail,11
2,11:20,1933,Cathal,Haig,Strathcorrie,Pilot,4
2,11:21,1706,Fraser,Inglis,Torrandhu,Tender,4
2,11:24,1553,Barbara,Burns,Inverlash,Fishing,23
2,11:24,2386,Tavis,Kemlo,Lannagh,Fishing,15
2,11:25,1113,Lily,Galbraith,Ardvane,Fishing,13
2,11:26,0143,Andrew,McGovern,Balnacrae,Mail,8
2,11:28,0699,Ailie,Coutts,Port Tolland,Tender,17
2,11:29,0517,Marla,Quinlan,Port Tolland,Pilot,6
2,11:29,0820,Bessie,Lennie,Polbrae,Fishing,9
2,11:30,1715,Maisie,Fullarton,Kilvarra,Mail,9
2,11:32,0290,Cecil,Devlin,Lannagh,Pilot,21
2,11:32,0958,Rhona,Mitchell,Strathcorrie,Mail,10
2,11:32,2195,Karen,Feeney,Polbrae,Mail,10
2,11:33,0779,Robert,Ewing,Balnacrae,Fishing,10
2,11:34,1256,Clara,Midgley,Ardvane,Tender,18
2,11:34,1575,Robin,Treacy,Kirkwhinnie,Mail,10
2,11:34,1854,Mary,Farrell,Ballyvarra,Pilot,21
2,11:37,1912,Ernest,Carey,Inverlash,Fishing,9
2,11:38,1476,Oscar,Buist,Port Tolland,Tender,16
2,11:38,1980,Cormac,Ross,Kirkwhinnie,Mail,1
2,11:40,0467,Bram,Tait,Torrandhu,Tender,19
2,11:41,0802,Thomas,Troup,Skellan,Tender,24
2,11:41,1059,Calum,Rae,Skellan,Mail,6
2,11:41,1316,Gwyneth,Hardcastle,Ballyvarra,Tender,21
2,11:42,0721,Oscar,Elder,Balnacrae,Mail,20
2,11:43,2102,Lilias,Oddy,Bayle,Pilot,10
2,11:45,1311,Arran,Crichton,Kilvarra,Tender,20
2,11:45,1516,Fraser,MacPhail,Torrandhu,Mail,14
2,11:46,0504,Dunstan,Halliday,Kirkwhinnie,Fishing,20
2,11:46,1189,Lucas,Baird,Lannagh,Fishing,15
2,11:46,1376,Stella,Petrie,Ballyvarra,Tender,21
2,11:47,0989,Vina,Yule,Inverlash,Pilot,17
2,11:50,0631,Elsie,Buist,Carrowby,Tender,14
2,11:50,1419,Rachel,Dalgleish,Balnacrae,Tender,5
2,11:50,2197,Irene,Donaldson,Ardvane,Mail,2
2,11:52,2162,Colin,Farquhar,Kilvarra,Pilot,12
2,11:53,0061,Fraser,Dunlop,Ardvane,Mail,6
2,11:54,1005,Evan,Donnelly,Kirkwhinnie,Tender,12
2,11:55,0738,Greta,Madigan,Kirkwhinnie,Tender,9
2,11:55,0921,Kester,Thorburn,Polbrae,Tender,1
2,11:56,1405,Dunstan,Grieve,Port Tolland,Tender,18
2,11:56,2112,Edgar,Tennant,Strathcorrie,Fishing,24
2,11:57,0327,Martin,Lyon,Port Tolland,Fishing,13
2,11:57,0998,Barbara,Ramsay,Torrandhu,Mail,9
2,11:58,1368,Isobel,Maxwell,Ballyvarra,Fishing,24
2,11:59,0103,Molly,Balfour,Bayle,Pilot,21
2,11:59,1032,Myra,Bulmer,Bayle,Fishing,3
2,12:02,1417,Bridget,Dunsire,Inverlash,Pilot,9
2,12:03,0626,Basil,Metcalfe,Port Tolland,Mail,13
2,12:03,0826,Fiona,Hardie,Polbrae,Pilot,20
2,12:04,0450,Ishbel,Pogson,Port Tolland,Mail,21
2,12:05,0119,Agnes,Morton,Strathcorrie,Fishing,7
2,12:07,0495,Quinn,Donnelly,Ardvane,Tender,13
2,12:07,1556,Helen,Bonar,Port Tolland,Mail,13
2,12:08,0639,Bryce,McLaren,Port Tolland,Mail,20
2,12:10,0825,Leonie,Lister,Inverlash,Tender,4
2,12:12,2310,Myra,Lynch,Balnacrae,Pilot,4
2,12:14,0576,Harry,Kinnaird,Balnacrae,Pilot,6
2,12:14,1436,Adair,Nolan,Polbrae,Mail,24
2,12:14,1506,Jacob,Stark,Bayle,Mail,18
2,12:15,0651,Joan,Ruthven,Kirkwhinnie,Tender,5
2,12:16,1331,Vina,Rollo,Skellan,Tender,17
2,12:16,1552,Anson,Nicoll,Kirkwhinnie,Tender,10
2,12:17,1346,Wendy,Murtagh,Skellan,Tender,15
2,12:18,1717,Gilbert,Bisset,Strathcorrie,Tender,20
2,12:19,0486,Eilidh,Fyvie,Port Tolland,Pilot,20
2,12:19,1031,Damian,Ogg,Lannagh,Tender,19
2,12:19,2341,Thea,Hardcastle,Achnabrae,Tender,21
2,12:20,0526,Audrey,Petrie,Skellan,Tender,7
2,12:20,0783,Steven,Murchison,Balnacrae,Fishing,18
2,12:20,1703,Corrie,Mowat,Ardvane,Tender,14
2,12:21,1803,Seamus,Wotherspoon,Carrowby,Pilot,20
2,12:22,0038,Stella,Aitken,Bayle,Fishing,22
2,12:24,0150,Eliza,Yuill,Inverlash,Mail,20
2,12:24,1755,Gillian,Lyon,Kilvarra,Mail,20
2,12:27,1814,Mairi,Sangster,Rathvarra,Mail,14
2,12:29,0243,Steven,Birrell,Ardvane,Pilot,5
2,12:29,1495,Seonag,Kilgour,Kilvarra,Fishing,9
2,12:29,1635,Gillian,Fleming,Ballyvarra,Mail,9
2,12:29,2271,Nessie,Fothergill,Achnabrae,Tender,20
2,12:29,2311,Archie,Baird,Strathcorrie,Pilot,12
2,12:30,1487,Henry,Eccles,Balnacrae,Mail,17
2,12:30,1600,Harry,Galbraith,Kilvarra,Fishing,8
2,12:34,1398,Nadia,Murtagh,Port Tolland,Fishing,16
2,12:34,2153,Gwen,Scanlon,Achnabrae,Tender,10
2,12:35,1528,Karen,Doran,Carrowby,Mail,16
2,12:37,1919,Adair,Uttley,Torrandhu,Tender,20
2,12:39,0309,Walter,Wylie,Torrandhu,Mail,9
2,12:41,0387,Sorley,Sinclair,Bayle,Mail,4
2,12:41,0464,Iona,Ackroyd,Ballyvarra,Pilot,4
2,12:41,2050,Sean,Nimmo,Lannagh,Tender,9
2,12:42,1603,Paula,Charnock,Ballyvarra,Mail,19
2,12:43,0944,Edna,McGovern,Polbrae,Pilot,21
2,12:47,2339,Cecil,Malloch,Balnacrae,Pilot,9
2,12:49,1168,Janet,Dolan,Lannagh,Tender,13
2,12:49,1807,Carys,Kenny,Bayle,Mail,5
2,12:49,1848,Lucas,Duggan,Ballyvarra,Mail,11
2,12:50,2353,Kirstin,Goudie,Achnabrae,Fishing,19
2,12:52,1670,Mabel,Cockburn,Kilvarra,Fishing,7
2,12:53,1279,Leonie,Russell,Kirkwhinnie,Mail,12
2,12:53,2147,Olive,Craigie,Torrandhu,Pilot,9
2,12:54,0195,Eamon,Rattray,Kirkwhinnie,Tender,14
2,12:54,0926,Steven,Mair,Strathcorrie,Fishing,9
2,12:54,1145,Molly,Nimmo,Strathcorrie,Pilot,21
2,12:54,1362,Emmet,Midgley,Balnacrae,Mail,9
2,12:55,0717,Rhona,MacInnes,Bayle,Pilot,13
2,12:56,2011,Sean,Callaghan,Achnabrae,Tender,4
2,12:56,2168,Frank,Sheridan,Achnabrae,Pilot,14
2,12:58,1789,Damian,Nesbitt,Ardvane,Mail,3
2,12:59,0904,Karen,Mulhern,Bayle,Mail,10
2,13:00,0374,Hugh,Hegarty,Polbrae,Fishing,7
2,13:01,1269,Peigi,Canning,Torrandhu,Pilot,21
2,13:03,0166,Esmond,Cassidy,Kilvarra,Fishing,12
2,13:03,0357,Malcolm,Dewar,Bayle,Mail,6
2,13:07,1747,Arran,Moran,Achnabrae,Mail,9
2,13:08,2142,Anabel,Moran,Achnabrae,Tender,6
2,13:09,0949,Gavin,Steel,Kirkwhinnie,Mail,17
2,13:11,0478,Vernon,Lockhart,Strathcorrie,Tender,10
2,13:17,0488,Annabel,Kerr,Polbrae,Tender,11
2,13:19,0200,Harry,Fenton,Ballyvarra,Pilot,9
2,13:21,0235,Brodie,Mulcahy,Balnacrae,Mail,12
2,13:23,0124,Murdo,Duggan,Achnabrae,Fishing,7
2,13:25,1394,Miriam,Niven,Rathvarra,Mail,19
2,13:25,1750,Warren,Sheridan,Skellan,Fishing,22
2,13:25,2273,Moira,Stark,Bayle,Mail,14
2,13:26,1839,Moira,Cairns,Polbrae,Mail,2
2,13:28,0685,Colin,Rawcliffe,Balnacrae,Pilot,6
2,13:28,1964,George,Tonner,Polbrae,Pilot,20
2,13:29,1718,Tobin,Gaukroger,Balnacrae,Pilot,3
2,13:33,1496,Pearl,Milne,Rathvarra,Mail,16
2,13:34,0666,Ronald,Mooney,Carrowby,Mail,16
2,13:34,1237,Gregor,Elphinstone,Ballyvarra,Pilot,20
2,13:34,1899,Albert,Buist,Ballyvarra,Tender,7
2,13:38,1478,Jonas,Garvock,Carrowby,Mail,15
2,13:39,0093,Glenn,McGovern,Strathcorrie,Tender,6
2,13:46,0358,Finlay,Kidston,Polbrae,Mail,22
2,13:49,0372,Rhoda,Lauder,Strathcorrie,Mail,12
2,13:49,1979,Freya,Lockhart,Bayle,Mail,24
2,13:51,0003,Finlay,Dewar,Inverlash,Pilot,11
2,13:53,1681,Dermot,Mavor,Ballyvarra,Tender,4
2,13:54,0866,Ellen,Torrance,Ardvane,Pilot,6
2,13:57,2069,Ada,Abernethy,Strathcorrie,Pilot,2
2,14:00,2143,Ada,Torrance,Ballyvarra,Mail,21
2,14:03,0191,Kirstin,Tierney,Inverlash,Mail,11
2,14:05,2268,Molly,Harkness,Bayle,Fishing,24
2,14:08,1241,Rhoda,Moncrieff,Inverlash,Pilot,13
2,14:09,1504,Gideon,Carson,Polbrae,Pilot,10
2,14:09,1578,Garth,Agnew,Carrowby,Fishing,15
2,14:09,2169,Gregor,Kynoch,Kirkwhinnie,Pilot,12
2,14:11,0658,Isaac,Hogg,Lannagh,Pilot,9
2,14:14,0400,Sadie,Dougan,Skellan,Fishing,23
2,14:15,0161,Alana,Rourke,Ballyvarra,Mail,22
2,14:15,1492,Isaac,Dunsire,Port Tolland,Mail,15
2,14:16,1458,Rhona,Sheridan,Kirkwhinnie,Pilot,4
2,14:18,1609,Fenella,Gaukroger,Balnacrae,Pilot,8
2,14:19,1448,Sarah,Kershaw,Port Tolland,Fishing,4
2,14:20,0928,Warren,Tonner,Strathcorrie,Mail,15
2,14:24,1412,Hollie,Coyle,Bayle,Fishing,9
2,14:25,0201,Lorna,Todd,Kilvarra,Mail,8
2,14:26,2284,Lucas,Doran,Polbrae,Mail,3
2,14:27,1211,Rowan,Riddell,Achnabrae,Fishing,6
2,14:30,1659,Clarissa,Quigley,Bayle,Mail,1
2,14:31,0892,Euan,Sugden,Strathcorrie,Pilot,20
2,14:32,0587,Nathan,Sandeman,Ardvane,Fishing,8
2,14:33,0197,Harold,Tolan,Ardvane,Fishing,5
2,14:34,1479,Rose,Bisset,Kirkwhinnie,Tender,20
2,14:36,0778,Maureen,Semple,Ardvane,Pilot,24
2,14:40,1820,Calum,Sugden,Polbrae,Pilot,21
2,14:41,1186,Rowan,Cowan,Port Tolland,Mail,15
2,14:45,0816,Gideon,Laidlaw,Port Tolland,Mail,8
2,14:46,0252,Olive,Gemmell,Ballyvarra,Pilot,21
2,14:49,2382,Peigi,Keane,Achnabrae,Tender,20
2,14:52,2065,Peigi,Logan,Kirkwhinnie,Pilot,6
2,14:53,0624,Kester,Doig,Skellan,Pilot,4
2,14:58,1620,Helen,Metcalfe,Polbrae,Pilot,10
2,15:02,1369,Tara,Moncur,Port Tolland,Tender,11
2,15:02,1460,Mhairi,MacBride,Polbrae,Fishing,5
2,15:02,2241,Michael,Thorburn,Ballyvarra,Mail,7
2,15:03,0471,Fintan,MacIver,Inverlash,Mail,7
2,15:04,1637,Ewan,Keddie,Strathcorrie,Pilot,7
2,15:07,1474,Zander,Gibson,Lannagh,Fishing,15
2,15:08,0875,Quentin,Hegarty,Kirkwhinnie,Tender,9
2,15:11,1579,Dunstan,Forbes,Bayle,Fishing,3
2,15:14,1586,Niall,Munro,Bayle,Mail,16
2,15:15,0766,Myra,Tonner,Kirkwhinnie,Fishing,3
2,15:17,1276,Seonag,Gowans,Port Tolland,Mail,13
2,15:22,2292,Philip,Rattray,Bayle,Mail,16
2,15:24,1240,Eamon,Rutherford,Torrandhu,Tender,21
2,15:27,1837,Quinn,Mavor,Polbrae,Fishing,12
2,15:36,2108,Edith,Nimmo,Rathvarra,Fishing,10
2,15:45,1779,Eric,Graham,Kirkwhinnie,Fishing,5
2,15:46,1379,Edgar,Bowman,Carrowby,Tender,20
2,15:47,1190,Iona,Bryden,Kirkwhinnie,Mail,4
2,15:50,0888,Dylan,Gaukroger,Balnacrae,Fishing,13
2,15:53,0160,Kieran,Lennie,Carrowby,Fishing,7
2,15:56,1785,Bella,Ramsay,Ballyvarra,Pilot,9
2,15:57,1846,Arran,Quinlan,Port Tolland,Pilot,24
2,16:00,1881,Jean,Dalziel,Polbrae,Pilot,19
2,16:08,1940,Rhoda,Hogan,Port Tolland,Fishing,21
2,16:09,0102,Keir,Delaney,Lannagh,Pilot,14
2,16:11,2025,Gordon,Cumming,Ballyvarra,Fishing,20
2,16:15,0630,Jarvis,Maxwell,Polbrae,Mail,3
2,16:17,0547,Dara,Logan,Bayle,Mail,3
2,16:17,2238,Yolanda,Daly,Ardvane,Pilot,13
2,16:23,1685,Maureen,Soutar,Inverlash,Mail,20
2,16:25,0154,Niall,Dougan,Strathcorrie,Tender,11
2,16:25,0610,Marla,Thain,Carrowby,Pilot,1
2,16:27,1984,Eamon,Johnstone,Polbrae,Pilot,13
2,16:28,0681,Samuel,Darroch,Port Tolland,Tender,5
2,16:31,0449,Marcus,Veitch,Balnacrae,Fishing,18
2,16:49,0557,Zelda,Comrie,Kilvarra,Mail,8
2,16:53,1663,Ross,Pickles,Polbrae,Pilot,19
2,16:55,1583,George,Mitchell,Bayle,Fishing,10
2,16:57,0798,Violet,Flanagan,Ballyvarra,Fishing,20
2,17:00,1079,Esmond,Carson,Lannagh,Mail,7
2,17:01,1778,Gideon,Scobie,Kirkwhinnie,Fishing,19
2,17:05,0979,Isobel,Whitaker,Rathvarra,Fishing,24
2,17:07,1898,Dunstan,Mowat,Achnabrae,Mail,21
2,17:15,1868,Nancy,Pirie,Polbrae,Mail,21
2,17:16,0432,Vera,Kirkland,Balnacrae,Mail,4
2,17:16,2053,Ada,Will,Achnabrae,Fishing,11
2,17:20,1391,Alec,Hardie,Port Tolland,Pilot,5
2,17:20,1883,Philip,Scobie,Ballyvarra,Fishing,20
2,17:23,1805,Ailie,Rankin,Achnabrae,Mail,10
2,17:24,1606,Anabel,Cowie,Inverlash,Fishing,2
2,17:25,1826,Selina,Simpson,Polbrae,Tender,10
2,17:29,2325,Marsali,Meikle,Kirkwhinnie,Mail,9
2,17:30,1021,Nessie,Kilgour,Port Tolland,Fishing,18
2,17:37,2021,Connor,Chalmers,Skellan,Pilot,20
2,17:39,2393,Andrew,Cairns,Balnacrae,Mail,22
2,17:48,1550,Corrie,Curran,Achnabrae,Mail,11
2,17:52,0885,Sheila,Spence,Lannagh,Pilot,21
2,17:56,1406,Petra,MacPhail,Polbrae,Pilot,22
2,17:58,1672,Adair,Ingham,Balnacrae,Pilot,15
2,18:03,2280,Lilias,Dunlop,Carrowby,Fishing,22
2,18:04,2026,Philip,Peden,Port Tolland,Mail,12
2,18:07,1921,Evelyn,Kehoe,Ardvane,Pilot,5
2,18:21,1118,Glenn,Geddes,Strathcorrie,Fishing,5
2,18:28,0218,Gillian,Bancroft,Kirkwhinnie,Tender,4
3,06:30,1249,Nathan,Rafferty,Torrandhu,Fishing,9
3,06:30,2209,Faye,Pirie,Bayle,Tender,20
3,06:37,1792,Ailie,Tennant,Bayle,Mail,12
3,06:49,0584,Miriam,Wood,Ballyvarra,Fishing,20
3,06:55,0261,Harry,Fettes,Kirkwhinnie,Fishing,23
3,07:00,0274,Reuben,McLaren,Ballyvarra,Fishing,9
3,07:03,0659,Johan,Noonan,Balnacrae,Tender,11
3,07:09,1125,Edith,Bowman,Ballyvarra,Pilot,20
3,07:10,0212,Stewart,Connolly,Polbrae,Mail,20
3,07:12,2400,Maureen,Beattie,Polbrae,Tender,3
3,07:16,1332,Felix,Stark,Lannagh,Fishing,17
3,07:23,2363,Bryce,Wardlaw,Port Tolland,Mail,10
3,07:32,1876,Flora,Toomey,Torrandhu,Pilot,6
3,07:36,1008,Maxwell,Cowie,Carrowby,Mail,12
3,07:59,0975,Clara,Gourlay,Torrandhu,Mail,13
3,08:16,1653,Stewart,Madigan,Balnacrae,Mail,12
3,08:21,1350,Clarissa,Dunne,Port Tolland,Fishing,22
3,08:26,0539,Abigail,Fullarton,Balnacrae,Fishing,7
3,08:51,0476,Cyril,Midgley,Lannagh,Pilot,12
3,09:03,0874,Isaac,Cowie,Bayle,Fishing,3
3,09:05,1714,Mhairi,Donaldson,Torrandhu,Tender,2
3,09:06,0158,Teresa,Fleming,Achnabrae,Pilot,4
3,09:06,0569,Ernest,Brennan,Achnabrae,Mail,20
3,09:07,0094,Kieran,Fagan,Achnabrae,Tender,3
3,09:08,0873,Dean,Joyce,Ardvane,Fishing,20
3,09:09,2009,Frances,Moncrieff,Balnacrae,Fishing,10
3,09:13,1905,Petra,Ruthven,Ardvane,Mail,10
3,09:15,2049,Alastair,Hennessy,Port Tolland,Mail,22
3,09:29,0127,Violet,Rae,Torrandhu,Fishing,19
3,09:33,2121,Jasper,Spence,Port Tolland,Tender,1
3,09:41,1749,Leonie,Meikle,Achnabrae,Pilot,20
3,09:48,1585,Rachel,Garside,Balnacrae,Fishing,21
3,09:56,1051,Jacob,Moncur,Kirkwhinnie,Tender,12
3,10:03,0768,Cyril,Sandeman,Torrandhu,Fishing,23
3,10:06,0428,Murdo,Tolmie,Achnabrae,Tender,23
3,10:17,1830,Sean,Gaukroger,Strathcorrie,Mail,10
3,10:17,1966,Kieran,Mulligan,Torrandhu,Mail,9
3,10:18,1607,Odile,Fairbairn,Torrandhu,Mail,13
3,10:19,0230,Finlay,McKenzie,Torrandhu,Mail,22
3,10:25,2396,Christina,Pirie,Ballyvarra,Mail,9
3,10:28,1989,Lewis,Kirk,Balnacrae,Pilot,21
3,10:29,2091,Tavis,Foley,Ardvane,Mail,1
3,10:30,0863,Alastair,Eadie,Torrandhu,Mail,5
3,10:33,2164,Maxwell,Regan,Ardvane,Pilot,20
3,10:34,2198,Adair,Whelan,Balnacrae,Pilot,17
3,10:37,2226,Isobel,Coburn,Ballyvarra,Fishing,5
3,10:40,2397,Carla,Kavanagh,Ardvane,Mail,23
3,10:43,0454,Christina,Dougan,Polbrae,Mail,10
3,10:44,0653,Violet,Cargill,Inverlash,Fishing,14
3,10:46,0431,Ronald,Brierley,Torrandhu,Fishing,8
3,10:47,2010,Bram,Cairns,Polbrae,Pilot,11
3,10:48,2207,Elspet,Maguire,Bayle,Mail,7
3,10:50,1643,Annie,Logan,Torrandhu,Tender,1
3,10:53,2296,Judith,Keddie,Inverlash,Pilot,20
3,10:54,0841,Vernon,Tierney,Polbrae,Fishing,3
3,10:54,1438,Effie,Bancroft,Carrowby,Mail,10
3,10:55,1595,Cora,Finlayson,Achnabrae,Mail,1
3,10:57,0381,Kenna,Rawcliffe,Kilvarra,Mail,7
3,10:58,0224,Edgar,Tonner,Polbrae,Mail,21
3,10:58,1234,Kieran,Devlin,Rathvarra,Fishing,15
3,11:00,2201,Hugh,Mackie,Inverlash,Tender,20
3,11:01,1377,Glenn,Kinsella,Port Tolland,Tender,23
3,11:03,0629,Stewart,Tordoff,Polbrae,Pilot,10
3,11:06,0515,Neil,Stirling,Strathcorrie,Fishing,9
3,11:06,1131,Edith,Taggart,Carrowby,Pilot,2
3,11:07,0098,Fergus,McLaren,Port Tolland,Mail,19
3,11:07,0313,Ronald,Dalgleish,Lannagh,Mail,7
3,11:09,0775,Ruth,Kemp,Kirkwhinnie,Fishing,11
3,11:09,1682,Anabel,Wylie,Polbrae,Pilot,6
3,11:09,2035,Quinn,Buist,Strathcorrie,Fishing,3
3,11:11,0619,Eliza,Brennan,Kirkwhinnie,Pilot,13
3,11:14,0956,Christina,Tuohy,Bayle,Mail,1
3,11:15,0579,Dean,Mearns,Kirkwhinnie,Tender,24
3,11:17,0300,Adair,Haldane,Strathcorrie,Mail,20
3,11:19,0913,Marla,Moncur,Carrowby,Fishing,19
3,11:21,0743,Thea,Pitcairn,Lannagh,Fishing,10
3,11:21,1676,Torquil,Stark,Ardvane,Fishing,2
3,11:22,1409,Dunstan,Gordon,Skellan,Pilot,6
3,11:22,2342,Dolina,Shearer,Strathcorrie,Fishing,10
3,11:24,2152,Amos,Gowans,Bayle,Mail,9
3,11:26,0312,Ailie,Dunlop,Inverlash,Fishing,9
3,11:26,1179,Henry,Geddes,Kirkwhinnie,Pilot,17
3,11:29,0175,Judith,Dickson,Ardvane,Pilot,14
3,11:32,1668,Emmet,Lister,Kirkwhinnie,Mail,20
3,11:36,1573,Eilidh,Tonner,Kirkwhinnie,Fishing,16
3,11:36,1884,Esmond,Pirie,Kilvarra,Fishing,22
3,11:37,0443,Euan,Donnelly,Polbrae,Fishing,1
3,11:39,1661,Kirstin,Murchison,Balnacrae,Mail,17
3,11:40,1473,Pascal,Imrie,Carrowby,Mail,7
3,11:40,2084,Maxwell,Yardley,Bayle,Tender,5
3,11:41,2327,Ranald,Scott,Skellan,Tender,21
3,11:42,0533,Jacob,Wedderburn,Strathcorrie,Pilot,12
3,11:42,1306,Thomas,Cockburn,Kirkwhinnie,Pilot,20
3,11:47,0030,Cormac,Murtagh,Strathcorrie,Tender,5
3,11:47,2160,Nathan,Donnelly,Ballyvarra,Tender,14
3,11:51,2279,Frank,Thain,Strathcorrie,Mail,7
3,11:54,1644,Yolanda,Tully,Achnabrae,Fishing,4
3,11:58,0156,Robert,Milne,Ballyvarra,Mail,9
3,11:58,0561,Simon,Malloch,Bayle,Fishing,10
3,12:02,0665,Ruth,Clunie,Balnacrae,Tender,24
3,12:03,1036,Roland,Sinclair,Ardvane,Tender,9
3,12:03,1477,Colin,Carnegie,Polbrae,Tender,5
3,12:04,0426,Lorna,Walsh,Torrandhu,Pilot,6
3,12:07,1437,Niall,Rollo,Ardvane,Mail,13
3,12:15,0762,Ranald,Muir,Balnacrae,Fishing,7
3,12:16,1988,Arran,Henderson,Inverlash,Tender,12
3,12:18,0130,Oscar,Kehoe,Polbrae,Tender,19
3,12:18,0163,Euan,Birtwistle,Strathcorrie,Fishing,23
3,12:18,2016,Vivian,Small,Ardvane,Pilot,3
3,12:19,1025,Simon,Nimmo,Bayle,Fishing,20
3,12:19,1235,Allan,Torrance,Polbrae,Mail,19
3,12:19,1773,Marcus,Russell,Bayle,Pilot,21
3,12:22,0294,Morag,Lumb,Polbrae,Tender,14
3,12:25,2392,Duncan,Sim,Torrandhu,Fishing,24
3,12:33,2200,Gilbert,Noonan,Torrandhu,Mail,12
3,12:35,2177,Gwen,Peden,Achnabrae,Pilot,7
3,12:35,2346,Brodie,Dornan,Inverlash,Pilot,6
3,12:37,1960,Garth,Dolan,Ardvane,Mail,21
3,12:38,1295,Bertie,Reid,Kirkwhinnie,Mail,21
3,12:41,0898,Isaac,Pickles,Carrowby,Pilot,11
3,12:42,0589,Bella,Goudie,Balnacrae,Fishing,4
3,12:43,0814,Xander,Mavor,Achnabrae,Fishing,24
3,12:44,0022,Ellen,Bonnar,Strathcorrie,Pilot,19
3,12:44,0482,Clarissa,Tennant,Port Tolland,Pilot,4
3,12:45,1526,Saul,Mowat,Strathcorrie,Fishing,13
3,12:48,2264,Myra,Egan,Carrowby,Tender,7
3,12:50,1594,Sorley,Lavery,Kirkwhinnie,Mail,17
3,12:52,1162,James,Crowley,Achnabrae,Fishing,20
3,12:54,0298,Lewis,Inglis,Balnacrae,Mail,19
3,12:55,1033,Dunstan,Whitaker,Balnacrae,Pilot,12
3,12:55,1916,Alastair,Mackie,Achnabrae,Pilot,22
3,12:57,2366,Saul,Mearns,Rathvarra,Mail,4
3,13:01,0897,Fabian,Torrance,Achnabrae,Mail,20
3,13:01,1927,Jasper,Fenton,Bayle,Tender,24
3,13:02,1761,Yvonne,Bryden,Achnabrae,Fishing,1
3,13:03,0388,Simon,Galbraith,Strathcorrie,Fishing,20
3,13:06,0172,Lorcan,Crichton,Torrandhu,Fishing,9
3,13:09,0207,Faye,Farrell,Inverlash,Fishing,5
3,13:10,2144,Michael,Pogson,Kirkwhinnie,Fishing,21
3,13:12,0429,Rory,McGovern,Kirkwhinnie,Fishing,19
3,13:12,1342,Nathan,Nicoll,Port Tolland,Fishing,6
3,13:13,1082,Dermot,Nicholson,Torrandhu,Mail,21
3,13:16,1535,Noreen,MacIver,Port Tolland,Tender,12
3,13:16,2034,Miriam,Lockhart,Torrandhu,Tender,4
3,13:17,0791,Yvonne,Leslie,Lannagh,Tender,22
3,13:18,0935,Fabian,Kirkland,Inverlash,Pilot,20
3,13:22,0384,Dougal,Lyall,Ballyvarra,Mail,4
3,13:23,0364,Kenna,Dalton,Skellan,Mail,3
3,13:23,1851,Isaac,Cockburn,Ardvane,Mail,3
3,13:26,2376,Warren,Varley,Inverlash,Mail,1
3,13:27,1151,Quinn,Nairn,Ballyvarra,Mail,6
3,13:28,1134,Ailie,Noonan,Ardvane,Tender,5
3,13:33,0854,Albert,Dempsey,Balnacrae,Fishing,20
3,13:33,2216,Evelyn,Moran,Polbrae,Mail,13
3,13:35,1408,Beatrice,Deveney,Kilvarra,Fishing,16
3,13:37,1870,Neil,Boyd,Ballyvarra,Pilot,24
3,13:40,0545,Tara,Lyon,Inverlash,Mail,20
3,13:47,0406,Archie,Muir,Balnacrae,Mail,9
3,13:50,0931,Grace,Wilkinson,Inverlash,Pilot,20
3,13:51,1411,Ellen,Agnew,Achnabrae,Pilot,7
3,13:57,2041,Zelda,Thomson,Balnacrae,Fishing,19
3,13:59,0213,Philip,Lyon,Ballyvarra,Tender,21
3,13:59,1614,Barbara,McDiarmid,Skellan,Mail,7
3,14:03,0283,Duncan,Spence,Kirkwhinnie,Mail,12
3,14:10,0421,Nancy,Doig,Port Tolland,Tender,17
3,14:17,0733,Simon,Coburn,Inverlash,Fishing,12
3,14:20,1679,Tara,Walsh,Torrandhu,Pilot,3
3,14:28,0691,Darragh,Rafferty,Strathcorrie,Pilot,3
3,14:30,0014,Quentin,Mulcahy,Bayle,Fishing,4
3,14:30,1213,Calum,Dalgleish,Kirkwhinnie,Fishing,13
3,14:34,0978,Glenn,Norrie,Polbrae,Pilot,11
3,14:35,2211,Wallace,Moxon,Balnacrae,Tender,4
3,14:38,0318,Gemma,Sinclair,Kilvarra,Pilot,11
3,14:38,0633,Bella,Taggart,Strathcorrie,Tender,21
3,14:39,1191,Vina,Normanton,Inverlash,Fishing,5
3,14:39,2161,Norman,Wood,Port Tolland,Mail,7
3,14:46,1467,Zander,Cuthbert,Inverlash,Fishing,23
3,14:47,1720,Henry,McGillivray,Achnabrae,Pilot,12
3,14:51,0459,Eliza,Meikle,Balnacrae,Mail,19
3,14:53,0881,Roland,Logan,Polbrae,Fishing,4
3,14:57,1278,Moira,MacIver,Torrandhu,Tender,20
3,15:03,1724,Connor,Gillespie,Lannagh,Fishing,12
3,15:04,0963,Lorna,Curran,Lannagh,Fishing,20
3,15:06,1917,Dougal,Mavor,Kirkwhinnie,Mail,8
3,15:17,2277,Arran,Tough,Bayle,Tender,23
3,15:28,1557,Finlay,Dempsey,Torrandhu,Tender,1
3,15:34,1904,Seamus,Gillespie,Torrandhu,Tender,11
3,15:38,1285,Anabel,Torrance,Torrandhu,Fishing,12
3,15:49,1096,Jean,Dunsire,Torrandhu,Pilot,17
3,15:50,1015,Judith,Morton,Strathcorrie,Mail,4
3,15:57,1932,Nadia,MacInnes,Polbrae,Mail,22
3,15:57,2294,Darragh,Dawson,Kirkwhinnie,Pilot,11
3,16:02,0818,Tristan,Donaldson,Achnabrae,Tender,5
3,16:02,1315,Wilfred,Daly,Kirkwhinnie,Mail,7
3,16:06,0013,Callum,Mavor,Ballyvarra,Mail,9
3,16:12,0560,Tobin,Gilchrist,Kirkwhinnie,Fishing,22
3,16:12,1615,Cecil,Coyle,Rathvarra,Tender,20
3,16:13,1101,Rachel,Bryden,Ardvane,Fishing,7
3,16:19,0819,Evelyn,Sugden,Ballyvarra,Pilot,22
3,16:34,1936,Ruby,Inglis,Kirkwhinnie,Fishing,8
3,16:38,1799,Ulric,Ritchie,Ballyvarra,Tender,22
3,16:42,1522,Philip,Leckie,Port Tolland,Pilot,1
3,16:48,1795,Douglas,Moncur,Ardvane,Pilot,11
3,16:56,2079,Morgan,Kenny,Rathvarra,Mail,17
3,17:15,1110,Nora,Kynoch,Achnabrae,Tender,15
3,17:22,2146,Peggy,Nimmo,Strathcorrie,Mail,20
3,17:32,0845,Daisy,Halliday,Balnacrae,Mail,23
3,17:48,0266,Vina,Kinnaird,Ballyvarra,Pilot,21
3,17:55,1020,Ulric,Wotherspoon,Kirkwhinnie,Tender,2
3,17:58,1507,Elsie,Mair,Strathcorrie,Pilot,20
3,18:04,0153,Kenna,Cargill,Torrandhu,Mail,7
3,18:17,2125,Molly,Duthie,Balnacrae,Fishing,21
3,18:17,2187,Fiona,Cuthbert,Kirkwhinnie,Tender,11
3,18:22,0146,Evan,Pollock,Balnacrae,Pilot,24
3,18:25,1447,Gertrude,Slattery,Torrandhu,Fishing,20
3,18:29,0139,Sarah,Baird,Balnacrae,Mail,2
4,07:24,1017,Barbara,Bulmer,Kirkwhinnie,Pilot,13
4,07:26,2233,Nora,Ramsden,Polbrae,Fishing,1
4,07:46,2031,Elias,Ramsden,Inverlash,Tender,22
4,07:58,0782,Molly,Curran,Ardvane,Pilot,24
4,08:08,0123,Roisin,Kerr,Rathvarra,Fishing,8
4,08:10,1351,Edith,Ramsden,Torrandhu,Pilot,20
4,08:27,0085,Rhoda,Harkness,Bayle,Pilot,8
4,08:32,1589,Tara,Lockhart,Ardvane,Mail,18
4,08:41,0591,Enid,McDiarmid,Kirkwhinnie,Tender,19
4,08:48,0948,Abigail,Logan,Achnabrae,Tender,7
4,09:05,0915,Marla,Steel,Torrandhu,Mail,21
4,09:22,0010,Steven,Will,Inverlash,Pilot,11
4,09:28,1035,Violet,Finnegan,Ardvane,Mail,19
4,09:32,1791,Kenna,Milne,Bayle,Mail,10
4,09:39,1314,Bryce,Fagan,Polbrae,Fishing,21
4,09:48,1956,Irene,Eastwood,Strathcorrie,Mail,23
4,09:56,0908,Irene,Scanlon,Torrandhu,Tender,19
4,09:57,2167,Ruby,Ramsay,Ballyvarra,Pilot,20
4,10:04,0552,Clarissa,Lumb,Inverlash,Pilot,4
4,10:09,0835,Brendan,Lauder,Strathcorrie,Mail,24
4,10:22,0302,Dunstan,Tennant,Strathcorrie,Tender,20
4,10:29,2230,Elsie,Stirling,Ballyvarra,Tender,14
4,10:33,1019,Clara,Corsar,Ballyvarra,Pilot,8
4,10:36,1177,Michael,Kidd,Ballyvarra,Mail,4
4,10:39,1022,Joan,Kemlo,Kilvarra,Fishing,10
4,10:42,1502,Una,Lowrie,Polbrae,Tender,7
4,10:49,1273,Barbara,Proctor,Bayle,Mail,1
4,10:52,1664,Martha,Ross,Torrandhu,Pilot,5
4,11:03,1167,Michael,Birrell,Ballyvarra,Tender,21
4,11:04,0377,Lewis,Cowan,Bayle,Fishing,3
4,11:15,2276,Hannah,Wylie,Rathvarra,Mail,20
4,11:20,1801,Hannah,Taggart,Achnabrae,Pilot,4
4,11:24,0073,Meredith,Bisset,Ballyvarra,Tender,11
4,11:24,1493,Calum,Mearns,Torrandhu,Tender,22
4,11:27,0436,Xander,Ackroyd,Lannagh,Mail,11
4,11:28,2390,Vivian,Smart,Achnabrae,Tender,24
4,11:32,2278,Lucas,Cairns,Polbrae,Fishing,21
4,11:37,1775,Brodie,Tully,Carrowby,Mail,20
4,11:42,0556,Cerys,Jamieson,Torrandhu,Pilot,3
4,11:43,1141,Malcolm,Thomson,Polbrae,Tender,24
4,11:52,1245,Edgar,Mitchell,Kirkwhinnie,Fishing,7
4,11:52,1361,Daisy,Tully,Achnabrae,Mail,7
4,11:53,0461,Peigi,Deveney,Polbrae,Fishing,7
4,11:53,0765,Alec,Walsh,Balnacrae,Pilot,20
4,11:54,0959,Ulric,Nolan,Torrandhu,Fishing,10
4,11:59,2058,Ivor,Whyte,Kirkwhinnie,Mail,7
4,12:06,0857,Eric,Dalgarno,Achnabrae,Pilot,11
4,12:06,1935,Clara,Tosh,Rathvarra,Mail,7
4,12:11,0361,George,Elder,Achnabrae,Mail,23
4,12:15,1957,Violet,Gormley,Strathcorrie,Pilot,2
4,12:16,0334,Quentin,Birrell,Balnacrae,Mail,14
4,12:17,0398,Meredith,Leslie,Strathcorrie,Mail,10
4,12:22,0481,Sadie,Soutar,Polbrae,Mail,6
4,12:31,0641,Sheila,Livingstone,Kirkwhinnie,Tender,3
4,12:31,1576,Marla,Logan,Strathcorrie,Tender,7
4,12:32,0295,Craig,Comrie,Achnabrae,Mail,12
4,12:56,1872,Orla,Hogg,Ballyvarra,Mail,4
4,12:59,0493,Wallace,Sugden,Torrandhu,Pilot,13
4,13:09,1834,Jean,Mathieson,Torrandhu,Mail,7
4,13:10,1802,Rowan,Maxwell,Balnacrae,Tender,21
4,13:24,1455,Odile,Harkness,Achnabrae,Pilot,12
4,13:59,0128,Cecil,Stobie,Inverlash,Pilot,19
4,14:10,1465,Lily,Hegarty,Bayle,Mail,13
4,14:15,2340,Ingrid,Buchanan,Achnabrae,Tender,20
4,14:46,1841,Molly,Stoddart,Strathcorrie,Mail,22
4,15:18,0323,Frank,Crichton,Bayle,Mail,6
4,15:38,0945,Fabian,Nicholson,Bayle,Mail,1
4,15:43,1018,Niall,Ogilvie,Polbrae,Tender,21
4,16:01,1649,Vera,Forbes,Balnacrae,Fishing,21
4,16:47,2381,Odile,Keane,Bayle,Pilot,20
4,17:25,0571,Wilfred,Young,Port Tolland,Mail,5
4,17:56,0919,Alistair,Sutherland,Torrandhu,Mail,1
4,18:30,1450,Norman,Fairbairn,Ardvane,Fishing,11
5,07:04,1239,Hannah,Carey,Strathcorrie,Fishing,16
5,07:07,0214,Morag,Joyce,Polbrae,Pilot,21
5,07:39,1836,Roisin,Kearney,Ballyvarra,Tender,9
5,07:54,0769,Grace,Lamont,Kirkwhinnie,Mail,24
5,08:02,1738,Cerys,Crichton,Balnacrae,Pilot,1
5,08:13,1228,Damian,Loudon,Achnabrae,Tender,14
5,08:16,0679,Lydia,Hunter,Ballyvarra,Fishing,24
5,08:43,0477,Gwen,Fallon,Achnabrae,Fishing,20
5,09:18,2078,Lewis,Kilgour,Port Tolland,Mail,5
5,09:20,0598,Alec,Quinlan,Ardvane,Fishing,12
5,09:29,1000,Anabel,Carmichael,Strathcorrie,Mail,5
5,09:33,2260,George,Kerr,Kirkwhinnie,Mail,24
5,09:43,0704,Stanley,Barraclough,Strathcorrie,Mail,13
5,09:51,1422,Ingrid,Canning,Port Tolland,Pilot,20
5,09:51,2359,Cyril,Marr,Ballyvarra,Tender,7
5,09:52,1200,Innes,Coburn,Torrandhu,Fishing,4
5,10:01,0749,Gavin,Fettes,Kirkwhinnie,Fishing,12
5,10:03,0221,Shona,Skene,Kirkwhinnie,Fishing,4
5,10:08,0206,Carla,McCulloch,Kirkwhinnie,Pilot,7
5,10:18,0829,Agnes,Kidston,Kilvarra,Pilot,3
5,10:21,1622,Agnes,Mahon,Bayle,Mail,8
5,10:41,1135,Ruby,Eastwood,Port Tolland,Mail,5
5,10:46,0083,Agnes,Curran,Port Tolland,Tender,5
5,10:46,0694,Finlay,Livingstone,Ardvane,Mail,4
5,10:49,1767,Lucas,Keddie,Port Tolland,Mail,1
5,10:51,1658,Harold,Nugent,Polbrae,Fishing,10
5,11:06,0508,Sean,Doig,Port Tolland,Pilot,7
5,11:06,1696,Martin,Nesbitt,Inverlash,Fishing,16
5,11:09,2357,Mhairi,Joyce,Skellan,Mail,21
5,11:10,1977,Paula,Noonan,Balnacrae,Mail,6
5,11:18,0758,Marsali,Buchanan,Carrowby,Fishing,4
5,11:19,0966,Norman,Kemp,Port Tolland,Mail,16
5,11:30,1534,Saul,Whelan,Balnacrae,Mail,21
5,11:32,1386,Jacob,Calvert,Balnacrae,Pilot,16
5,11:35,0162,Niall,Hennessy,Strathcorrie,Mail,20
5,11:41,1061,Yvonne,Kirwan,Kilvarra,Mail,4
5,11:44,2123,Greta,Lyon,Carrowby,Fishing,3
5,12:03,2330,Molly,MacNab,Ballyvarra,Mail,6
5,12:03,2372,Glenn,Boyd,Inverlash,Mail,7
5,12:14,1260,Albert,Hislop,Bayle,Fishing,9
5,12:16,0646,Marsali,Livingstone,Inverlash,Mail,6
5,12:19,1972,Vina,Mavor,Torrandhu,Pilot,15
5,12:23,1152,Neil,Hegarty,Strathcorrie,Mail,20
5,12:25,1352,Clara,Mair,Torrandhu,Mail,20
5,12:32,2317,Seamus,Brierley,Strathcorrie,Mail,21
5,12:45,0453,Peigi,Dawson,Ardvane,Pilot,24
5,12:52,1454,Mary,Johnstone,Achnabrae,Tender,1
5,12:53,0131,Maisie,Elphinstone,Torrandhu,Mail,11
5,13:02,2217,Zelda,Hogan,Polbrae,Fishing,19
5,13:04,0273,Angus,Corsar,Polbrae,Fishing,20
5,13:08,1861,Duncan,Dempster,Balnacrae,Pilot,22
5,13:15,1518,Gillian,Whyte,Bayle,Pilot,24
5,13:35,1816,Brodie,Dargie,Inverlash,Mail,22
5,13:49,0564,Louisa,Thomson,Torrandhu,Pilot,10
5,14:04,1701,Mairi,Imrie,Skellan,Tender,3
5,14:36,0105,Pascal,Moxon,Rathvarra,Mail,5
5,14:53,0145,Rose,Buchan,Ballyvarra,Tender,21
5,14:54,2221,Freya,Craigie,Polbrae,Fishing,1
5,15:04,0595,Evan,Dodgson,Polbrae,Fishing,4
5,15:16,1914,Ailie,Ramsay,Kilvarra,Fishing,20
5,15:21,0348,Glenn,Bremner,Balnacrae,Mail,18
5,17:07,0399,Glenn,Rowand,Balnacrae,Pilot,1
5,17:29,0472,Sarah,Will,Achnabrae,Tender,9
5,17:50,0402,Alana,Sim,Inverlash,Fishing,19
5,18:05,0383,Tavis,Bancroft,Port Tolland,Pilot,11
5,18:07,2066,Christina,Cumming,Torrandhu,Pilot,20
5,18:15,2356,Ross,Smart,Ardvane,Pilot,19
6,06:53,0907,Ivor,Darroch,Achnabrae,Fishing,7
6,07:01,2015,Damian,Treacy,Ardvane,Mail,9
6,07:56,0084,Petra,Buist,Polbrae,Mail,22
6,08:22,2151,James,Kavanagh,Achnabrae,Fishing,11
6,08:23,1290,Alice,Garside,Bayle,Tender,11
6,08:44,1625,Sabina,Lister,Polbrae,Fishing,11
6,08:50,1928,Dorcas,Moffat,Torrandhu,Tender,10
6,09:10,2155,Barbara,Weir,Balnacrae,Fishing,23
6,09:30,1052,Cora,Morrison,Inverlash,Tender,13
6,09:48,0708,Cecil,Tucker,Torrandhu,Pilot,4
6,09:48,1986,Martin,Murchison,Achnabrae,Mail,2
6,10:10,1358,Morag,Smart,Inverlash,Tender,2
6,10:16,0345,Agnes,Laing,Kirkwhinnie,Mail,22
6,10:42,0209,Nessie,Tough,Kirkwhinnie,Mail,3
6,10:53,1132,Leonard,Yule,Ardvane,Fishing,16
6,10:56,0424,Wilfred,Maitland,Ardvane,Tender,11
6,10:59,2235,Yvonne,Dodgson,Ballyvarra,Pilot,21
6,11:01,1140,Orla,Storrie,Port Tolland,Fishing,1
6,11:04,0644,Lorcan,Dornan,Balnacrae,Mail,18
6,11:08,0168,Freya,Melville,Torrandhu,Mail,22
6,11:09,1873,Fenella,Coutts,Achnabrae,Pilot,11
6,11:11,1341,Colin,Pringle,Port Tolland,Pilot,9
6,11:18,1655,George,Yule,Ballyvarra,Mail,19
6,11:33,2042,Torquil,Herron,Ardvane,Tender,4
6,11:34,0395,Vivian,Moffat,Achnabrae,Tender,7
6,11:35,2057,George,Storrie,Polbrae,Mail,13
6,11:38,0242,Tristan,Dalziel,Port Tolland,Mail,11
6,11:47,1119,Amos,Slattery,Achnabrae,Fishing,11
6,11:51,1588,Flora,Oliphant,Torrandhu,Mail,4
6,11:58,2181,Ewan,Costello,Achnabrae,Pilot,24
6,12:06,1126,Wallace,Urquhart,Rathvarra,Mail,12
6,12:09,2206,Moira,Tuohy,Kilvarra,Pilot,9
6,12:15,0574,Eric,Brodie,Lannagh,Tender,18
6,12:18,0553,Vernon,Murchison,Ballyvarra,Pilot,5
6,12:20,1144,James,MacNab,Inverlash,Tender,11
6,12:32,2090,Ronald,Allardyce,Lannagh,Mail,3
6,12:39,0325,Philip,Nairn,Ardvane,Pilot,1
6,12:40,0408,Innes,Mulcahy,Ardvane,Fishing,6
6,12:47,0862,Annabel,Dunsire,Torrandhu,Mail,20
6,12:57,0006,Gordon,Mavor,Ardvane,Tender,5
6,12:58,1617,James,Cowie,Strathcorrie,Tender,3
6,12:59,1187,Morgan,Coburn,Bayle,Fishing,4
6,13:08,0434,Hamish,Young,Torrandhu,Mail,1
6,13:23,1743,Donald,Crowley,Ballyvarra,Pilot,19
6,13:30,1844,Joan,Lynch,Balnacrae,Tender,11
6,13:34,2048,Ellen,Maxwell,Port Tolland,Fishing,4
6,13:37,2127,Dorcas,Lumsden,Ballyvarra,Tender,2
6,13:40,1948,Alice,Moffat,Inverlash,Tender,12
6,13:46,0640,Gideon,Tolan,Ardvane,Tender,16
6,14:10,0430,Maisie,Mulligan,Ardvane,Pilot,19
6,14:17,1541,Dora,Keddie,Inverlash,Tender,3
6,14:17,1880,Patrick,Forbes,Bayle,Tender,9
6,14:19,0136,Angus,Veitch,Kilvarra,Fishing,18
6,14:22,0895,Isobel,Young,Kirkwhinnie,Tender,9
6,14:26,0719,Allan,Stobie,Inverlash,Mail,9
6,14:29,1043,Quinn,Lamb,Achnabrae,Pilot,1
6,14:48,1129,Leonie,Doig,Lannagh,Tender,20
6,15:04,2119,Damian,Forsyth,Port Tolland,Fishing,20
6,15:39,1623,Clarissa,Kearney,Achnabrae,Fishing,6
6,15:59,0514,Effie,Small,Polbrae,Fishing,6
6,16:00,2006,Harry,Pollock,Bayle,Mail,20
6,16:25,1050,Rachel,Nugent,Ballyvarra,Fishing,9
6,16:27,1598,Sheila,Simpson,Polbrae,Fishing,21
6,16:44,2244,Myra,Barclay,Kirkwhinnie,Pilot,21
6,17:34,1012,Nessie,Rourke,Polbrae,Mail,11
6,17:50,0346,Ewan,Aitken,Kilvarra,Pilot,24
6,17:52,2352,Miriam,Spence,Achnabrae,Mail,6
7,06:42,0565,Odile,Nesbitt,Polbrae,Pilot,20
7,06:45,0440,Marsali,Moxon,Kirkwhinnie,Tender,1
7,06:46,0606,Cyril,Bannerman,Inverlash,Mail,24
7,07:11,1105,Vina,Brennan,Strathcorrie,Mail,16
7,07:30,0002,Fabian,Buist,Bayle,Tender,23
7,08:25,0812,Seonag,Donnelly,Strathcorrie,Mail,11
7,09:05,1301,Annie,Devlin,Inverlash,Mail,23
7,09:05,2208,Violet,Sandeman,Bayle,Tender,4
7,09:13,1452,Morgan,Petrie,Port Tolland,Pilot,3
7,09:16,0275,Edgar,Orrock,Torrandhu,Mail,20
7,09:34,1216,Patrick,Turnbull,Strathcorrie,Tender,6
7,09:45,1383,Frances,Dodgson,Kirkwhinnie,Fishing,12
7,09:45,2255,Darragh,MacBride,Skellan,Mail,23
7,09:52,0794,Sadie,Proctor,Inverlash,Mail,22
7,10:05,1068,Carys,Moncrieff,Port Tolland,Tender,11
7,10:21,1660,Bryce,Elphinstone,Ardvane,Mail,9
7,10:55,1183,Stewart,Nolan,Balnacrae,Pilot,14
7,11:04,2350,Arlo,Cuthbert,Bayle,Pilot,13
7,11:06,2315,Jasper,Lyon,Polbrae,Tender,5
7,11:13,0563,Dara,Rafferty,Bayle,Fishing,10
7,11:21,0418,Kenna,Fairbairn,Kirkwhinnie,Mail,21
7,11:22,0120,Oscar,Rowand,Ballyvarra,Mail,12
7,11:23,1753,Magnus,Dornan,Carrowby,Tender,4
7,11:30,0527,Irene,Ingham,Achnabrae,Fishing,20
7,11:32,1231,Frank,Corrigan,Torrandhu,Mail,19
7,11:35,1160,Brendan,Kerr,Ballyvarra,Tender,3
7,11:37,0602,Evan,MacIver,Inverlash,Tender,21
7,11:40,1901,Susan,Nugent,Bayle,Fishing,9
7,11:41,0616,Quinn,Erskine,Ballyvarra,Pilot,4
7,11:41,1270,Imogen,Fallon,Kilvarra,Mail,20
7,11:49,1906,Thomas,Ogg,Strathcorrie,Tender,10
7,11:50,1302,Henry,Wilkinson,Torrandhu,Tender,22
7,11:53,1946,Patrick,Birtwistle,Rathvarra,Tender,21
7,12:08,0479,Norman,Tuohy,Achnabrae,Fishing,24
7,12:37,1512,Lena,Leslie,Balnacrae,Tender,4
7,12:52,0342,Vina,Eastwood,Port Tolland,Pilot,7
7,13:01,0121,Esmond,Kenny,Kirkwhinnie,Tender,22
7,13:20,0328,Evan,Uttley,Achnabrae,Mail,21
7,13:20,0499,Arran,Veitch,Strathcorrie,Tender,5
7,13:23,1396,Eilidh,Rankin,Ballyvarra,Tender,1
7,13:45,1199,Hector,Egan,Port Tolland,Pilot,3
7,13:46,1766,Marsali,Kearney,Bayle,Fishing,21
7,13:53,1100,Stella,Swanson,Bayle,Mail,20
7,13:59,2023,Peigi,Maxwell,Inverlash,Pilot,10
7,14:16,2232,Faye,Kirk,Polbrae,Pilot,10
7,14:17,0064,Reuben,Carnegie,Strathcorrie,Tender,10
7,14:21,1533,Bernard,Kemp,Inverlash,Mail,20
7,14:25,1073,Irene,Bain,Carrowby,Pilot,16
7,14:44,1827,Irene,Anstruther,Strathcorrie,Fishing,13
7,14:56,0339,Rachel,Barraclough,Inverlash,Fishing,10
7,15:08,1150,Molly,Crichton,Ballyvarra,Mail,21
7,15:30,0196,Garth,Harkness,Kilvarra,Fishing,12
7,15:57,1388,Lilias,Lockhart,Bayle,Tender,24
7,16:15,0702,Elinor,Hogg,Port Tolland,Fishing,22
7,16:16,0254,Thomas,Boyd,Kirkwhinnie,Pilot,22
7,16:41,1226,Ruth,Kirk,Ballyvarra,Tender,9
7,17:53,0026,Martha,Nugent,Balnacrae,Pilot,23
8,06:46,0051,Arthur,Donnelly,Achnabrae,Pilot,20
8,07:14,0269,Molly,Clegg,Port Tolland,Mail,22
8,07:32,1284,Esmond,Fullarton,Polbrae,Fishing,16
8,08:09,2373,Grace,Mackie,Port Tolland,Pilot,23
8,08:21,0548,Pearl,Mavor,Polbrae,Tender,17
8,08:30,0512,Emmet,Pogson,Ardvane,Pilot,18
8,08:34,2314,Zander,Thomson,Ballyvarra,Pilot,12
8,08:49,1974,Ada,Herron,Kirkwhinnie,Pilot,9
8,09:09,0716,Dara,Normanton,Balnacrae,Tender,21
8,09:17,1305,Myra,Wolstenholme,Polbrae,Fishing,9
8,09:17,2118,Stewart,Cockburn,Bayle,Mail,6
8,09:29,1180,Darragh,Varley,Polbrae,Tender,10
8,09:34,0041,Michael,Lumsden,Port Tolland,Mail,12
8,09:37,0053,Johan,Stoddart,Torrandhu,Tender,3
8,09:38,0305,Rhoda,Maitland,Kirkwhinnie,Pilot,11
8,09:48,1176,Morgan,Belcher,Lannagh,Mail,8
8,09:50,1866,Iona,Bancroft,Bayle,Pilot,9
8,10:19,0220,Tristan,Flynn,Inverlash,Fishing,20
8,10:55,1156,Arran,Simpson,Bayle,Tender,9
8,11:02,0914,Colin,Laing,Balnacrae,Tender,20
8,11:05,0804,Wilfred,Kearney,Achnabrae,Fishing,3
8,11:10,1926,Adair,McCulloch,Rathvarra,Mail,16
8,11:13,0746,Judith,MacIver,Port Tolland,Tender,22
8,11:13,1726,Molly,Lowrie,Ardvane,Pilot,9
8,11:31,0439,Steven,Coutts,Torrandhu,Fishing,7
8,11:32,1292,Elias,Fallon,Inverlash,Tender,9
8,11:43,1732,Lucas,Cassidy,Balnacrae,Tender,5
8,11:45,0997,Mairi,Coburn,Port Tolland,Pilot,7
8,12:05,1416,Brodie,Proctor,Port Tolland,Tender,10
8,12:17,1374,Isaac,Dodgson,Torrandhu,Fishing,2
8,12:28,1797,Kester,Livingstone,Kirkwhinnie,Tender,22
8,12:40,0522,Wendy,Lamb,Ballyvarra,Pilot,11
8,12:41,1399,Thea,Guthrie,Strathcorrie,Tender,20
8,12:51,0905,Bridget,Doherty,Rathvarra,Pilot,20
8,12:58,2370,Marcus,Quigley,Kirkwhinnie,Tender,23
8,13:08,1650,Dara,Kinnaird,Inverlash,Mail,3
8,13:10,1997,Dara,Keddie,Balnacrae,Fishing,20
8,13:39,0718,Dara,Proctor,Port Tolland,Fishing,21
8,13:53,0767,Dara,Murtagh,Bayle,Pilot,20
8,14:13,2180,Odile,Duthie,Polbrae,Mail,1
8,14:15,1300,Sorley,Moran,Carrowby,Fishing,6
8,14:52,1889,Torquil,Garside,Ballyvarra,Fishing,19
8,14:53,1357,Seonag,Bisset,Bayle,Tender,20
8,15:11,1852,Glenn,MacAskill,Polbrae,Fishing,4
8,15:12,0871,Bella,Birrell,Kilvarra,Tender,17
8,15:42,2056,Fiona,Hogg,Achnabrae,Pilot,21
8,15:43,0391,Mairi,Henderson,Rathvarra,Tender,4
8,15:56,0177,Elsie,Maxwell,Inverlash,Tender,12
8,16:23,1470,Evelyn,Fagan,Skellan,Pilot,20
8,16:31,0248,Keir,Herron,Ballyvarra,Mail,2
8,17:01,0680,Donald,Slattery,Bayle,Tender,24
8,18:15,1433,Leonard,Baird,Polbrae,Pilot,17
8,18:24,1424,Odile,Forbes,Inverlash,Fishing,10
9,06:30,1026,George,Clunie,Lannagh,Fishing,20
9,07:49,1969,Peigi,Pickles,Torrandhu,Tender,20
9,08:00,1146,Thea,Wardlaw,Ardvane,Fishing,3
9,08:12,1400,Garth,Nugent,Ardvane,Pilot,15
9,09:03,1367,Lilias,Crichton,Achnabrae,Pilot,5
9,09:12,0059,Moira,Proctor,Strathcorrie,Mail,4
9,09:16,2291,Edna,Gowdie,Port Tolland,Tender,12
9,09:34,0317,Bertie,Costello,Achnabrae,Pilot,8
9,09:40,1475,Bertie,Ingham,Port Tolland,Tender,4
9,09:43,2388,Bessie,Dewar,Skellan,Fishing,4
9,09:46,1913,Tara,Keddie,Ardvane,Mail,4
9,10:10,0535,Daisy,Ogilvie,Inverlash,Pilot,11
9,10:17,0494,Stella,Kinloch,Ardvane,Tender,11
9,10:20,2384,Clara,Cargill,Balnacrae,Tender,18
9,10:25,0368,Frances,Kidston,Skellan,Pilot,24
9,10:52,1744,Nicol,Kidston,Carrowby,Mail,22
9,10:58,0832,Cathal,Irvine,Ardvane,Mail,10
9,11:14,2054,Fintan,Brogan,Bayle,Pilot,20
9,11:30,1943,Freya,Storrie,Strathcorrie,Tender,11
9,11:36,2156,Tara,Johnstone,Torrandhu,Mail,21
9,11:37,2003,Blair,Cassidy,Balnacrae,Fishing,18
9,11:42,2297,Phyllis,Wilkinson,Balnacrae,Mail,24
9,11:47,0695,Alana,Tuohy,Bayle,Mail,5
9,11:47,2068,Lachlan,Laing,Kirkwhinnie,Fishing,9
9,11:51,0542,Beatrice,Normanton,Kirkwhinnie,Fishing,19
9,11:58,1274,Christina,Eastwood,Ballyvarra,Tender,11
9,12:07,0620,Bessie,Feeney,Balnacrae,Mail,1
9,12:16,0293,Angus,Stoddart,Kirkwhinnie,Tender,12
9,12:18,0586,Thomas,Gunn,Rathvarra,Mail,21
9,12:24,1686,Evan,Bremner,Polbrae,Fishing,5
9,12:24,1874,Blair,Metcalfe,Kirkwhinnie,Mail,9
9,12:32,1776,Sean,Scobie,Achnabrae,Tender,20
9,12:32,2267,Rory,Crowley,Torrandhu,Fishing,3
9,12:35,1451,Phyllis,Aitken,Port Tolland,Pilot,4
9,12:43,0451,Iona,Kemlo,Ballyvarra,Fishing,6
9,12:49,1515,Stanley,Sugden,Torrandhu,Tender,24
9,12:57,1120,Orla,Lyall,Rathvarra,Mail,14
9,13:06,0378,Ivor,Daly,Bayle,Fishing,7
9,13:19,0760,Douglas,Irvine,Torrandhu,Fishing,5
9,13:29,0896,Grant,Kemp,Skellan,Tender,15
9,14:07,1181,Dougal,Dewar,Strathcorrie,Pilot,6
9,14:20,0322,Dylan,Loudon,Ballyvarra,Fishing,24
9,14:38,2329,Emmet,Donnelly,Achnabrae,Tender,22
9,14:52,0276,Hector,Norrie,Port Tolland,Mail,13
9,15:11,1570,Simon,Cuthbert,Strathcorrie,Tender,23
9,15:15,1832,Euan,Corsar,Balnacrae,Tender,20
9,15:24,2309,Garth,Nolan,Inverlash,Pilot,17
9,15:50,0018,Cecil,Whyte,Polbrae,Mail,6
9,18:23,2224,Carys,Pollock,Balnacrae,Fishing,2
10,06:31,0475,Tavis,Kidd,Bayle,Pilot,11
10,06:36,0299,Fiona,McGovern,Balnacrae,Pilot,20
10,07:21,0899,Morag,Beattie,Bayle,Pilot,24
10,07:57,1308,Bridget,Murdoch,Carrowby,Fishing,20
10,08:08,1407,Sabina,Pickles,Ballyvarra,Fishing,6
10,08:34,1992,Gordon,Johnstone,Strathcorrie,Fishing,12
10,08:36,0007,Maureen,Regan,Kirkwhinnie,Mail,20
10,08:38,1499,Hector,Sugden,Ardvane,Pilot,11
10,08:46,1084,Sheila,Kershaw,Achnabrae,Mail,21
10,09:03,0636,Dougal,Treacy,Polbrae,Fishing,9
10,09:12,2323,Stella,Small,Balnacrae,Tender,19
10,09:13,0112,Audrey,Fyvie,Ardvane,Fishing,4
10,09:14,0943,Albert,Wylie,Inverlash,Mail,8
10,09:23,0731,Garth,Robshaw,Kilvarra,Mail,5
10,09:27,1931,Brodie,Pogson,Rathvarra,Tender,23
10,09:46,0675,Zander,Dunsire,Achnabrae,Pilot,12
10,10:03,0133,Phyllis,Metcalfe,Bayle,Mail,21
10,10:09,1418,Stewart,Nairn,Kirkwhinnie,Pilot,12
10,10:17,2134,Oonagh,Dempsey,Skellan,Fishing,15
10,10:21,0878,Orla,Gilchrist,Strathcorrie,Tender,20
10,10:27,2303,Donald,Bottomley,Bayle,Fishing,18
10,10:34,0727,Sean,Dempster,Lannagh,Fishing,23
10,10:35,1258,Johan,Gauld,Lannagh,Fishing,13
10,10:37,0351,Lorne,Walsh,Kilvarra,Tender,3
10,10:53,1010,Shona,Charnock,Inverlash,Tender,3
10,11:03,1937,Bryce,Lindsay,Inverlash,Fishing,20
10,11:10,0117,Saul,Urquhart,Port Tolland,Mail,10
10,11:20,0893,Gemma,Gauld,Polbrae,Mail,11
10,11:28,0642,Gemma,Mackie,Balnacrae,Fishing,19
10,11:34,0468,Harold,McCulloch,Ardvane,Fishing,11
10,11:45,0134,Nicol,Carson,Bayle,Fishing,11
10,11:54,1065,Rose,Small,Polbrae,Tender,19
10,11:54,1192,Meredith,Robb,Strathcorrie,Fishing,9
10,11:56,0509,Violet,Yuill,Skellan,Mail,21
10,11:59,2100,Colin,Kershaw,Bayle,Pilot,12
10,12:01,1312,Elinor,Cowan,Achnabrae,Mail,13
10,12:05,2007,Valerie,Hogan,Balnacrae,Tender,9
10,12:13,0078,Saul,Coburn,Kirkwhinnie,Tender,10
10,12:15,0950,Reuben,Metcalfe,Ardvane,Mail,2
10,12:16,1793,Thea,Tuohy,Torrandhu,Fishing,4
10,12:18,0237,Frank,Aitken,Ballyvarra,Mail,22
10,12:23,1045,Sorley,Phelan,Polbrae,Mail,14
10,12:29,0174,Dylan,MacAskill,Balnacrae,Fishing,18
10,12:32,2282,Thea,MacInnes,Kilvarra,Mail,21
10,12:43,1224,Connor,Egan,Polbrae,Tender,10
10,12:51,1812,Rachel,Cassidy,Kilvarra,Mail,16
10,13:04,1780,Frank,Thomson,Ardvane,Tender,4
10,13:08,0739,Laura,Gormley,Rathvarra,Tender,7
10,13:10,0809,Emmet,Wardlaw,Port Tolland,Pilot,20
10,13:33,0529,Kirstin,Lowrie,Ardvane,Tender,2
10,13:35,1774,Reuben,Charnock,Rathvarra,Pilot,20
10,13:47,0044,Warren,Thain,Ardvane,Tender,24
10,13:56,1397,Clarissa,Mulcahy,Balnacrae,Pilot,18
10,13:59,0614,Vivian,Dobson,Strathcorrie,Pilot,4
10,13:59,1328,Cormac,Lennox,Rathvarra,Mail,5
10,13:59,1446,Basil,Bremner,Port Tolland,Fishing,3
10,14:00,2251,Quentin,Lister,Kirkwhinnie,Fishing,3
10,14:56,1742,Frank,Hepburn,Torrandhu,Pilot,20
10,15:09,0834,Yvonne,Lavery,Balnacrae,Pilot,11
10,15:29,0853,Edith,Cowan,Carrowby,Mail,24
10,15:36,0513,Hugh,Eadie,Inverlash,Mail,12
10,16:07,1563,Louisa,Sowerby,Polbrae,Mail,24
10,16:09,1117,Amos,Stirling,Balnacrae,Fishing,20
10,16:11,0859,Allan,Chalmers,Torrandhu,Mail,9
10,16:16,1153,Xander,Laidlaw,Ballyvarra,Tender,3
10,17:24,0900,Phyllis,Soutar,Kirkwhinnie,Mail,20
10,17:45,0955,Cora,Eastwood,Ardvane,Mail,19
10,17:55,0331,Vivian,Lalor,Ballyvarra,Fishing,20
10,18:00,1716,Ivor,Robshaw,Bayle,Mail,2
11,08:20,2286,Anabel,Buist,Ardvane,Mail,4
11,08:28,0600,Kenna,McCann,Achnabrae,Mail,20
11,08:42,0286,Basil,Dewar,Achnabrae,Pilot,1
11,09:01,1340,Dean,Dunsire,Polbrae,Fishing,10
11,09:15,0920,George,Buist,Port Tolland,Mail,4
11,09:21,0256,Anabel,Kemp,Strathcorrie,Mail,7
11,09:43,1124,Catriona,Stirling,Balnacrae,Pilot,20
11,09:44,1275,Norman,Joyce,Inverlash,Mail,1
11,09:49,0774,Lorcan,Morton,Ballyvarra,Tender,11
11,10:12,1994,Arthur,Orrock,Achnabrae,Pilot,12
11,10:13,2114,James,Melville,Carrowby,Fishing,24
11,10:16,1605,Gertrude,Rodger,Kirkwhinnie,Fishing,12
11,10:22,1297,Hugh,Waddell,Torrandhu,Mail,22
11,10:23,1845,Olive,Corsar,Bayle,Fishing,6
11,10:25,1261,Philip,McGovern,Bayle,Mail,3
11,10:33,0190,Leonard,Kenny,Balnacrae,Mail,4
11,10:36,2110,Tara,Doran,Port Tolland,Pilot,12
11,10:38,0677,Elspet,McCann,Carrowby,Tender,19
11,10:42,1621,Sorley,Corrigan,Kirkwhinnie,Mail,10
11,10:44,0307,Vera,Belcher,Port Tolland,Fishing,3
11,10:49,0604,Quinn,Dobson,Port Tolland,Pilot,20
11,11:10,1182,Faye,Meikle,Balnacrae,Fishing,3
11,11:12,1370,Harry,Soutar,Kilvarra,Mail,24
11,11:37,1104,Clarissa,Tait,Ardvane,Mail,10
11,11:39,0865,Gregor,Whitaker,Ardvane,Fishing,15
11,11:45,0035,Clara,Logan,Balnacrae,Tender,7
11,12:02,0433,Calum,Shearer,Achnabrae,Pilot,16
11,12:03,0838,Vera,Pirie,Skellan,Pilot,4
11,12:03,2237,Roland,Milne,Kilvarra,Fishing,3
11,12:04,1597,Judith,Bowman,Kilvarra,Fishing,20
11,12:17,2316,Marla,Cairns,Inverlash,Fishing,16
11,12:45,0911,Yolanda,Lennie,Strathcorrie,Mail,3
11,12:45,1027,Malcolm,MacInnes,Inverlash,Mail,20
11,13:00,2170,Cecil,Doran,Kirkwhinnie,Mail,4
11,13:25,0409,Steven,Elphinstone,Inverlash,Mail,11
11,13:31,0756,Peigi,Cumming,Port Tolland,Tender,20
11,13:44,0773,Cerys,Irvine,Polbrae,Mail,17
11,13:49,0447,Donald,Bonar,Port Tolland,Fishing,20
11,13:58,2324,Rory,Bonar,Achnabrae,Tender,9
11,14:03,1630,Duncan,Bottomley,Port Tolland,Fishing,20
11,14:18,1039,Brendan,Dunbar,Ardvane,Tender,24
11,14:21,0831,Hamish,Rowand,Lannagh,Tender,12
11,14:38,0836,Karen,Colquhoun,Kirkwhinnie,Pilot,17
11,14:38,2334,Agnes,Moran,Balnacrae,Tender,20
11,14:53,1745,Quentin,Farrell,Torrandhu,Pilot,20
11,14:57,1555,Ellen,Spence,Achnabrae,Tender,13
11,15:01,1728,Bernard,Mowat,Bayle,Pilot,9
11,15:17,0404,Alistair,Tonner,Kirkwhinnie,Mail,3
11,15:25,2383,Ingrid,Ramsay,Bayle,Fishing,6
11,15:29,2178,Enid,Rankin,Achnabrae,Mail,3
11,15:57,0157,Mhairi,Watt,Bayle,Mail,7
11,17:09,1204,Carla,Yuill,Lannagh,Fishing,21
11,17:53,2265,Fabian,Mackie,Balnacrae,Tender,20
11,18:15,0670,Ishbel,Rennison,Port Tolland,Tender,5
11,18:21,1879,Ulric,Galbraith,Ballyvarra,Mail,23
12,06:42,1389,Craig,Lennox,Port Tolland,Pilot,6
12,06:44,1924,Magnus,Birrell,Ballyvarra,Fishing,20
12,06:50,1640,Stella,Pollock,Kirkwhinnie,Tender,4
12,07:13,0343,Eileen,Crichton,Skellan,Fishing,20
12,07:13,1840,Vivian,Dawtry,Inverlash,Fishing,18
12,07:56,1584,Cecil,Quarrier,Rathvarra,Fishing,4
12,08:51,0823,Maisie,Wood,Lannagh,Pilot,22
12,08:54,2336,Angus,Taggart,Achnabrae,Tender,21
12,09:24,0355,Ivor,Petrie,Achnabrae,Fishing,3
12,09:30,2085,Jacob,McLaren,Strathcorrie,Fishing,9
12,09:42,0353,Niall,Kerr,Achnabrae,Tender,20
12,09:49,1915,Miriam,Scanlon,Port Tolland,Pilot,16
12,09:59,0877,Tavis,Riddell,Kirkwhinnie,Pilot,6
12,10:15,1058,Maxwell,Sheridan,Inverlash,Pilot,20
12,10:23,1330,Connor,Tough,Ardvane,Fishing,20
12,10:24,1768,Arlo,Rutherford,Inverlash,Fishing,11
12,10:35,1317,Hannah,Yuill,Kirkwhinnie,Pilot,5
12,10:35,1442,Eileen,Rowand,Carrowby,Tender,21
12,10:37,1665,Daisy,Hegarty,Port Tolland,Pilot,2
12,10:41,0279,Nicol,Gordon,Kirkwhinnie,Pilot,10
12,10:56,0311,Gordon,Gourlay,Bayle,Tender,5
12,10:57,1337,Evan,Pickles,Torrandhu,Pilot,23
12,11:04,2193,Rowan,Garside,Port Tolland,Pilot,4
12,11:06,0882,Marion,Purdie,Rathvarra,Fishing,1
12,11:22,1751,Greta,MacNab,Kirkwhinnie,Pilot,5
12,11:26,0848,Gideon,Cairns,Torrandhu,Pilot,3
12,11:36,2395,Alec,Agnew,Torrandhu,Fishing,5
12,11:42,0506,Eileen,Troup,Strathcorrie,Mail,20
12,11:44,1333,Fergus,Maitland,Ballyvarra,Pilot,20
12,11:50,0371,Colin,Robshaw,Ballyvarra,Fishing,24
12,11:52,2166,Dean,Mowat,Skellan,Fishing,1
12,11:56,1545,Cerys,Barraclough,Inverlash,Mail,20
12,11:57,1254,Kenna,Graham,Port Tolland,Mail,4
12,12:05,0210,Frank,Lavery,Inverlash,Mail,13
12,12:07,2389,Maureen,Dunsire,Port Tolland,Mail,22
12,12:08,0868,Dean,Lynch,Bayle,Mail,8
12,12:16,1985,Elsie,Kinsella,Kilvarra,Mail,10
12,12:21,1154,Wilma,Dunn,Achnabrae,Pilot,19
12,12:33,0169,Bram,Fothergill,Torrandhu,Mail,14
12,12:46,0647,Eileen,Dalgleish,Achnabrae,Tender,19
12,13:08,1030,Frances,Kemlo,Balnacrae,Mail,5
12,13:08,1645,Ivor,Donnelly,Lannagh,Fishing,4
12,13:27,2182,Connor,Rutherford,Rathvarra,Mail,9
12,13:41,1818,Orla,Corsar,Kirkwhinnie,Fishing,7
12,13:59,1719,Selina,Irvine,Strathcorrie,Mail,10
12,14:05,0037,Selina,Grieve,Ballyvarra,Fishing,22
12,14:06,2014,Iris,Wilkinson,Polbrae,Tender,10
12,14:18,0231,Peigi,Flynn,Ballyvarra,Tender,12
12,14:30,0828,Nadia,Milne,Skellan,Tender,11
12,14:31,0807,Eileen,Finnegan,Achnabrae,Fishing,13
12,14:40,1072,Bernard,Jolly,Ardvane,Pilot,12
12,14:40,1882,Jessie,Buchanan,Strathcorrie,Pilot,8
12,14:45,1624,Greta,Ingham,Polbrae,Pilot,7
12,14:47,2135,Owen,Yeaman,Inverlash,Fishing,8
12,14:58,1929,Bessie,Crichton,Lannagh,Mail,20
12,14:59,0152,Colin,Shearer,Torrandhu,Fishing,6
12,15:01,1825,Fenella,Crombie,Bayle,Pilot,23
12,15:03,0883,Dora,Agnew,Ballyvarra,Mail,3
12,15:07,1296,Nessie,Bancroft,Ardvane,Fishing,20
12,15:13,1136,Daisy,Harkness,Bayle,Mail,1
12,15:27,1289,Lorne,Paterson,Kirkwhinnie,Pilot,10
12,15:27,1531,Susan,Irvine,Ballyvarra,Fishing,24
12,15:34,0860,Kenna,Spence,Ballyvarra,Pilot,4
12,15:41,1457,Fabian,Dougan,Ballyvarra,Tender,10
12,15:42,1319,Calum,Dempsey,Torrandhu,Fishing,2
12,15:47,2248,Ingrid,Carmichael,Ardvane,Mail,12
12,16:45,1466,Kester,Dornan,Ardvane,Pilot,5
12,16:51,0505,Fergal,Scott,Ardvane,Pilot,1
12,17:08,0423,Edith,Calder,Strathcorrie,Pilot,7
12,17:29,1683,Basil,Dawtry,Strathcorrie,Mail,14
12,17:38,1024,Sheila,Burns,Achnabrae,Mail,18
13,07:34,0723,Lucas,Corsar,Ardvane,Fishing,11
13,08:35,2060,Edna,Quinlan,Balnacrae,Mail,3
13,08:42,2111,Ivor,Dawtry,Achnabrae,Mail,12
13,08:50,0310,Kenna,Leslie,Bayle,Fishing,5
13,08:58,1089,Wilma,Cochrane,Bayle,Mail,19
13,09:09,1265,Bella,Ingham,Ballyvarra,Mail,15
13,09:39,2076,Zander,Yuill,Kirkwhinnie,Fishing,10
13,10:05,0126,Callum,Hislop,Inverlash,Tender,11
13,10:43,1976,Niall,Gibson,Torrandhu,Tender,17
13,10:51,0706,Isaac,Ingham,Rathvarra,Pilot,3
13,10:53,0058,Wallace,Small,Skellan,Mail,20
13,11:04,1334,Ailie,Moran,Carrowby,Fishing,10
13,11:13,2375,Seonag,Whelan,Balnacrae,Fishing,11
13,11:16,1266,Stewart,Noonan,Balnacrae,Mail,2
13,11:18,0308,Enid,Pringle,Port Tolland,Tender,20
13,11:19,0144,Orla,Ross,Torrandhu,Mail,20
13,11:19,1149,Lily,Sutherland,Inverlash,Pilot,2
13,11:19,1942,Petra,Ackroyd,Port Tolland,Mail,16
13,11:23,0603,Leonie,Lyall,Torrandhu,Fishing,13
13,11:35,0473,Norman,Cumming,Kirkwhinnie,Mail,22
13,11:37,1781,Rose,Gaukroger,Inverlash,Pilot,13
13,11:39,0480,Ian,Charnock,Inverlash,Mail,19
13,11:53,0088,Kieran,Gilchrist,Port Tolland,Mail,5
13,11:56,1760,Gemma,Clegg,Port Tolland,Tender,4
13,11:57,1244,Lena,Fergusson,Inverlash,Fishing,18
13,12:00,0373,Hollie,Corrigan,Kirkwhinnie,Fishing,20
13,12:01,0861,Vera,Orr,Skellan,Tender,24
13,12:16,1384,Karen,Flynn,Skellan,Pilot,5
13,12:19,0637,Bella,Deveney,Inverlash,Mail,12
13,12:37,1494,Rory,Tonner,Kilvarra,Tender,20
13,13:09,1511,Patrick,Mulhern,Polbrae,Fishing,22
13,13:13,1572,Innes,Belcher,Carrowby,Mail,7
13,13:15,1629,Emmet,Walsh,Balnacrae,Tender,18
13,13:19,0043,Shona,Foley,Inverlash,Fishing,20
13,13:19,1329,Lachlan,Muir,Achnabrae,Fishing,23
13,13:39,1272,Carla,Kynoch,Inverlash,Mail,10
13,13:42,1304,Mary,Spence,Inverlash,Tender,20
13,13:42,2312,Fiona,McKenzie,Bayle,Pilot,9
13,13:52,0240,Leonie,Wood,Kirkwhinnie,Tender,4
13,14:07,0941,Tavis,Livingstone,Inverlash,Mail,4
13,14:33,0676,Adair,Forbes,Ardvane,Tender,4
13,15:05,0924,Pascal,Cullen,Ardvane,Mail,1
13,15:08,1500,Albert,Carmichael,Torrandhu,Pilot,23
13,15:13,0555,Henry,Barraclough,Carrowby,Mail,20
13,15:58,0683,Louisa,Carnegie,Bayle,Pilot,15
13,16:06,1091,Vina,Hanlon,Polbrae,Fishing,24
13,16:07,2319,Maxwell,Ewing,Inverlash,Pilot,3
13,16:14,0525,Susan,Buchanan,Carrowby,Mail,4
13,16:27,1459,Isaac,Ruthven,Bayle,Tender,12
13,16:27,1671,James,Rennison,Kilvarra,Tender,5
13,17:57,0867,Martin,Yeaman,Strathcorrie,Fishing,1
13,18:17,0842,Wilma,Fleming,Bayle,Fishing,5
14,07:19,2022,Mabel,Gillespie,Polbrae,Mail,7
14,07:25,0755,Petra,Dawtry,Strathcorrie,Tender,9
14,08:10,2072,Vernon,Gauld,Achnabrae,Mail,4
14,09:15,1282,Kirstin,Scanlon,Ballyvarra,Fishing,21
14,09:32,2262,Zelda,Anstruther,Torrandhu,Tender,20
14,09:35,0709,Sean,Dunne,Ardvane,Fishing,20
14,09:36,1115,Oonagh,Muir,Inverlash,Pilot,12
14,10:01,2055,Leonard,Cruickshank,Kirkwhinnie,Fishing,11
14,10:02,1382,Maureen,Gaukroger,Port Tolland,Mail,7
14,10:04,0611,Miriam,Haworth,Port Tolland,Fishing,20
14,10:10,0697,Kieran,Ackroyd,Torrandhu,Fishing,4
14,10:25,0593,Rhoda,Hegarty,Strathcorrie,Pilot,3
14,10:26,2380,Roisin,Jolly,Torrandhu,Pilot,13
14,10:45,0204,Kirsty,Cowie,Balnacrae,Pilot,7
14,10:53,1081,Amos,Buchanan,Polbrae,Pilot,15
14,10:57,1591,Dylan,Gilchrist,Kilvarra,Pilot,10
14,11:04,0268,Gwyneth,Rooney,Torrandhu,Tender,7
14,11:04,1247,Ailie,Dobson,Kilvarra,Tender,19
14,11:09,2239,Moira,Kemlo,Skellan,Fishing,21
14,11:16,0019,Jean,Logan,Strathcorrie,Fishing,24
14,11:25,1765,Saul,Charnock,Strathcorrie,Pilot,22
14,12:01,2063,Pearl,Lowrie,Kirkwhinnie,Tender,5
14,12:07,0034,Arthur,MacPhail,Ballyvarra,Mail,7
14,12:09,0229,Carys,Tordoff,Port Tolland,Fishing,5
14,12:14,2024,Clara,Eadie,Kirkwhinnie,Pilot,5
14,12:23,0559,Rose,Kenny,Torrandhu,Fishing,5
14,12:29,0205,Isobel,Henderson,Ballyvarra,Mail,11
14,12:29,0359,Darragh,Carmichael,Inverlash,Fishing,20
14,12:31,0698,Wilma,Nimmo,Balnacrae,Tender,20
14,12:35,2218,Fenella,Toomey,Bayle,Pilot,9
14,12:42,0393,Irene,Rafferty,Achnabrae,Fishing,4
14,12:44,1108,Kirstin,Spence,Lannagh,Mail,4
14,12:46,0005,Enid,Hogg,Kirkwhinnie,Pilot,24
14,12:50,1632,Cormac,Duthie,Achnabrae,Fishing,3
14,12:52,1869,Bessie,Muldoon,Carrowby,Mail,1
14,13:03,2321,Stella,Craigie,Polbrae,Mail,2
14,13:20,0578,Magnus,Clegg,Port Tolland,Mail,9
14,13:21,1922,Bram,Russell,Torrandhu,Pilot,6
14,13:33,0337,Tara,Hardie,Achnabrae,Mail,21
14,13:33,1886,Leonard,Nolan,Bayle,Tender,6
14,14:05,0805,Dougal,Garside,Kirkwhinnie,Pilot,23
14,14:17,1432,Elias,Reid,Inverlash,Mail,20
14,14:33,0389,Lilias,Inglis,Torrandhu,Pilot,3
14,14:48,0270,Anson,Skene,Torrandhu,Fishing,13
14,14:50,1353,Annie,Callaghan,Port Tolland,Pilot,20
14,14:51,2398,Xander,Gourlay,Kirkwhinnie,Pilot,20
14,14:54,1544,Henry,Bancroft,Kirkwhinnie,Fishing,20
14,15:19,0411,Xander,Jamieson,Inverlash,Fishing,24
14,15:46,0445,Wilma,Scanlon,Torrandhu,Tender,9
14,16:47,1092,Sabina,Turnbull,Achnabrae,Fishing,10
14,16:59,1441,Sarah,Kenny,Ardvane,Tender,5
14,17:07,1892,Marcus,Corbett,Ballyvarra,Mail,15
14,17:24,2190,Cerys,Lamb,Torrandhu,Tender,14
15,06:34,1194,Evan,Gorrie,Kirkwhinnie,Fishing,2
15,06:49,1769,Harry,Carmichael,Torrandhu,Fishing,19
15,07:11,0726,Ernest,Bremner,Ardvane,Fishing,19
15,07:38,1480,Esmond,Gallagher,Kilvarra,Mail,11
15,07:47,0260,Fergal,Rutherford,Skellan,Tender,5
15,08:20,2189,Neil,Livingstone,Kirkwhinnie,Fishing,5
15,08:34,0668,Gillian,Hennessy,Achnabrae,Pilot,21
15,09:40,1221,Thea,MacRae,Kirkwhinnie,Fishing,20
15,09:49,1178,Myra,Rourke,Inverlash,Pilot,9
15,10:05,1790,Alec,Moxon,Kirkwhinnie,Fishing,15
15,10:09,0613,Ernest,Ogilvie,Port Tolland,Mail,18
15,10:19,1856,Bryce,Shand,Lannagh,Tender,6
15,10:20,0114,Hollie,Moffat,Port Tolland,Mail,10
15,10:42,0315,Andrew,Mowat,Kirkwhinnie,Fishing,20
15,10:56,1430,Warren,Smeaton,Strathcorrie,Pilot,12
15,10:59,1185,Jacob,Cumming,Rathvarra,Tender,1
15,11:04,1707,Lewis,Birtwistle,Balnacrae,Tender,12
15,11:15,1961,Sadie,Erskine,Inverlash,Tender,20
15,11:16,0183,Marion,Varley,Polbrae,Pilot,9
15,11:22,2308,Jessie,Ramsden,Kirkwhinnie,Pilot,9
15,11:29,0715,Philip,Small,Ardvane,Pilot,16
15,12:03,0501,Lorne,Rankin,Balnacrae,Fishing,2
15,12:08,1610,Harold,Wark,Ardvane,Tender,8
15,12:13,2080,Elsie,Swanson,Carrowby,Pilot,12
15,12:17,1975,Shona,McCulloch,Balnacrae,Mail,12
15,12:21,1978,Andrew,Pickles,Ballyvarra,Mail,20
15,12:31,0583,Oscar,Wolstenholme,Balnacrae,Pilot,22
15,12:37,1277,Nancy,Farquhar,Ardvane,Tender,15
15,12:50,2331,Flora,Lamont,Rathvarra,Tender,6
15,12:58,1169,Craig,Lamont,Balnacrae,Fishing,1
15,13:05,2377,Walter,Hennessy,Achnabrae,Tender,13
15,13:26,1121,Aileen,Mearns,Ballyvarra,Pilot,1
15,13:34,0441,Arran,Erskine,Torrandhu,Pilot,9
15,13:36,0116,Elias,Gibson,Strathcorrie,Fishing,7
15,13:40,2287,Agnes,Sandeman,Port Tolland,Fishing,20
15,13:44,1028,Colin,Finnegan,Achnabrae,Fishing,22
15,13:49,2077,Evelyn,Paterson,Ardvane,Fishing,11
15,13:59,0138,Philip,Treacy,Balnacrae,Pilot,11
15,14:12,1817,Bessie,Laidlaw,Kirkwhinnie,Fishing,21
15,14:14,1754,Ellen,Gorrie,Kirkwhinnie,Pilot,23
15,14:19,0843,Vernon,Yuill,Kilvarra,Mail,15
15,14:21,1853,Jean,Darroch,Balnacrae,Mail,10
15,14:52,2202,Amos,Tonner,Strathcorrie,Mail,7
15,15:46,0537,Gavin,Orr,Achnabrae,Pilot,11
15,16:07,0744,Judith,Will,Rathvarra,Fishing,5
15,16:10,0568,Nicol,Dunne,Achnabrae,Mail,3
15,16:20,2220,Effie,Lindsay,Balnacrae,Tender,20
15,16:56,1335,Orla,Curran,Bayle,Pilot,15
15,17:52,1410,Phyllis,Purdie,Torrandhu,Mail,21
16,06:37,0137,Robin,Duggan,Achnabrae,Pilot,11
16,06:41,0469,Euan,McGovern,Inverlash,Mail,5
16,07:11,1485,Valerie,Fothergill,Ardvane,Pilot,18
16,07:39,0106,Nathan,Rennison,Achnabrae,Mail,3
16,08:02,0910,Owen,Gallagher,Kirkwhinnie,Tender,20
16,08:03,2033,Dougal,Duggan,Port Tolland,Pilot,9
16,08:05,1208,Blair,Ramsden,Port Tolland,Mail,9
16,08:32,0465,Kenna,Scott,Ballyvarra,Pilot,20
16,08:57,1809,Moira,Wood,Rathvarra,Tender,18
16,09:06,2227,Sorley,Hardie,Achnabrae,Pilot,3
16,09:37,0405,Marion,Cuthbert,Ardvane,Tender,14
16,09:49,2306,Hector,Dunsire,Kirkwhinnie,Mail,18
16,10:01,1064,Anabel,Laing,Inverlash,Mail,4
16,10:02,1074,Gwyneth,Cassidy,Inverlash,Pilot,4
16,10:15,1923,Maxwell,Marr,Inverlash,Fishing,7
16,10:21,1206,Nadia,Fallon,Polbrae,Tender,13
16,10:25,1549,Fergus,Tucker,Port Tolland,Fishing,19
16,10:32,2301,Selina,Tuohy,Strathcorrie,Pilot,1
16,10:35,0946,Jessie,Brierley,Kirkwhinnie,Tender,15
16,10:37,1294,Tavis,Rourke,Achnabrae,Fishing,3
16,10:39,1710,Niall,Canning,Polbrae,Mail,20
16,10:50,0458,Arlo,Dargie,Carrowby,Tender,4
16,10:57,0319,Laura,Watt,Carrowby,Pilot,24
16,11:00,1462,Emmet,Fettes,Achnabrae,Pilot,20
16,11:12,0367,Dunstan,Gauld,Inverlash,Fishing,10
16,11:21,0947,Kieran,Burnett,Kilvarra,Tender,4
16,11:31,2183,Susan,Lister,Skellan,Mail,2
16,11:35,2116,Harold,Kidd,Bayle,Tender,23
16,11:40,0029,Jasper,Curran,Inverlash,Mail,11
16,11:42,0245,Dougal,Rooney,Bayle,Tender,9
16,11:42,1616,Phyllis,Todd,Strathcorrie,Pilot,9
16,11:44,0086,Hollie,Moncrieff,Ardvane,Fishing,7
16,11:47,0689,Meredith,Curran,Ballyvarra,Fishing,20
16,11:54,0184,Dora,Regan,Torrandhu,Tender,5
16,12:04,1673,Magnus,Menzies,Kirkwhinnie,Pilot,5
16,12:06,0340,Annabel,Peden,Kirkwhinnie,Mail,10
16,12:07,1293,Carys,Ross,Kirkwhinnie,Mail,4
16,12:08,1078,Sheila,Gibson,Kirkwhinnie,Fishing,2
16,12:16,1325,Una,Reid,Ballyvarra,Fishing,9
16,12:30,0972,Hamish,Morrison,Rathvarra,Tender,1
16,12:32,1364,Janet,MacPhail,Strathcorrie,Tender,4
16,12:57,2128,Lucas,Kitchin,Polbrae,Mail,21
16,13:09,1387,Iris,Hogg,Polbrae,Pilot,20
16,13:15,0015,Vina,Gordon,Strathcorrie,Pilot,9
16,13:31,0180,Nadia,Beattie,Torrandhu,Fishing,17
16,13:35,0967,Nora,Wood,Kirkwhinnie,Mail,12
16,13:35,1858,Sabina,Milne,Kilvarra,Mail,24
16,13:42,1103,Dermot,Joyce,Kirkwhinnie,Mail,7
16,13:52,0524,Phyllis,Crombie,Torrandhu,Tender,12
16,13:54,0028,Cecil,Tolan,Port Tolland,Pilot,3
16,14:04,2137,Callum,Skene,Achnabrae,Mail,4
16,14:09,0498,Damian,Hogan,Polbrae,Fishing,19
16,14:11,1517,Torquil,Rawcliffe,Achnabrae,Tender,20
16,14:50,0101,Vera,Napier,Rathvarra,Tender,20
16,15:03,0448,Marion,Riddell,Strathcorrie,Mail,20
16,15:09,0420,Sean,Delaney,Port Tolland,Fishing,3
16,15:24,1381,Dolina,Bottomley,Kilvarra,Mail,13
16,16:53,1712,Eileen,Dawtry,Inverlash,Mail,11
16,17:48,2061,Hollie,Dickson,Polbrae,Tender,12
17,06:40,2071,Enid,Cowie,Lannagh,Pilot,24
17,07:03,0824,Anabel,Carnegie,Polbrae,Mail,3
17,08:03,0925,Harold,Simpson,Kirkwhinnie,Fishing,21
17,08:51,1705,Niall,Madigan,Bayle,Pilot,19
17,09:39,0246,Hugh,Tucker,Kirkwhinnie,Tender,18
17,09:42,0076,Helen,Orr,Ballyvarra,Pilot,12
17,09:56,1564,Garth,Cumming,Achnabrae,Pilot,11
17,10:00,0889,Oscar,McGillivray,Strathcorrie,Pilot,6
17,10:02,1651,Abigail,Calvert,Achnabrae,Pilot,21
17,10:05,1490,Harriet,MacAskill,Achnabrae,Tender,6
17,10:16,0413,Dara,Foley,Port Tolland,Fishing,1
17,10:39,0980,Garth,Cowie,Rathvarra,Tender,9
17,10:50,1440,Anson,Ogilvie,Inverlash,Mail,20
17,10:57,1524,Mairi,Finlayson,Kilvarra,Pilot,23
17,11:04,1403,Orla,Pogson,Bayle,Pilot,11
17,11:06,0851,Dorcas,Maguire,Balnacrae,Tender,19
17,11:07,0740,Annie,Madigan,Torrandhu,Mail,8
17,11:28,0796,Allan,Marr,Torrandhu,Mail,14
17,11:31,1034,Lachlan,MacIver,Port Tolland,Fishing,9
17,11:40,0271,Sadie,Bain,Kirkwhinnie,Fishing,6
17,11:55,2338,Glenn,Doig,Kirkwhinnie,Mail,9
17,11:59,0725,Edith,Ewing,Inverlash,Tender,15
17,12:03,0284,Rhoda,Kitchin,Torrandhu,Fishing,20
17,12:15,2138,Cyril,Wotherspoon,Balnacrae,Pilot,9
17,12:28,0263,Beatrice,Thomson,Ballyvarra,Fishing,15
17,12:34,0991,Bram,Taggart,Kirkwhinnie,Fishing,12
17,13:04,1128,Cormac,Dolan,Ardvane,Mail,6
17,13:07,1202,Gemma,Aitken,Inverlash,Mail,6
17,13:15,2214,Lydia,Dunn,Bayle,Pilot,20
17,13:26,1568,Dara,Waddell,Ballyvarra,Pilot,6
17,13:29,1188,Ewan,Melville,Bayle,Tender,5
17,13:35,2075,Patrick,Pringle,Ballyvarra,Pilot,20
17,13:57,0033,Eliza,Kirkland,Achnabrae,Mail,23
17,13:57,1702,Myra,Hepburn,Ardvane,Tender,4
17,13:58,1011,Jarvis,Hennessy,Ardvane,Mail,12
17,13:58,1107,Reuben,Crowley,Carrowby,Pilot,5
17,14:11,0940,Dorcas,McGillivray,Bayle,Mail,5
17,14:19,0089,Kirsty,Goudie,Lannagh,Mail,6
17,15:18,0724,Annie,Dargie,Ballyvarra,Fishing,7
17,16:55,1461,Magnus,Quinlan,Kirkwhinnie,Mail,13
17,17:41,0582,Flora,Gauld,Torrandhu,Pilot,3
18,06:52,2064,Samuel,Egan,Achnabrae,Tender,3
18,06:54,1804,Craig,Kirkland,Polbrae,Mail,4
18,07:05,2043,Maisie,Leckie,Kirkwhinnie,Pilot,19
18,07:28,2159,Anabel,Birtwistle,Achnabrae,Pilot,9
18,08:01,0511,Dorcas,Rutherford,Strathcorrie,Tender,10
18,08:49,2351,Tavis,Duthie,Ardvane,Mail,21
18,09:16,0840,Murdo,Maxwell,Bayle,Pilot,5
18,09:27,1429,Mhairi,Balfour,Ballyvarra,Fishing,9
18,09:35,0216,Fiona,Meikle,Polbrae,Mail,11
18,09:38,2365,Kirstin,Cassidy,Strathcorrie,Fishing,14
18,09:49,1991,Eilidh,Geraghty,Ballyvarra,Pilot,22
18,09:52,0379,Basil,Bisset,Kirkwhinnie,Pilot,6
18,10:01,1863,Brendan,Gowdie,Torrandhu,Fishing,15
18,10:21,1730,Xander,Moncur,Kirkwhinnie,Mail,18
18,10:21,1925,Catriona,Lyall,Ardvane,Mail,7
18,10:45,0757,Marsali,Dunlop,Skellan,Pilot,19
18,10:49,1171,Susan,Erskine,Bayle,Pilot,20
18,10:52,1727,Xander,Charnock,Rathvarra,Tender,4
18,10:53,0551,Rose,Fergusson,Polbrae,Fishing,23
18,10:53,1733,Pearl,Nimmo,Achnabrae,Tender,20
18,10:56,0741,Elinor,Fleming,Achnabrae,Mail,11
18,10:58,2113,Marcus,Bonar,Kirkwhinnie,Tender,11
18,11:06,0660,Craig,Quigley,Torrandhu,Fishing,14
18,11:07,1828,Brodie,Connolly,Balnacrae,Fishing,12
18,11:16,0581,Carys,Dunn,Lannagh,Mail,6
18,11:29,0536,Vina,Lynch,Skellan,Tender,19
18,11:29,0930,Damian,Whyte,Achnabrae,Tender,19
18,11:33,0937,Owen,Quigley,Carrowby,Mail,5
18,11:34,2285,Hollie,Rodger,Ardvane,Mail,9
18,11:36,2225,Peigi,Eadie,Port Tolland,Fishing,21
18,11:42,1897,Yolanda,Brogan,Skellan,Fishing,19
18,11:43,0414,Rhona,Corsar,Port Tolland,Pilot,9
18,11:48,1746,Lucas,Robb,Port Tolland,Pilot,13
18,11:49,0258,Arran,Cargill,Rathvarra,Pilot,12
18,11:54,0803,Leonard,Comrie,Skellan,Tender,1
18,11:57,0985,Maxwell,Tuohy,Ardvane,Fishing,17
18,12:03,0485,Leonie,Costello,Kilvarra,Tender,23
18,12:04,1941,Wendy,Yule,Ardvane,Mail,19
18,12:06,0869,Louisa,Pogson,Lannagh,Pilot,22
18,12:06,1428,Arthur,Coburn,Bayle,Mail,20
18,12:37,1488,Rory,Duthie,Torrandhu,Pilot,20
18,12:46,0701,Edgar,Curran,Strathcorrie,Mail,5
18,12:52,1949,Arthur,Will,Kirkwhinnie,Fishing,6
18,12:59,0577,Yolanda,Semple,Inverlash,Pilot,9
18,13:00,0923,Rory,Fairbairn,Strathcorrie,Pilot,4
18,13:11,0588,Ishbel,Orrock,Strathcorrie,Mail,2
18,13:14,2083,Vivian,Mooney,Rathvarra,Mail,6
18,13:22,1112,Phyllis,Mair,Torrandhu,Pilot,18
18,13:29,2318,Irene,Doig,Balnacrae,Fishing,1
18,13:31,0277,Fraser,Haldane,Port Tolland,Fishing,4
18,13:42,0787,Ishbel,Eccles,Kirkwhinnie,Fishing,7
18,13:45,1435,Agnes,Darroch,Port Tolland,Fishing,6
18,13:46,1857,Innes,Tonner,Kirkwhinnie,Fishing,20
18,13:48,1503,Alistair,Robb,Lannagh,Mail,10
18,13:49,1567,Carys,Fyvie,Kirkwhinnie,Tender,12
18,13:54,1109,Dolina,Flanagan,Polbrae,Tender,20
18,13:54,2105,Norman,Mavor,Balnacrae,Mail,3
18,14:07,0410,Eamon,Brierley,Achnabrae,Mail,17
18,14:10,0713,Michael,Varley,Ballyvarra,Mail,8
18,14:24,2250,Arthur,Ross,Torrandhu,Mail,12
18,14:31,0052,Fintan,Crichton,Polbrae,Fishing,22
18,14:45,2104,Dean,Todd,Ardvane,Pilot,9
18,14:56,1158,Calum,Lavery,Ardvane,Tender,24
18,15:11,0178,Shona,Marr,Bayle,Pilot,16
18,15:23,0549,Colin,Nolan,Port Tolland,Tender,21
18,15:30,0735,Gertrude,Bremner,Strathcorrie,Tender,3
18,15:38,0575,Oscar,Gauld,Carrowby,Fishing,4
18,15:44,1559,Thea,Whyte,Polbrae,Pilot,19
18,15:48,2348,Connor,Finnegan,Kirkwhinnie,Pilot,24
18,15:53,1252,Dolina,Maitland,Strathcorrie,Pilot,6
18,16:05,0821,Magnus,Kidston,Ballyvarra,Tender,20
18,16:18,1481,Sarah,Muir,Lannagh,Mail,20
18,16:39,0543,Ailie,Thain,Balnacrae,Mail,17
18,16:54,0226,Ernest,Ewing,Inverlash,Fishing,20
18,17:03,0605,Tara,Tuohy,Kirkwhinnie,Mail,6
18,17:03,2256,Ranald,Balfour,Balnacrae,Pilot,7
18,17:17,1722,Maxwell,Waddell,Carrowby,Pilot,20
18,17:19,0096,Quinn,Nesbitt,Ardvane,Tender,11
18,17:33,0333,Finlay,Cochrane,Port Tolland,Fishing,20
18,17:35,0050,Johan,Duthie,Kilvarra,Fishing,19
18,17:38,0360,Bryce,Tonner,Rathvarra,Fishing,24
18,17:41,2087,Rhona,Haldane,Inverlash,Mail,22
18,18:01,0748,Vina,Coutts,Polbrae,Pilot,11
19,07:46,1004,Flora,Thain,Torrandhu,Tender,21
19,08:04,0742,Henry,Birrell,Kirkwhinnie,Pilot,23
19,09:22,2092,Mabel,Tonner,Port Tolland,Pilot,1
19,09:28,1569,Sheila,Lamont,Achnabrae,Fishing,10
19,09:30,1962,Cora,Fagan,Ballyvarra,Pilot,12
19,09:44,1708,Nathan,Jamieson,Carrowby,Tender,5
19,09:47,1678,Teresa,Maguire,Balnacrae,Mail,3
19,09:48,2188,Mhairi,Rollo,Balnacrae,Mail,10
19,10:08,0657,Cyril,Mowat,Ardvane,Mail,17
19,10:12,0703,Sorley,Yeaman,Inverlash,Pilot,5
19,10:20,0870,Elsie,Comrie,Port Tolland,Pilot,4
19,10:21,0234,Eilidh,Eadie,Torrandhu,Fishing,12
19,10:21,1723,Alec,Dawson,Port Tolland,Tender,23
19,10:23,1612,Colin,Nesbitt,Port Tolland,Fishing,13
19,10:31,2145,Dora,Hennessy,Inverlash,Tender,12
19,10:36,1257,Fiona,Nimmo,Achnabrae,Mail,4
19,10:36,1453,Dean,Jamieson,Rathvarra,Tender,14
19,10:38,0995,Isaac,Clunie,Port Tolland,Pilot,12
19,10:38,2046,Miriam,Norrie,Polbrae,Fishing,21
19,10:40,2253,Odile,Ramsden,Achnabrae,Pilot,24
19,10:44,1529,Robin,Kemlo,Inverlash,Fishing,5
19,10:47,2163,Grant,Mackie,Achnabrae,Pilot,3
19,10:53,0671,Aileen,Fyvie,Strathcorrie,Mail,6
19,10:53,0844,Meredith,McKenzie,Strathcorrie,Tender,4
19,10:56,0764,Ellen,Tolan,Ardvane,Tender,21
19,10:59,0222,Peggy,Lauder,Ardvane,Fishing,7
19,11:05,1133,Angus,Brennan,Port Tolland,Pilot,17
19,11:16,2171,Roland,Barclay,Balnacrae,Pilot,9
19,11:20,0045,Marla,Hardcastle,Lannagh,Fishing,19
19,11:20,0686,Martha,Quarrier,Rathvarra,Mail,22
19,11:29,1321,Allan,Wotherspoon,Port Tolland,Mail,10
19,11:36,0081,Felix,Carnegie,Achnabrae,Fishing,22
19,11:43,1053,Patrick,Skene,Strathcorrie,Mail,20
19,11:47,0021,Karen,Skene,Strathcorrie,Fishing,21
19,11:50,0984,Ada,Quinlan,Port Tolland,Mail,12
19,11:51,1360,Lachlan,Bannerman,Polbrae,Fishing,11
19,11:51,2281,Felix,Whitaker,Torrandhu,Mail,8
19,11:54,0241,Andrew,Robshaw,Kirkwhinnie,Tender,20
19,12:05,0815,Dolina,Smart,Port Tolland,Pilot,19
19,12:12,1999,Phyllis,Whyte,Ardvane,Pilot,22
19,12:16,1627,Aileen,Ruthven,Kilvarra,Fishing,9
19,12:36,0164,Callum,Laidlaw,Polbrae,Pilot,5
19,12:46,0712,Evelyn,Dunne,Achnabrae,Pilot,8
19,12:50,1366,Lorne,Fairbairn,Polbrae,Pilot,6
19,12:57,1700,Lewis,Kidd,Ballyvarra,Mail,6
19,13:03,1993,Cormac,Rowand,Bayle,Fishing,20
19,13:05,1415,Douglas,Moffat,Kirkwhinnie,Pilot,6
19,13:08,0362,Nicol,Sangster,Kirkwhinnie,Mail,15
19,13:11,1735,Amos,Whelan,Polbrae,Fishing,5
19,13:24,0100,Albert,Herron,Inverlash,Mail,1
19,13:32,0929,Jessie,Shearer,Carrowby,Pilot,19
19,13:55,0625,Zelda,Cochrane,Ballyvarra,Pilot,15
19,13:55,1163,Myra,Deveney,Balnacrae,Pilot,10
19,14:00,0965,Jarvis,Rafferty,Inverlash,Pilot,17
19,14:00,2289,Tara,Haig,Strathcorrie,Tender,9
19,14:05,0710,Mary,Bonar,Bayle,Mail,20
19,14:05,1731,Tristan,Laidlaw,Bayle,Pilot,4
19,14:13,0090,Roisin,Mulhern,Achnabrae,Pilot,21
19,14:30,0687,Clarissa,Storrie,Strathcorrie,Pilot,21
19,14:44,0518,Lilias,Cairns,Bayle,Pilot,20
19,15:57,0063,Anabel,Buchan,Kilvarra,Mail,4
19,18:13,0541,Ewan,Gaukroger,Balnacrae,Pilot,23
19,18:20,2081,Garth,Hegarty,Bayle,Mail,4
19,18:26,0412,Mhairi,Brennan,Strathcorrie,Pilot,7
20,06:51,2094,Hugh,Stirling,Ballyvarra,Tender,11
20,07:15,0077,Malcolm,Whyte,Torrandhu,Tender,20
20,07:29,1401,Nathan,Duthie,Ardvane,Pilot,11
20,07:37,2179,Kirstin,Fyvie,Rathvarra,Fishing,24
20,07:40,2387,Marla,Tucker,Bayle,Mail,21
20,07:53,1236,Bram,Carnegie,Polbrae,Tender,12
20,08:22,0185,Tara,Dempster,Torrandhu,Mail,16
20,08:32,0846,Allan,Munro,Strathcorrie,Tender,3
20,08:35,1093,Anson,Kershaw,Kilvarra,Fishing,20
20,08:51,2261,Mairi,Noonan,Balnacrae,Pilot,16
20,08:52,1829,Keir,Nesbitt,Strathcorrie,Tender,20
20,08:57,1037,Hollie,Dryburgh,Bayle,Mail,15
20,09:28,0165,Mhairi,Rourke,Polbrae,Pilot,9
20,09:32,1259,Vivian,Bonnar,Carrowby,Pilot,17
20,09:38,0350,Ruth,Loughlin,Achnabrae,Mail,24
20,09:41,2059,Emmet,Sugden,Lannagh,Mail,12
20,09:47,1003,Torquil,Rooney,Skellan,Tender,5
20,09:48,1057,Kenneth,Mearns,Ardvane,Pilot,20
20,10:05,0688,Lorne,Simpson,Bayle,Pilot,21
20,10:17,2344,Nancy,Tonner,Inverlash,Tender,19
20,10:24,2275,Gwyneth,Pickles,Polbrae,Mail,10
20,10:31,1965,Dean,Kearney,Ardvane,Mail,17
20,10:39,2307,Yvonne,Orr,Polbrae,Pilot,7
20,10:41,2149,Arlo,Nolan,Torrandhu,Tender,24
20,10:43,1094,Keir,Lynch,Ardvane,Mail,24
20,10:46,0730,Molly,Oliphant,Achnabrae,Fishing,7
20,10:49,1193,Vina,Carnegie,Skellan,Fishing,10
20,10:49,2215,Elsie,Pringle,Port Tolland,Pilot,24
20,10:57,2067,Angus,Yeaman,Torrandhu,Pilot,5
20,10:59,1343,Walter,Dalton,Ballyvarra,Mail,3
20,11:06,0996,Colin,Wadsworth,Torrandhu,Mail,10
20,11:10,0108,Neil,Charnock,Polbrae,Mail,11
20,11:12,1471,Arthur,Lockhart,Polbrae,Pilot,23
20,11:19,1970,Faye,Metcalfe,Bayle,Fishing,12
20,11:24,0693,Harry,Cowan,Achnabrae,Mail,21
20,11:24,2186,Aileen,Steel,Skellan,Mail,1
20,11:25,0202,Catriona,Eadie,Ardvane,Mail,22
20,11:25,1538,Moira,Hennessy,Skellan,Pilot,16
20,11:39,2184,Cathal,Gowdie,Port Tolland,Tender,23
20,11:42,0927,Catriona,Yule,Ardvane,Pilot,20
20,11:48,1250,Sean,Spence,Achnabrae,Mail,5
20,11:50,1694,Lachlan,Paterson,Kirkwhinnie,Pilot,14
20,11:59,1908,Douglas,Rae,Bayle,Pilot,10
20,12:01,0692,Simon,Mavor,Ardvane,Mail,7
20,12:05,1255,Robert,Forbes,Kirkwhinnie,Pilot,9
20,12:07,2364,Nessie,Scott,Skellan,Pilot,3
20,12:22,0255,Myra,Wotherspoon,Ardvane,Fishing,12
20,12:22,0500,Stella,Charnock,Inverlash,Mail,3
20,12:24,0707,Violet,McCulloch,Kirkwhinnie,Tender,15
20,12:35,0141,Torquil,Waddell,Inverlash,Fishing,16
20,12:49,1666,Harry,Nimmo,Port Tolland,Mail,11
20,12:54,0259,Elinor,Maguire,Port Tolland,Mail,4
20,13:07,0891,Anson,Aitken,Balnacrae,Mail,21
20,13:14,0066,Joan,Rawcliffe,Port Tolland,Mail,13
20,13:15,0531,Walter,Peden,Ardvane,Pilot,5
20,13:24,0752,Emmet,Lorimer,Achnabrae,Tender,22
20,13:28,0369,Darragh,Donaldson,Port Tolland,Pilot,7
20,13:34,0566,Olive,Mulhern,Ballyvarra,Fishing,9
20,13:50,0609,Oscar,Kemlo,Polbrae,Pilot,6
20,14:32,0672,Greta,Wardlaw,Port Tolland,Pilot,11
20,14:36,1547,Isaac,Metcalfe,Polbrae,Mail,12
20,14:39,0352,Jessie,Dempsey,Inverlash,Pilot,20
20,14:47,2194,Glenn,Bain,Polbrae,Tender,10
20,14:49,0292,Walter,Mowat,Port Tolland,Pilot,3
20,14:51,2343,Freya,Whyte,Skellan,Fishing,20
20,15:01,1725,Ada,Dunn,Rathvarra,Mail,24
20,15:04,0961,Kenneth,Galbraith,Inverlash,Mail,4
20,15:26,0032,Dougal,Wilkinson,Port Tolland,Mail,17
20,15:45,1491,Frances,Gormley,Kilvarra,Fishing,6
20,15:51,1642,Eamon,Milne,Balnacrae,Fishing,21
20,15:55,0817,Tristan,Colquhoun,Kirkwhinnie,Pilot,18
20,15:57,1560,Beatrice,Taggart,Ballyvarra,Mail,4
20,16:16,0341,Alec,Rooney,Port Tolland,Mail,20
20,17:21,0962,Mairi,Maitland,Kirkwhinnie,Pilot,5
20,17:23,1835,Sadie,Lamb,Balnacrae,Mail,7
20,17:59,0425,Blair,Abernethy,Inverlash,Tender,24
21,07:16,0437,Gillian,Yeaman,Kilvarra,Tender,20
21,07:18,2101,Gordon,Rollo,Ballyvarra,Mail,2
21,07:28,1227,Alana,Tosh,Torrandhu,Fishing,14
21,07:40,0894,Bertie,Ackroyd,Rathvarra,Tender,11
21,07:48,2313,Innes,Regan,Achnabrae,Pilot,20
21,08:18,0532,Mabel,Tosh,Bayle,Mail,6
21,08:28,0288,Gertrude,Henderson,Kirkwhinnie,Mail,24
21,08:37,0181,Bridget,Lynch,Port Tolland,Tender,9
21,08:39,0884,Vina,Joyce,Ballyvarra,Fishing,11
21,08:42,2203,Ian,Clegg,Strathcorrie,Fishing,22
21,08:58,2082,Edith,McLaren,Achnabrae,Fishing,24
21,09:04,0484,Martin,Wark,Polbrae,Tender,11
21,09:12,1138,Henry,Erskine,Lannagh,Pilot,3
21,09:33,1122,Ishbel,Quinlan,Kirkwhinnie,Fishing,21
21,09:34,1080,Peggy,Uttley,Kirkwhinnie,Mail,5
21,09:36,2130,Rowan,Carson,Ardvane,Mail,21
21,09:41,0024,Carla,MacAskill,Achnabrae,Mail,11
21,09:43,1636,Stella,Munro,Bayle,Tender,5
21,09:51,0171,Gemma,Fenton,Bayle,Tender,11
21,10:16,0170,Euan,Graham,Ardvane,Mail,12
21,10:16,0751,Morgan,Elder,Inverlash,Mail,9
21,10:19,0110,Lydia,Belcher,Polbrae,Fishing,20
21,10:25,1041,Davina,Lyall,Polbrae,Mail,14
21,10:30,0301,Isobel,Kirk,Ballyvarra,Mail,6
21,10:41,0009,Kenna,McLaren,Ballyvarra,Pilot,16
21,10:51,0789,Sean,Canning,Polbrae,Fishing,20
21,10:57,2106,Ada,Wedderburn,Ballyvarra,Pilot,15
21,11:04,0329,Molly,Sowerby,Kirkwhinnie,Pilot,24
21,11:04,1349,George,Mooney,Inverlash,Tender,16
21,11:08,1404,Ailie,Stobie,Balnacrae,Fishing,12
21,11:28,1047,Neil,Kemlo,Carrowby,Tender,20
21,11:31,0287,Dylan,Mulligan,Balnacrae,Fishing,14
21,11:32,1953,Violet,Bannerman,Bayle,Tender,1
21,11:38,0510,Paula,Soutar,Strathcorrie,Tender,22
21,11:41,0272,Irene,Rutherford,Carrowby,Fishing,11
21,11:49,0122,Barbara,Wilkinson,Kirkwhinnie,Pilot,7
21,11:52,2333,Samuel,Dunne,Polbrae,Mail,1
21,11:53,0982,Karen,Boyd,Balnacrae,Tender,9
21,11:55,1777,Norman,Dunne,Ardvane,Pilot,12
21,11:57,2335,Leonard,Simpson,Kilvarra,Mail,22
21,11:59,0067,Cormac,Nairn,Torrandhu,Tender,10
21,11:59,1054,Iris,Johnstone,Strathcorrie,Fishing,21
21,12:00,1322,Ada,Quigley,Inverlash,Mail,4
21,12:08,0669,Bridget,Cuthbert,Polbrae,Mail,22
21,12:10,2001,Wallace,Fairbairn,Kirkwhinnie,Tender,20
21,12:15,0417,Leonard,Geraghty,Balnacrae,Mail,20
21,12:25,1842,Saul,Todd,Kirkwhinnie,Fishing,7
21,12:29,0079,Tavis,Flanagan,Bayle,Pilot,20
21,12:42,1142,Rose,Kitchin,Polbrae,Fishing,14
21,12:48,2191,Dora,Erskine,Ballyvarra,Mail,22
21,12:50,0070,Saul,Stoddart,Ardvane,Mail,3
21,12:52,1355,Brodie,Mathieson,Achnabrae,Tender,22
21,12:55,0992,Calum,Meikle,Port Tolland,Mail,10
21,13:01,0745,Aileen,Sutherland,Kirkwhinnie,Pilot,20
21,13:01,1938,Lachlan,Gillespie,Inverlash,Fishing,5
21,13:09,1859,Maxwell,Tolmie,Port Tolland,Mail,14
21,13:09,2045,Flora,Wilkinson,Balnacrae,Mail,10
21,13:15,0942,Bernard,Donnelly,Ballyvarra,Tender,20
21,13:18,0382,Rose,Charnock,Bayle,Tender,11
21,13:34,0544,Dorcas,Duthie,Inverlash,Tender,5
21,13:58,0394,Gavin,Munro,Inverlash,Tender,22
21,13:58,0983,Seamus,Lorimer,Ardvane,Pilot,7
21,14:02,1147,Vernon,Gemmell,Polbrae,Fishing,4
21,14:04,0075,Malcolm,Bisset,Port Tolland,Mail,20
21,14:33,1195,Johan,Muldoon,Inverlash,Pilot,19
21,14:46,0147,Hollie,Rafferty,Ardvane,Tender,6
21,15:16,2062,Bessie,Fullarton,Carrowby,Fishing,12
21,15:24,0095,Sean,Rodger,Port Tolland,Fishing,5
21,15:30,0419,Walter,Veitch,Strathcorrie,Fishing,20
21,15:41,2070,Eliza,Anstruther,Torrandhu,Tender,6
21,15:43,0142,Sarah,Rennison,Bayle,Fishing,19
21,15:59,0253,Audrey,Lowrie,Carrowby,Pilot,19
21,16:05,0649,Bryce,Thorburn,Strathcorrie,Pilot,24
21,16:23,1165,Quinn,Birtwistle,Inverlash,Fishing,9
21,16:24,0793,Zelda,Crowley,Achnabrae,Mail,2
21,16:44,2254,Walter,Lamb,Inverlash,Tender,24
21,16:50,1860,Elinor,Russell,Ardvane,Mail,15
21,17:00,0238,Gilbert,MacNab,Lannagh,Fishing,1
21,17:12,1359,Nora,Watt,Bayle,Fishing,3
21,18:07,0648,Hugh,Sowerby,Kirkwhinnie,Fishing,6
21,18:28,1815,Callum,Cairns,Kirkwhinnie,Pilot,12
22,06:33,0025,Robin,MacNab,Kirkwhinnie,Pilot,1
22,06:54,2361,Irene,Pogson,Carrowby,Fishing,12
22,06:54,2368,Abigail,Farrell,Inverlash,Pilot,1
22,07:00,2205,Walter,Lennie,Balnacrae,Mail,12
22,07:34,1968,Morgan,McCulloch,Strathcorrie,Pilot,20
22,07:35,0194,Bessie,Regan,Polbrae,Pilot,20
22,08:21,0415,Phyllis,Marr,Inverlash,Tender,9
22,08:37,0960,Leonie,Sandeman,Rathvarra,Mail,18
22,09:17,1323,Fintan,Bain,Kirkwhinnie,Mail,1
22,09:46,0521,Janet,Mahon,Achnabrae,Tender,22
22,09:50,1434,Mhairi,Lamont,Ballyvarra,Tender,20
22,10:29,0999,Murdo,Brierley,Carrowby,Mail,2
22,10:34,0125,Maxwell,Elder,Kilvarra,Pilot,13
22,10:34,2004,Imogen,McGillivray,Strathcorrie,Pilot,24
22,10:44,1737,Carla,Kidston,Strathcorrie,Tender,4
22,10:45,1173,Innes,Muir,Kilvarra,Mail,5
22,10:48,1445,Lachlan,Kilgour,Kirkwhinnie,Mail,19
22,10:53,0777,Arran,Ramsden,Port Tolland,Mail,17
22,10:56,0278,Norman,Munro,Kirkwhinnie,Fishing,17
22,11:04,1175,Faye,Lister,Bayle,Pilot,4
22,11:05,0728,Magda,Barraclough,Achnabrae,Fishing,16
22,11:05,1372,Jacob,Sheridan,Port Tolland,Pilot,17
22,11:11,0039,Kieran,Whelan,Ballyvarra,Fishing,3
22,11:12,1628,Daisy,Stirling,Lannagh,Mail,4
22,11:26,1486,Niall,Orr,Rathvarra,Fishing,9
22,11:29,0973,Tristan,Graham,Polbrae,Mail,7
22,11:33,1164,Steven,Buchan,Bayle,Fishing,10
22,11:46,0534,Gemma,Moffat,Polbrae,Fishing,22
22,11:48,0654,Frances,Moran,Torrandhu,Tender,19
22,11:53,2259,Hannah,Quarrier,Skellan,Tender,16
22,11:58,0903,Vernon,Dodgson,Port Tolland,Pilot,14
22,12:01,0585,Jarvis,Oddy,Port Tolland,Tender,9
22,12:05,2349,Peggy,Skene,Strathcorrie,Mail,16
22,12:18,1796,Niall,Duggan,Polbrae,Fishing,20
22,12:21,1088,Damian,Gaukroger,Kilvarra,Fishing,12
22,12:23,1262,Arran,Doran,Kilvarra,Mail,21
22,12:25,1756,Colin,Blackwood,Port Tolland,Pilot,12
22,12:29,1699,Malcolm,Moncur,Torrandhu,Pilot,22
22,12:37,0788,Mhairi,Quinlan,Carrowby,Mail,13
22,12:43,1950,Karen,Treacy,Kirkwhinnie,Mail,9
22,12:53,1824,Cormac,Tolmie,Achnabrae,Fishing,15
22,12:58,2133,Neil,Maxwell,Polbrae,Fishing,5
22,13:08,1888,Innes,Gemmell,Port Tolland,Pilot,21
22,13:14,0118,Fergus,Guthrie,Skellan,Pilot,20
22,13:19,1102,Marsali,Urquhart,Ballyvarra,Tender,5
22,13:19,1808,Basil,Cuthbert,Carrowby,Pilot,16
22,13:21,1896,Alistair,Stark,Ballyvarra,Tender,2
22,13:25,1309,Stanley,Dolan,Achnabrae,Tender,4
22,13:25,1601,Selina,Weir,Torrandhu,Tender,20
22,13:35,1219,Frances,Brodie,Achnabrae,Tender,5
22,13:37,2122,Emmet,Carey,Achnabrae,Pilot,15
22,13:57,1689,Meredith,Wolstenholme,Polbrae,Fishing,20
22,14:11,1042,Magda,Fairbairn,Polbrae,Tender,7
22,14:25,2378,Kirstin,Rae,Polbrae,Pilot,20
22,14:35,0906,Innes,Shand,Achnabrae,Fishing,11
22,14:43,2089,Ross,Livingstone,Inverlash,Pilot,9
22,14:45,1114,Christina,Stobie,Kirkwhinnie,Mail,6
22,14:51,1501,Iris,Loudon,Torrandhu,Tender,9
22,15:44,0193,Bernard,McGovern,Bayle,Tender,10
22,16:07,1414,Harry,Egan,Inverlash,Fishing,20
22,16:25,1373,Oscar,Moffat,Port Tolland,Pilot,20
22,16:49,0886,Anabel,Clunie,Achnabrae,Tender,20
22,16:53,1344,Rhona,Loughlin,Ardvane,Fishing,1
22,16:58,0314,Imogen,Napier,Balnacrae,Mail,11
22,17:47,0711,Gregor,Meikle,Ballyvarra,Pilot,12
22,18:00,1067,Torquil,Tait,Torrandhu,Pilot,11
22,18:09,1083,Harold,Dargie,Port Tolland,Mail,10
22,18:09,1626,Hector,Jolly,Port Tolland,Mail,21
22,18:17,0567,Connor,Kirk,Balnacrae,Pilot,20
22,18:23,0004,Reuben,Kynoch,Polbrae,Mail,4
23,06:37,1877,Bram,Robshaw,Torrandhu,Pilot,13
23,07:40,2013,Mabel,Rourke,Strathcorrie,Fishing,1
23,08:00,0528,Harriet,Cochrane,Polbrae,Pilot,4
23,08:00,2140,Harry,Kirwan,Inverlash,Mail,20
23,08:29,1023,Leonie,Egan,Achnabrae,Pilot,11
23,09:13,1469,Effie,Pitcairn,Kirkwhinnie,Mail,3
23,09:19,0349,Gwyneth,Sowerby,Torrandhu,Tender,1
23,09:20,0375,Bessie,Muir,Ballyvarra,Fishing,7
23,09:50,0354,Aileen,Reid,Carrowby,Pilot,1
23,09:54,1783,Fergal,Dunn,Achnabrae,Pilot,20
23,09:55,2385,Lucas,Forsyth,Torrandhu,Fishing,6
23,10:24,1819,Marla,Malloch,Ballyvarra,Tender,6
23,10:26,2245,Innes,Eccles,Rathvarra,Fishing,23
23,10:33,1748,Albert,McCann,Polbrae,Mail,4
23,10:38,1639,Murdo,Haworth,Balnacrae,Pilot,4
23,10:39,0223,Gwen,Bottomley,Port Tolland,Pilot,16
23,10:40,2269,Tara,Thorburn,Ballyvarra,Mail,1
23,10:43,1166,Ivor,Carnegie,Achnabrae,Fishing,24
23,10:46,0289,Annabel,Gilchrist,Kilvarra,Tender,21
23,10:53,1307,Vina,Murtagh,Achnabrae,Fishing,21
23,11:01,1281,Martha,Dunbar,Torrandhu,Mail,2
23,11:17,1508,Bram,Haworth,Bayle,Tender,6
23,11:22,1086,Rory,Tully,Port Tolland,Pilot,24
23,11:26,0068,Ailie,Tait,Achnabrae,Fishing,17
23,11:31,1130,Daisy,Boyd,Inverlash,Mail,7
23,11:33,0370,Kieran,Gaukroger,Bayle,Mail,13
23,11:39,0933,Teresa,Robb,Balnacrae,Mail,20
23,11:45,1431,Selina,Ewing,Port Tolland,Mail,6
23,11:46,1006,Harriet,Kemlo,Rathvarra,Pilot,11
23,11:50,0251,Cyril,Maxwell,Port Tolland,Tender,3
23,11:50,1865,Edgar,MacIver,Torrandhu,Mail,11
23,11:59,1348,Elsie,Kidd,Carrowby,Tender,14
23,12:03,0386,Hector,Doran,Port Tolland,Pilot,7
23,12:09,0324,Vera,Small,Inverlash,Mail,9
23,12:10,2157,Cerys,Gaukroger,Ballyvarra,Fishing,11
23,12:17,2328,Vera,Pogson,Balnacrae,Fishing,24
23,12:21,1764,Bram,Cochrane,Port Tolland,Mail,17
23,12:28,0455,Harold,Feeney,Kirkwhinnie,Mail,22
23,12:30,0135,Lily,Bonar,Skellan,Pilot,16
23,12:30,1097,Corrie,Scobie,Kilvarra,Mail,8
23,12:40,2150,Faye,Mearns,Inverlash,Pilot,15
23,12:47,1393,Vernon,Dunlop,Kirkwhinnie,Mail,12
23,12:53,0438,Kirsty,MacRae,Torrandhu,Mail,7
23,12:53,0580,Marion,Fallon,Lannagh,Mail,20
23,12:56,1116,Dunstan,Blackwood,Kirkwhinnie,Fishing,4
23,13:02,1356,Fabian,Fothergill,Strathcorrie,Mail,7
23,13:20,1347,Evan,Sutherland,Polbrae,Pilot,24
23,13:35,0179,Kenneth,Rowand,Rathvarra,Mail,24
23,13:37,1954,Cerys,Fullarton,Skellan,Mail,12
23,13:44,1907,Jacob,Muir,Achnabrae,Mail,5
23,13:49,2374,Gillian,Madigan,Torrandhu,Pilot,16
23,13:56,2322,Isobel,Sim,Ballyvarra,Tender,22
23,14:00,1739,Bram,Rollo,Carrowby,Mail,3
23,14:01,0879,Henry,Tordoff,Polbrae,Tender,20
23,14:10,1443,Gilbert,Spence,Ardvane,Fishing,5
23,14:18,1174,Saul,Walsh,Ballyvarra,Fishing,12
23,14:29,0797,Elspet,Calder,Inverlash,Mail,8
23,14:31,0839,Roisin,Lennox,Achnabrae,Tender,22
23,14:43,0596,Catriona,Mulcahy,Ballyvarra,Fishing,22
23,14:54,0572,Elias,Finlayson,Ballyvarra,Fishing,4
23,15:00,0932,Edgar,Walsh,Port Tolland,Pilot,15
23,15:01,0048,Frances,Tucker,Kirkwhinnie,Pilot,24
23,15:04,0296,Anson,Hardcastle,Kirkwhinnie,Mail,4
23,15:20,1680,Annabel,McKenzie,Strathcorrie,Fishing,23
23,15:36,0487,Ruth,Malloch,Ballyvarra,Pilot,11
23,15:49,1902,Elinor,Chalmers,Balnacrae,Mail,23
23,18:29,1920,Elspet,Gallagher,Kirkwhinnie,Mail,18
