entry,ticket,first,last,town,gate,stall
16:00,0519,Lionel,Russell,Hartwell,West,9
16:00,0527,Hilda,Pennell,Ashcombe,East,27
16:00,0996,Sybil,Venning,Marrowby,North,21
16:00,1607,Edie,Lynn,Hartwell,South,33
16:00,2626,Sybil,Marsh,Foxhollow,West,34
16:00,3362,Amos,Glass,Dunmoor,West,1
16:00,4939,Daisy,Jarrett,Ashcombe,North,2
16:00,5403,Harold,Barrow,Juniper Cross,North,23
16:01,0018,Otto,Nuttall,Emberfield,North,4
16:01,2025,Gwen,Glass,Oakhurst,West,8
16:01,2959,Dolly,Pryce,Elderbrook,South,17
16:01,3084,Stanley,Hartley,Foxhollow,East,22
16:01,3413,Thea,Walker,Greyhaven,East,4
16:01,3733,Ned,Platt,Emberfield,North,29
16:01,3773,Bridget,Pinnock,Brambleford,West,11
16:01,3835,Elsie,Hazell,Emberfield,South,3
16:01,4209,Lena,Dennett,Elderbrook,South,15
16:01,4831,Florence,Reeve,Hartwell,South,12
16:01,5451,Dolly,Wadding,Emberfield,West,23
16:01,5551,Percy,Nuttall,Marrowby,West,6
16:02,2873,Leonard,Harker,Pennywick,West,31
16:02,2984,Beatrix,Cobb,Sloe Green,West,21
16:02,4387,Ethel,Yeoman,Sloe Green,North,33
16:02,4523,Wilfred,Linnell,Dunmoor,North,7
16:02,5005,Ida,Wren,Greyhaven,East,23
16:02,5160,Evelyn,Hale,Nettlefold,North,28
16:02,5429,Cora,Hill,Oakhurst,West,4
16:02,5453,Bella,Sheppard,Sloe Green,North,18
16:02,5884,Ray,Jewell,Emberfield,North,22
16:03,1699,Stanley,Lytton,Emberfield,North,31
16:03,3211,Cora,Goodall,Marrowby,North,9
16:03,3551,Minnie,Starling,Ashcombe,North,18
16:03,3632,Tobias,Dell,Ashcombe,East,17
16:03,3824,Monty,Tanner,Ashcombe,North,14
16:03,4779,Emily,Hollins,Emberfield,West,7
16:04,0217,Freda,Thatcher,Juniper Cross,East,17
16:04,0727,Ivy,Tebbutt,Emberfield,West,25
16:04,1345,Dorothy,Wren,Oakhurst,West,7
16:04,2931,Dora,Birch,Foxhollow,North,7
16:04,3430,Lily,Elwood,Emberfield,North,22
16:04,5030,Alfred,Vesey,Oakhurst,South,8
16:05,0072,Dorothy,Grange,Juniper Cross,East,35
16:05,0730,Rupert,Linnell,Nettlefold,South,13
16:05,1916,Lionel,Dell,Hartwell,East,1
16:05,1964,Bernard,Kettle,Juniper Cross,North,12
16:05,2465,Agnes,Birch,Dunmoor,North,29
16:05,3392,Sadie,Pollard,Brambleford,South,22
16:05,5206,Mavis,Dell,Kestrel Bay,South,34
16:05,5863,Frances,Hartley,Emberfield,West,27
16:06,0564,Frances,Hurst,Elderbrook,North,7
16:06,1213,Ray,Reeve,Kestrel Bay,North,23
16:06,1445,Lydia,Harker,Hartwell,South,4
16:06,3190,Cyril,Lark,Elderbrook,South,35
16:06,4776,Imogen,Rainer,Sloe Green,South,26
16:06,5543,Josie,Harker,Dunmoor,South,8
16:07,2292,Kit,Reeve,Elderbrook,North,8
16:07,4959,Maisie,Wheeler,Emberfield,West,16
16:07,5110,Mabel,Skerritt,Hartwell,West,34
16:07,5315,Daisy,Warrender,Foxhollow,West,28
16:08,0065,Jude,Finch,Emberfield,South,9
16:08,1305,Ottilie,Gray,Brambleford,West,13
16:08,1719,Amos,Terrell,Oakhurst,South,27
16:08,2383,Audrey,Chandler,Pennywick,South,9
16:08,2511,Ottilie,Parrish,Pennywick,North,20
16:08,2970,Teddy,Pennell,Dunmoor,South,1
16:08,3030,Una,Mallet,Emberfield,East,3
16:08,3845,Greta,Pryce,Dunmoor,South,16
16:08,3914,Edith,Nash,Emberfield,South,15
16:08,4717,Frances,Brook,Elderbrook,East,16
16:08,5238,Enid,Selby,Ashcombe,East,7
16:09,0135,Lionel,Venning,Nettlefold,East,6
16:09,2131,Mabel,Hurst,Emberfield,West,8
16:09,2412,Poppy,Carver,Marrowby,West,22
16:09,2475,Jasper,Perrin,Foxhollow,West,21
16:09,4227,Agnes,Thackery,Juniper Cross,West,20
16:09,4380,Hugo,Terrell,Greyhaven,North,6
16:09,5787,Olive,Skerritt,Elderbrook,East,17
16:10,0126,Bertie,Tuck,Greyhaven,West,8
16:10,0655,Oscar,Barrow,Brambleford,North,6
16:10,1231,Ivy,Moss,Emberfield,South,20
16:10,1342,Lydia,Sallow,Emberfield,East,14
16:10,3663,Celia,Miller,Copperwell,East,5
16:10,5079,Edie,Neville,Dunmoor,North,20
16:10,5404,Otto,Rainer,Juniper Cross,North,5
16:11,0016,Wilfred,Yardley,Nettlefold,East,29
16:11,0488,Timothy,Dunn,Sloe Green,West,6
16:11,2156,Josie,Pryce,Nettlefold,South,5
16:11,2639,Ruth,Gibbs,Emberfield,East,27
16:11,4142,Teddy,Bennett,Emberfield,West,29
16:11,4228,Muriel,Hobbs,Kestrel Bay,North,28
16:11,4681,Rosa,Sykes,Sloe Green,West,6
16:11,4684,Harold,Russell,Dunmoor,North,26
16:11,5199,Hazel,Cutler,Sloe Green,South,11
16:11,5500,Abigail,Neville,Juniper Cross,West,19
16:12,0052,Violet,Minns,Juniper Cross,East,30
16:12,0127,Iris,Trask,Emberfield,North,7
16:12,3153,Frances,Pollard,Pennywick,North,33
16:12,3262,Agnes,Mayhew,Foxhollow,North,34
16:12,3347,Gilbert,Gray,Dunmoor,East,5
16:12,3989,Lionel,Tinsley,Emberfield,North,19
16:12,4054,Amos,Vesey,Emberfield,West,34
16:12,5825,Mavis,Glass,Emberfield,South,6
16:13,0174,Mavis,Barrow,Marrowby,West,9
16:13,0594,Agnes,Parrish,Emberfield,East,9
16:13,0679,Violet,Terrell,Emberfield,North,33
16:13,1224,Audrey,Dunn,Sloe Green,North,29
16:13,1821,Ernest,Miller,Foxhollow,South,12
16:13,3635,Ivy,Lytton,Oakhurst,South,2
16:13,4473,Minnie,Reeve,Marrowby,East,36
16:13,5163,Pip,Blackwood,Pennywick,West,35
16:13,5251,Daisy,Blackwood,Emberfield,South,8
16:13,5786,Evelyn,Warrender,Kestrel Bay,North,11
16:14,0792,Harold,Vesey,Brambleford,South,24
16:14,5549,Nell,Skerritt,Kestrel Bay,North,1
16:15,0618,Ruth,Jarrett,Kestrel Bay,North,32
16:15,1584,Lionel,Innes,Ashcombe,West,5
16:15,1974,Rhoda,Wren,Marrowby,North,23
16:15,3295,Vera,Sykes,Marrowby,South,4
16:15,3328,Agnes,Oakes,Dunmoor,West,3
16:15,3817,Cora,Skerritt,Brambleford,North,13
16:16,0300,Lionel,Miller,Dunmoor,North,25
16:16,1497,Edgar,Keel,Kestrel Bay,West,11
16:16,3361,Harold,Marsh,Oakhurst,North,12
16:16,3650,Minnie,Yeoman,Brambleford,East,2
16:16,3669,Quentin,Kettle,Ashcombe,East,13
16:16,4087,Kit,Sellers,Emberfield,East,24
16:16,4682,Archie,Kidd,Pennywick,East,6
16:16,5032,Maisie,Moss,Pennywick,West,8
16:17,0296,Nora,Ellery,Oakhurst,North,32
16:17,1638,Leonard,Harrell,Copperwell,West,30
16:17,2507,Kit,Kettle,Emberfield,East,5
16:17,2641,Harold,Kemp,Marrowby,West,17
16:17,3422,Celia,Rainer,Emberfield,North,15
16:17,3581,Dorothy,Yeoman,Juniper Cross,South,13
16:17,3948,Hugo,Trask,Copperwell,South,26
16:17,4376,Amos,Jarrett,Dunmoor,South,31
16:17,4445,Xavier,Pollard,Pennywick,North,7
16:18,0005,Elsie,Thackery,Brambleford,West,32
16:18,1962,Zelda,Dennett,Dunmoor,West,21
16:18,2364,Tobias,Lynn,Emberfield,West,15
16:18,3892,Clara,Gibbs,Kestrel Bay,West,26
16:18,4830,Frances,Jarrett,Brambleford,West,35
16:18,5432,Isla,Teller,Sloe Green,East,22
16:18,5969,Pip,Abbott,Emberfield,South,22
16:19,1956,Otto,Thackery,Emberfield,South,36
16:19,2561,Martha,Hartley,Emberfield,South,27
16:19,4527,Minnie,Farrell,Brambleford,West,26
16:19,5698,Percy,Tuck,Ashcombe,North,11
16:20,0875,Rowena,Tully,Elderbrook,North,21
16:20,2138,Gwen,Birch,Ashcombe,East,19
16:20,2281,Rupert,Nuttall,Emberfield,South,36
16:20,2739,Mavis,Penny,Emberfield,West,35
16:20,3343,Lena,Pettit,Ashcombe,South,15
16:20,3550,Ivor,Terrell,Copperwell,North,31
16:20,5934,Silas,Keel,Emberfield,North,17
16:21,0030,Alfred,Denny,Juniper Cross,West,22
16:21,2662,Bertie,Pennell,Emberfield,North,18
16:21,3287,Wilfred,Fennell,Hartwell,North,33
16:21,3673,Milo,Barrett,Elderbrook,South,29
16:21,4172,Maisie,Tanner,Dunmoor,South,32
16:21,5900,Thea,Venning,Brambleford,East,32
16:22,0447,Stella,Marsh,Emberfield,North,4
16:22,1092,Clara,Selby,Pennywick,North,34
16:22,3282,Una,Trask,Copperwell,South,32
16:22,3300,Ernest,Kennett,Copperwell,North,35
16:22,3591,Zelda,Glass,Brambleford,East,17
16:22,3910,Leonard,Brook,Kestrel Bay,East,21
16:22,4202,Ernest,Gibbs,Dunmoor,North,27
16:22,4322,Dorothy,Harrell,Juniper Cross,South,20
16:23,0945,Lydia,Teller,Oakhurst,East,10
16:23,2005,Muriel,Rainer,Sloe Green,West,7
16:23,2484,Sybil,Hale,Pennywick,North,2
16:23,2696,Margot,Wrenn,Foxhollow,South,21
16:23,2962,Jasper,Pennell,Hartwell,North,17
16:23,3360,Barnaby,Yeoman,Juniper Cross,North,3
16:23,5111,Ruth,Pryce,Emberfield,West,26
16:23,5387,Ivy,Hollins,Emberfield,South,14
16:23,5804,Bridget,Carrell,Emberfield,West,28
16:24,0736,Pip,Lark,Ashcombe,South,18
16:24,0858,Cecil,Hollins,Brambleford,South,9
16:24,1869,Effie,Jarrett,Ashcombe,West,21
16:24,2078,Stella,Tidwell,Marrowby,South,3
16:24,2779,Amos,Drake,Ashcombe,East,18
16:24,3416,Wilfred,Walker,Copperwell,East,33
16:24,4488,Lottie,Finch,Emberfield,North,34
16:24,5939,Edmund,Platt,Emberfield,North,4
16:25,1804,Albert,Blackwood,Juniper Cross,South,2
16:25,1880,Milo,Tinsley,Greyhaven,East,34
16:25,2866,Maud,Glass,Kestrel Bay,South,19
16:25,3397,Lena,Hazell,Nettlefold,South,2
16:25,4487,Oscar,Dell,Juniper Cross,North,4
16:26,1281,Tobias,Linnell,Emberfield,North,21
16:26,2354,Harvey,Grange,Emberfield,West,11
16:26,3332,Ada,Pym,Hartwell,South,21
16:26,3804,Muriel,Reeve,Marrowby,West,35
16:26,4301,Winnie,Varley,Ashcombe,East,28
16:26,5598,Ray,Denny,Ashcombe,South,10
16:27,0160,Ernest,Goodall,Hartwell,North,30
16:27,0297,Xavier,Dell,Nettlefold,South,22
16:27,0432,Phoebe,Winnard,Emberfield,East,31
16:27,1510,Florence,Perrin,Emberfield,East,28
16:27,2429,Stella,Kerrigan,Greyhaven,East,7
16:27,5538,Alfred,Wrenn,Emberfield,West,15
16:28,1073,Daisy,Gibbs,Elderbrook,North,24
16:28,3251,Mavis,Lytton,Elderbrook,North,20
16:28,4091,Minnie,Jarrett,Emberfield,East,7
16:28,5582,Teddy,Jewell,Emberfield,East,34
16:29,0662,Edmund,Barrett,Emberfield,East,19
16:29,1338,Elsie,Pollard,Marrowby,East,25
16:29,1901,Phoebe,Trask,Emberfield,South,25
16:29,1929,Alice,Keel,Emberfield,West,36
16:29,2720,Muriel,Quill,Emberfield,South,26
16:29,3412,Milo,Pinnock,Hartwell,East,17
16:29,4292,Tobias,Winnard,Emberfield,East,5
16:29,4988,Olive,Starling,Marrowby,East,30
16:29,5560,Joan,Denny,Brambleford,South,32
16:30,1450,Cora,Jewell,Greyhaven,South,24
16:30,3432,Alice,Terrell,Pennywick,West,5
16:31,2533,Lily,Tully,Copperwell,East,19
16:31,5055,Harriet,Hobbs,Brambleford,East,20
16:31,5436,Audrey,Harker,Marrowby,West,26
16:31,5942,Jasper,Ellery,Oakhurst,West,28
16:32,0482,Sidney,Nuttall,Emberfield,East,25
16:32,1466,Lydia,Webb,Kestrel Bay,North,35
16:32,1885,Molly,Kemp,Emberfield,North,32
16:32,2069,Ivy,Clay,Kestrel Bay,West,20
16:32,2260,Cecil,Cobb,Hartwell,North,1
16:32,2947,Rowena,Goodall,Elderbrook,North,32
16:32,3196,Evelyn,Pinnock,Hartwell,North,27
16:32,4001,Bridget,Grange,Emberfield,South,14
16:32,4030,Josie,Elwood,Marrowby,East,5
16:33,0070,Bernard,Lennard,Emberfield,North,9
16:33,0999,Vera,Walker,Emberfield,North,19
16:33,3257,Bridget,Miller,Ashcombe,South,33
16:33,3813,Teddy,Elwood,Brambleford,North,29
16:33,3895,Amos,Wadding,Dunmoor,North,12
16:33,5001,Wilfred,Mallet,Emberfield,North,28
16:33,5155,Muriel,Lark,Ashcombe,North,32
16:34,0528,Phoebe,Finch,Copperwell,South,25
16:34,0707,Bertie,Scott,Sloe Green,East,34
16:34,2245,Ray,Goodall,Pennywick,East,34
16:34,2374,Greta,Glass,Greyhaven,North,4
16:34,4033,Lydia,Nuttall,Sloe Green,North,26
16:34,4630,Margot,Hobbs,Ashcombe,North,19
16:35,1143,Stanley,Garnett,Greyhaven,West,30
16:35,1767,Stella,Jarrett,Foxhollow,East,4
16:35,3154,Ray,Tennyson,Emberfield,West,31
16:35,3731,Harvey,Hobbs,Emberfield,West,36
16:35,4088,Myrtle,Wrenn,Greyhaven,East,23
16:35,4340,Beatrix,Ellery,Oakhurst,West,32
16:36,1681,Clement,Dell,Ashcombe,West,4
16:36,2375,Ida,Russell,Emberfield,West,28
16:36,2668,Barnaby,Neville,Sloe Green,North,1
16:36,4636,Dorothy,Crane,Emberfield,North,5
16:36,4653,Harvey,Sallow,Greyhaven,West,27
16:36,5042,Edith,Moss,Dunmoor,North,25
16:37,0021,Albert,Kidd,Brambleford,West,30
16:37,0539,Ned,Finch,Sloe Green,North,29
16:37,0878,Annie,Hayward,Pennywick,West,12
16:37,2172,Josie,Starling,Emberfield,West,28
16:37,2708,Vera,Ainsley,Emberfield,West,34
16:37,2750,Rupert,Pollard,Kestrel Bay,North,20
16:37,3105,Lily,Yardley,Emberfield,South,14
16:37,5548,Greta,Starling,Emberfield,North,7
16:37,5708,Gwen,Bennett,Emberfield,South,29
16:37,5715,Harold,Teller,Oakhurst,West,23
16:38,2243,Agnes,Sykes,Hartwell,West,29
16:38,2981,Daisy,Copper,Nettlefold,South,27
16:38,4755,Edie,Hazell,Juniper Cross,South,2
16:38,5319,Harriet,Brett,Brambleford,West,29
16:38,5871,Maisie,Hobbs,Dunmoor,West,34
16:39,1219,Teddy,Gray,Oakhurst,North,28
16:39,1670,Isla,Barrett,Sloe Green,West,21
16:39,1937,Nora,Clay,Brambleford,East,22
16:39,3972,Esther,Tully,Elderbrook,West,3
16:39,5073,Hazel,Kennett,Marrowby,South,29
16:39,5173,Audrey,Ellery,Kestrel Bay,West,4
16:39,5688,Hazel,Garnett,Nettlefold,North,29
16:40,0110,Bernard,Jewell,Pennywick,East,29
16:40,0141,Zelda,Ferrand,Marrowby,West,18
16:40,0884,Ernest,Brett,Greyhaven,West,18
16:40,1119,Ruth,Lynn,Hartwell,East,27
16:40,1529,Harvey,Pike,Ashcombe,South,13
16:40,2334,Sadie,Hartley,Emberfield,North,17
16:40,3025,Bernard,Wrenn,Nettlefold,East,18
16:40,3104,Annie,Nash,Copperwell,East,17
16:40,3526,Alfred,Wadding,Sloe Green,South,22
16:40,4793,Violet,Farrell,Foxhollow,West,14
16:40,5254,Edith,Gray,Greyhaven,North,29
16:41,0977,Barnaby,Tanner,Brambleford,West,14
16:41,1661,Nora,Yardley,Emberfield,West,21
16:41,1727,Milo,Rainer,Marrowby,North,26
16:41,1861,Lily,Tanner,Foxhollow,East,18
16:41,3097,Harriet,Lynn,Emberfield,South,13
16:41,3385,Leonard,Cutler,Dunmoor,North,30
16:41,3875,Maud,Brett,Juniper Cross,North,26
16:41,4062,Sidney,Tully,Brambleford,South,31
16:41,5874,Tobias,Harker,Oakhurst,South,9
16:42,0327,Rupert,Jenner,Emberfield,West,29
16:42,1688,Ivor,Trask,Elderbrook,South,10
16:42,3301,Gwen,Crane,Pennywick,West,18
16:42,3969,Cyril,Sellers,Foxhollow,North,32
16:42,4504,Vera,Birch,Juniper Cross,North,22
16:42,5716,Ruth,Grange,Hartwell,East,13
16:42,5821,Isla,Bramwell,Greyhaven,South,11
16:42,5966,Emily,Fennell,Juniper Cross,West,9
16:43,0221,Florence,Thackery,Emberfield,South,2
16:43,0850,Beatrix,Goodall,Copperwell,West,35
16:43,1730,Emily,Hazell,Foxhollow,West,29
16:43,2081,Thea,Sparrow,Juniper Cross,East,7
16:43,2706,Lydia,Tinsley,Hartwell,West,30
16:43,3297,Josie,Cobb,Sloe Green,North,7
16:43,3622,Minnie,Miller,Hartwell,East,14
16:43,3818,Ernest,Hadley,Oakhurst,West,32
16:43,3833,Agnes,Harrell,Dunmoor,East,12
16:43,5809,Monty,Jarrett,Hartwell,East,20
16:44,1541,Greta,Tanner,Sloe Green,North,27
16:44,2812,Harriet,Hollins,Ashcombe,East,36
16:44,2904,Cecil,Parrish,Foxhollow,East,22
16:44,3151,Sadie,Farrell,Juniper Cross,North,29
16:44,3167,Gwen,Ainsley,Hartwell,South,12
16:45,0306,Muriel,Neville,Juniper Cross,East,23
16:45,1038,Rowena,Miller,Emberfield,South,24
16:45,1410,Sadie,Innes,Juniper Cross,West,9
16:45,2610,Harriet,Fell,Pennywick,East,23
16:45,3108,Lottie,Nuttall,Emberfield,North,2
16:45,4765,Tobias,Birch,Kestrel Bay,East,32
16:45,5192,Effie,Jenner,Sloe Green,West,34
16:45,5242,Poppy,Tidwell,Brambleford,South,25
16:46,0165,Clement,Mallet,Emberfield,East,19
16:46,1040,Maud,Gull,Emberfield,East,11
16:46,1050,Violet,Wren,Sloe Green,West,6
16:46,1269,Mabel,Pollard,Emberfield,East,15
16:46,1654,Dolly,Pinnock,Marrowby,East,23
16:46,1690,Nora,Mallet,Emberfield,West,28
16:46,1700,Myrtle,Darrow,Copperwell,North,9
16:46,1851,Ivy,Chandler,Brambleford,North,30
16:46,1905,Ida,Dennett,Sloe Green,West,1
16:46,3580,Ivor,Kettle,Nettlefold,North,18
16:46,4070,Edie,Penny,Emberfield,South,9
16:46,4893,Abigail,Sykes,Emberfield,North,12
16:46,4969,Joan,Copper,Nettlefold,North,30
16:46,5250,Audrey,Brett,Brambleford,East,24
16:47,0961,Lena,Sheppard,Pennywick,West,26
16:47,0994,Muriel,Linnell,Marrowby,West,36
16:47,1593,Arthur,Trask,Emberfield,East,17
16:47,1796,Stanley,Nuttall,Juniper Cross,East,12
16:47,2045,Josie,Lark,Emberfield,West,19
16:47,2694,Evelyn,Sheppard,Emberfield,South,22
16:47,3020,Ned,Hurst,Foxhollow,South,6
16:47,4076,Effie,Whitt,Emberfield,South,20
16:47,4085,Oscar,Pollard,Brambleford,West,25
16:48,0012,Tobias,Kerrigan,Emberfield,North,3
16:48,0185,Minnie,Minns,Emberfield,West,35
16:48,0965,Gilbert,Tebbutt,Ashcombe,South,36
16:48,1653,Poppy,Perrin,Kestrel Bay,North,16
16:48,2435,Hilda,Kettle,Copperwell,North,28
16:48,2620,Jasper,Walker,Elderbrook,North,17
16:48,2671,Greta,Keel,Brambleford,West,35
16:48,3434,Edmund,Garnett,Dunmoor,East,19
16:48,3991,Dorothy,Pollard,Emberfield,North,7
16:48,4081,Rupert,Rainer,Foxhollow,West,15
16:48,4598,Amos,Mallet,Emberfield,South,3
16:48,4820,Myrtle,Pennell,Ashcombe,North,6
16:48,5806,Mavis,Gibbs,Juniper Cross,West,12
16:49,2802,Greta,Cobb,Brambleford,West,11
16:49,2818,Emily,Wadding,Oakhurst,East,22
16:49,3959,Celia,Linnell,Oakhurst,West,35
16:49,5257,Alfred,Fell,Juniper Cross,West,21
16:49,5274,Iris,Bell,Copperwell,North,30
16:49,5461,Stanley,Marsh,Emberfield,West,28
16:50,0704,Emily,Sparrow,Emberfield,West,30
16:50,1014,Ida,Teller,Sloe Green,East,21
16:50,1527,Ethel,Lark,Greyhaven,North,24
16:50,1689,Jasper,Yardley,Ashcombe,North,32
16:50,2301,Timothy,Sykes,Ashcombe,South,8
16:50,2379,Lydia,Kidd,Pennywick,South,10
16:50,2600,Evelyn,Neville,Hartwell,West,29
16:50,3656,Lionel,Pym,Elderbrook,West,21
16:50,4100,Frances,Keel,Emberfield,West,2
16:50,4207,Audrey,Darrow,Ashcombe,South,26
16:50,4993,Edie,Starling,Emberfield,East,30
16:50,5027,Agnes,Keel,Nettlefold,East,31
16:50,5165,Zelda,Warrender,Emberfield,West,31
16:50,5697,Ivy,Tuck,Juniper Cross,North,10
16:51,0019,Xavier,Tyler,Sloe Green,West,9
16:51,0737,Mabel,Ferrand,Juniper Cross,West,26
16:51,1049,Oscar,Venning,Emberfield,East,16
16:51,1363,Iris,Quill,Oakhurst,North,29
16:51,1420,Ernest,Copper,Juniper Cross,West,18
16:51,1831,Nell,Mallet,Emberfield,South,5
16:51,3475,Mavis,Tanner,Hartwell,South,20
16:51,3900,Harriet,Kemp,Copperwell,North,4
16:51,4571,Poppy,Barrow,Hartwell,North,24
16:52,0109,Dora,Trask,Dunmoor,East,7
16:52,0847,Rosa,Quill,Emberfield,South,5
16:52,1379,Ivor,Lynn,Kestrel Bay,East,36
16:52,2136,Wilfred,Darrow,Copperwell,East,23
16:52,3953,Ottilie,Quill,Dunmoor,West,25
16:52,4071,Barnaby,Pettit,Emberfield,West,24
16:52,4396,Sadie,Lark,Pennywick,East,33
16:52,4805,Joan,Linnell,Ashcombe,West,15
16:52,5087,Henry,Lark,Kestrel Bay,East,22
16:53,0004,Tobias,Bramwell,Hartwell,East,12
16:53,0440,Sadie,Platt,Kestrel Bay,North,29
16:53,1302,Nora,Dell,Ashcombe,West,2
16:53,1336,Freda,Pryce,Marrowby,North,3
16:53,1464,Enid,Wells,Foxhollow,East,4
16:53,1919,Margot,Ellery,Greyhaven,East,23
16:53,1933,Silas,Fell,Sloe Green,North,3
16:53,2214,Imogen,Sallow,Foxhollow,West,30
16:53,2386,Alfred,Kettle,Emberfield,West,22
16:53,2401,Cora,Miller,Elderbrook,East,17
16:53,2470,Amos,Mercer,Elderbrook,North,11
16:53,2604,Ralph,Neville,Copperwell,East,29
16:53,3334,Nora,Sheppard,Brambleford,North,6
16:53,3383,Nora,Teller,Emberfield,South,17
16:53,3753,Rosa,Lennard,Ashcombe,West,11
16:53,4037,Alice,Birch,Emberfield,South,27
16:53,4440,Harold,Lark,Brambleford,West,14
16:53,4470,Agnes,Merritt,Emberfield,East,14
16:54,0395,Iris,Drake,Hartwell,East,1
16:54,0734,Ada,Sheppard,Juniper Cross,South,31
16:54,1604,Poppy,Tuck,Nettlefold,South,21
16:54,2422,Wilfred,Jenner,Ashcombe,West,3
16:54,3457,Hilda,Bramwell,Emberfield,North,36
16:54,3616,Xavier,Venning,Greyhaven,West,15
16:54,3689,Kit,Tuck,Sloe Green,East,8
16:54,3699,Cyril,Innes,Marrowby,East,15
16:54,3738,Ida,Gull,Ashcombe,South,25
16:54,4994,Sybil,Merritt,Dunmoor,West,17
16:54,5137,Freda,Wrenn,Greyhaven,West,34
16:54,5776,Leonard,Brett,Emberfield,West,14
16:55,0716,Phoebe,Terrell,Dunmoor,West,27
16:55,0952,Myrtle,Wheeler,Brambleford,South,24
16:55,1477,Ralph,Pryce,Emberfield,West,32
16:55,1490,Phoebe,Marsh,Ashcombe,West,1
16:55,1664,Florence,Warrender,Emberfield,West,15
16:55,1763,Archie,Sellers,Pennywick,West,15
16:55,2877,Silas,Lynn,Emberfield,South,34
16:55,2879,Hazel,Wells,Elderbrook,South,26
16:55,3382,Effie,Russell,Nettlefold,West,29
16:55,4035,Abigail,Hollins,Nettlefold,West,29
16:55,5527,Percy,Neville,Foxhollow,West,27
16:55,5765,Lily,Venning,Emberfield,South,7
16:56,1130,Joan,Jenner,Emberfield,West,34
16:56,1193,Albert,Pym,Nettlefold,West,36
16:56,1521,Edith,Mallet,Greyhaven,East,5
16:56,1817,Muriel,Hill,Emberfield,South,22
16:56,1934,Clara,Wren,Dunmoor,East,35
16:56,2453,Violet,Perrin,Ashcombe,South,14
16:56,2654,Nell,Marsh,Brambleford,North,16
16:56,2934,Celia,Hollins,Marrowby,North,8
16:56,3369,Ivor,Kerrigan,Emberfield,North,1
16:56,3553,Harvey,Moss,Brambleford,North,14
16:56,3634,Edmund,Burrows,Foxhollow,South,32
16:56,4451,Imogen,Finch,Nettlefold,North,28
16:56,4604,Rupert,Ferrand,Pennywick,East,36
16:56,5107,Xavier,Wadding,Ashcombe,West,35
16:56,5146,Cecil,Sellers,Emberfield,North,15
16:56,5904,Timothy,Tinsley,Greyhaven,South,31
16:56,5967,Celia,Cobb,Kestrel Bay,North,18
16:57,0179,Iris,Skerritt,Juniper Cross,North,12
16:57,0598,Una,Winnard,Elderbrook,West,36
16:57,1556,Otto,Abbott,Foxhollow,East,9
16:57,2095,Mabel,Webb,Dunmoor,South,2
16:57,2176,Celia,Hill,Emberfield,North,6
16:57,3436,Imogen,Fell,Emberfield,West,23
16:57,3651,Gwen,Linnell,Emberfield,West,12
16:57,4592,Violet,Pryce,Pennywick,West,28
16:57,4880,Barnaby,Thatcher,Emberfield,West,3
16:57,5121,Maud,Hayward,Sloe Green,South,20
16:57,5924,Josie,Keel,Elderbrook,West,30
16:58,0224,Edie,Kemp,Emberfield,East,34
16:58,1320,Henry,Oakes,Oakhurst,South,25
16:58,1369,Arthur,Sallow,Brambleford,North,16
16:58,3898,Bella,Pettit,Marrowby,North,7
16:58,4193,Annie,Birch,Emberfield,South,33
16:58,4557,Barnaby,Pryce,Emberfield,North,17
16:58,5388,Ethel,Chandler,Emberfield,South,26
16:59,0227,Celia,Cutler,Emberfield,North,29
16:59,0659,Lydia,Dennett,Emberfield,South,14
16:59,1034,Phoebe,Fennell,Emberfield,East,14
16:59,1129,Maud,Bramwell,Emberfield,North,31
16:59,1633,Archie,Dell,Emberfield,East,1
16:59,1989,Ivor,Platt,Elderbrook,North,5
16:59,2135,Sidney,Pym,Copperwell,West,3
16:59,2275,Quentin,Hale,Copperwell,East,34
16:59,2776,Muriel,Brook,Kestrel Bay,South,35
16:59,2836,Imogen,Ainsley,Elderbrook,North,5
16:59,4055,Olive,Quill,Nettlefold,South,18
16:59,4178,Lionel,Minns,Pennywick,West,8
16:59,4977,Timothy,Kerrigan,Emberfield,West,23
16:59,5094,Arthur,Hurst,Emberfield,West,21
16:59,5891,Jasper,Farrell,Juniper Cross,West,18
16:59,5912,Edmund,Kidd,Emberfield,South,34
16:59,5948,Dolly,Skerritt,Elderbrook,South,20
17:00,1118,Hazel,Fennell,Emberfield,West,29
17:00,1208,Albert,Linnell,Greyhaven,West,11
17:00,1256,Wilfred,Hollins,Sloe Green,North,23
17:00,2055,Pip,Kerrigan,Juniper Cross,South,16
17:00,2143,Milo,Sallow,Pennywick,West,26
17:00,2162,Agnes,Tuck,Hartwell,East,19
17:00,2168,Dolly,Tully,Elderbrook,West,5
17:00,2623,Dolly,Sellers,Foxhollow,South,7
17:00,3226,Una,Goodall,Greyhaven,West,16
17:00,3724,Hilda,Drake,Nettlefold,South,7
17:00,3879,Abigail,Bell,Dunmoor,North,1
17:00,4120,Effie,Elwood,Ashcombe,East,27
17:00,4348,Lydia,Chandler,Foxhollow,North,23
17:00,4587,Hugo,Garnett,Pennywick,West,1
17:00,4732,Hazel,Platt,Pennywick,South,2
17:00,4901,Edith,Marsh,Nettlefold,South,25
17:00,4976,Josie,Mayhew,Sloe Green,West,14
17:00,5365,Ruth,Penny,Ashcombe,South,19
17:00,5383,Florence,Jewell,Copperwell,West,28
17:01,0533,Violet,Nuttall,Greyhaven,East,19
17:01,1395,Harriet,Tinsley,Elderbrook,South,22
17:01,1750,Archie,Brett,Emberfield,South,33
17:01,2306,Amos,Grange,Juniper Cross,South,29
17:01,2370,Edie,Glass,Elderbrook,East,19
17:01,2849,Annie,Lynn,Marrowby,East,29
17:01,3977,Milo,Starling,Ashcombe,North,30
17:01,4154,Bernard,Rainer,Juniper Cross,West,30
17:01,4263,Esther,Kidd,Marrowby,West,15
17:01,4325,Ralph,Glass,Emberfield,North,26
17:01,4947,Edgar,Hale,Sloe Green,North,24
17:01,4991,Edgar,Dennett,Marrowby,South,14
17:01,5760,Esther,Tanner,Copperwell,South,1
17:02,0026,Clement,Lytton,Sloe Green,North,20
17:02,0458,Harold,Thackery,Dunmoor,East,1
17:02,0718,Cora,Bramwell,Emberfield,South,12
17:02,1279,Mavis,Varley,Emberfield,South,7
17:02,1502,Thea,Gibbs,Dunmoor,South,22
17:02,2660,Alice,Ainsley,Nettlefold,East,17
17:02,3658,Dorothy,Tuck,Dunmoor,North,9
17:02,4104,Xavier,Wrenn,Emberfield,North,9
17:02,4773,Thea,Copper,Oakhurst,South,3
17:02,5106,Pip,Pym,Hartwell,East,3
17:02,5993,Thea,Clay,Dunmoor,South,21
17:03,0689,Quentin,Tuck,Emberfield,East,2
17:03,1167,Ralph,Linnell,Brambleford,East,10
17:03,1301,Cecil,Drake,Sloe Green,North,3
17:03,1562,Percy,Pinnock,Nettlefold,West,31
17:03,1705,Evelyn,Nash,Dunmoor,East,32
17:03,2629,Ray,Warrender,Emberfield,East,13
17:03,3007,Isla,Kidd,Kestrel Bay,West,30
17:03,3407,Maud,Pym,Foxhollow,North,35
17:03,3431,Kit,Moss,Emberfield,East,6
17:03,3653,Molly,Wells,Brambleford,East,29
17:03,4479,Otto,Selby,Juniper Cross,West,25
17:03,4665,Lena,Wells,Marrowby,East,24
17:03,5603,Ida,Garnett,Ashcombe,East,12
17:03,5951,Silas,Grange,Pennywick,South,29
17:04,0184,Winnie,Thatcher,Juniper Cross,North,7
17:04,0247,Myrtle,Walker,Oakhurst,West,26
17:04,0290,Freda,Clay,Ashcombe,North,5
17:04,0530,Dorothy,Hazell,Foxhollow,South,6
17:04,1028,Vera,Glass,Elderbrook,West,19
17:04,1380,Sybil,Ferrand,Greyhaven,West,36
17:04,1587,Una,Wells,Emberfield,North,1
17:04,1758,Quentin,Starling,Emberfield,South,18
17:04,1868,Bella,Hollins,Hartwell,West,18
17:04,2652,Lily,Carver,Brambleford,South,6
17:04,2698,Minnie,Penny,Brambleford,North,1
17:04,2850,Ivor,Harker,Hartwell,West,17
17:04,3168,Violet,Penny,Emberfield,West,10
17:04,3283,Emily,Birch,Emberfield,North,15
17:04,5134,Alfred,Tidwell,Ashcombe,East,34
17:04,5499,Audrey,Varley,Ashcombe,South,17
17:04,5619,Ernest,Hale,Emberfield,East,33
17:04,5898,Sadie,Webb,Kestrel Bay,East,30
17:05,0071,Otto,Tennyson,Emberfield,South,9
17:05,0147,Ray,Starling,Foxhollow,South,22
17:05,0917,Nora,Tyler,Nettlefold,East,21
17:05,0939,Amos,Lark,Foxhollow,South,24
17:05,1020,Molly,Fell,Brambleford,West,24
17:05,1259,Cecil,Tidwell,Sloe Green,East,2
17:05,1674,Freda,Tinsley,Emberfield,South,27
17:05,1941,Edmund,Copper,Hartwell,North,15
17:05,2973,Dorothy,Wells,Ashcombe,East,4
17:05,3086,Rosa,Sallow,Dunmoor,North,9
17:05,3495,Violet,Hazell,Ashcombe,South,8
17:05,3707,Poppy,Winnard,Foxhollow,North,12
17:05,3759,Clara,Pinnock,Pennywick,South,16
17:05,3797,Olive,Selby,Dunmoor,East,22
17:05,4112,Percy,Wrenn,Brambleford,West,9
17:05,4449,Dora,Carrell,Foxhollow,West,16
17:05,4547,Gilbert,Hadley,Sloe Green,North,4
17:05,4724,Milo,Tidwell,Marrowby,South,30
17:05,5086,Stella,Walker,Foxhollow,South,14
17:05,5629,Bernard,Bell,Brambleford,West,35
17:06,0259,Ottilie,Teller,Kestrel Bay,East,21
17:06,0740,Rupert,Wrenn,Hartwell,South,34
17:06,1329,Ivor,Bell,Greyhaven,North,25
17:06,1381,Bernard,Pinnock,Emberfield,North,27
17:06,1748,Poppy,Platt,Sloe Green,South,20
17:06,2225,Maud,Mallet,Pennywick,West,10
17:06,2552,Kit,Tennyson,Hartwell,West,18
17:06,2755,Maisie,Ainsley,Ashcombe,North,24
17:06,2773,Stanley,Hazell,Nettlefold,South,24
17:06,3050,Rhoda,Harrell,Pennywick,West,29
17:06,3110,Amos,Venning,Elderbrook,West,30
17:06,3250,Sidney,Dennett,Greyhaven,West,15
17:06,3694,Rhoda,Pinnock,Ashcombe,North,10
17:06,3713,Lydia,Hollins,Emberfield,South,6
17:06,4556,Freda,Trask,Pennywick,South,17
17:06,5074,Tobias,Glass,Emberfield,West,29
17:06,5208,Ned,Parrish,Brambleford,South,20
17:06,5463,Tobias,Hazell,Emberfield,South,10
17:06,5659,Fenella,Dunn,Nettlefold,East,31
17:06,5673,Enid,Whitt,Elderbrook,West,7
17:06,5684,Ida,Scott,Sloe Green,East,27
17:06,5861,Ivy,Ellery,Marrowby,North,36
17:06,5880,Dora,Hendry,Marrowby,North,5
17:07,0274,Clement,Pinnock,Emberfield,North,20
17:07,0302,Tobias,Brett,Emberfield,North,7
17:07,0370,Nora,Selby,Copperwell,North,18
17:07,0380,Dorothy,Thackery,Juniper Cross,North,18
17:07,0500,Violet,Selby,Marrowby,West,20
17:07,0555,Una,Dell,Ashcombe,North,11
17:07,1896,Bertie,Mayhew,Elderbrook,East,14
17:07,2082,Ray,Bell,Ashcombe,North,32
17:07,2448,Iris,Clay,Copperwell,South,12
17:07,2740,Lena,Grange,Copperwell,North,35
17:07,2897,Daisy,Hartley,Hartwell,North,2
17:07,3016,Amos,Parrish,Sloe Green,West,17
17:07,3089,Isla,Darrow,Foxhollow,West,32
17:07,3708,Sybil,Bennett,Pennywick,North,36
17:07,3956,Effie,Barrow,Juniper Cross,East,22
17:07,4421,Ida,Bramwell,Emberfield,South,28
17:07,4461,Lydia,Mallet,Emberfield,East,20
17:07,5946,Dora,Tebbutt,Dunmoor,West,21
17:08,1852,Esther,Russell,Emberfield,West,25
17:08,2558,Henry,Innes,Dunmoor,West,2
17:08,2851,Sybil,Platt,Marrowby,South,28
17:08,3458,Sadie,Hayward,Emberfield,South,4
17:08,4223,Zelda,Vesey,Kestrel Bay,North,19
17:08,4261,Silas,Reeve,Greyhaven,West,22
17:08,4538,Dolly,Brett,Nettlefold,North,32
17:08,5072,Jasper,Webb,Emberfield,South,24
17:08,5472,Sadie,Pettit,Greyhaven,West,26
17:08,5636,Hugo,Hazell,Oakhurst,East,29
17:09,0915,Iris,Pryce,Emberfield,North,23
17:09,0933,Phoebe,Webb,Nettlefold,East,4
17:09,0940,Winnie,Wadding,Brambleford,South,5
17:09,1211,Poppy,Pike,Emberfield,East,15
17:09,1216,Abigail,Carver,Hartwell,East,36
17:09,1326,Rhoda,Fennell,Elderbrook,West,10
17:09,2426,Ivor,Starling,Marrowby,East,21
17:09,2532,Celia,Teller,Emberfield,South,5
17:09,2664,Ruth,Lytton,Marrowby,South,27
17:09,3131,Teddy,Bell,Ashcombe,West,26
17:09,3320,Cyril,Thackery,Foxhollow,East,8
17:09,3419,Violet,Wrenn,Hartwell,North,5
17:09,3810,Violet,Scott,Greyhaven,East,25
17:09,4236,Dora,Thackery,Dunmoor,East,23
17:09,4509,Molly,Tinsley,Brambleford,North,16
17:09,4540,Lionel,Burrows,Copperwell,West,5
17:09,5737,Gwen,Sheppard,Juniper Cross,North,8
17:10,0346,Iris,Jewell,Pennywick,East,15
17:10,0597,Freda,Sheppard,Greyhaven,East,19
17:10,0633,Maisie,Tyler,Ashcombe,North,12
17:10,1006,Ivor,Cobb,Foxhollow,East,15
17:10,1437,Florence,Kemp,Emberfield,North,11
17:10,1501,Thea,Carrell,Emberfield,West,31
17:10,1738,Beatrix,Selby,Emberfield,West,24
17:10,1836,Clara,Denny,Brambleford,North,21
17:10,1908,Maisie,Oakes,Foxhollow,North,26
17:10,2307,Daisy,Wrenn,Emberfield,North,19
17:10,2786,Abigail,Chandler,Pennywick,North,16
17:10,3017,Oscar,Jenner,Oakhurst,West,26
17:10,3209,Zelda,Whitt,Emberfield,East,13
17:10,3336,Poppy,Wren,Kestrel Bay,East,26
17:10,3566,Stanley,Kidd,Elderbrook,West,2
17:10,3695,Mabel,Sheppard,Emberfield,West,16
17:10,4560,Nell,Bell,Dunmoor,North,16
17:10,5430,Rupert,Marsh,Nettlefold,North,36
17:10,5550,Alice,Barrett,Emberfield,East,34
17:10,5695,Frances,Brett,Emberfield,South,25
17:10,5921,Nell,Neville,Pennywick,South,29
17:11,0467,Hazel,Marsh,Pennywick,East,9
17:11,0596,Alice,Platt,Emberfield,West,6
17:11,1473,Jude,Harker,Kestrel Bay,South,2
17:11,1772,Sadie,Teller,Emberfield,West,27
17:11,1918,Lena,Carrell,Emberfield,West,32
17:11,2611,Tobias,Bennett,Kestrel Bay,West,8
17:11,3684,Hazel,Barrett,Emberfield,West,8
17:11,3758,Leonard,Whitt,Emberfield,South,4
17:11,4250,Maud,Kerrigan,Dunmoor,North,3
17:11,4762,Annie,Whitt,Foxhollow,North,12
17:11,5058,Frances,Sheppard,Kestrel Bay,North,29
17:12,0182,Ray,Webb,Kestrel Bay,South,4
17:12,0408,Rhoda,Mayhew,Brambleford,West,8
17:12,0669,Poppy,Tully,Copperwell,East,1
17:12,1062,Imogen,Oakes,Oakhurst,West,31
17:12,1272,Gwen,Walker,Elderbrook,North,27
17:12,1401,Edith,Barrett,Greyhaven,West,25
17:12,1612,Ottilie,Skerritt,Kestrel Bay,North,11
17:12,1756,Ivy,Starling,Juniper Cross,East,28
17:12,3053,Celia,Denny,Dunmoor,North,20
17:12,3692,Ernest,Yeoman,Ashcombe,North,4
17:12,3872,Florence,Wheeler,Nettlefold,East,9
17:12,4014,Harvey,Fennell,Ashcombe,East,14
17:12,4246,Ivy,Yeoman,Foxhollow,West,28
17:12,4618,Greta,Wheeler,Greyhaven,South,30
17:12,4651,Dolly,Carver,Nettlefold,West,9
17:12,5015,Clara,Thackery,Brambleford,East,17
17:12,5187,Milo,Cutler,Kestrel Bay,West,23
17:12,5555,Mabel,Kidd,Pennywick,East,20
17:13,0506,Clement,Moss,Marrowby,East,12
17:13,0650,Annie,Grange,Sloe Green,North,35
17:13,1090,Muriel,Kettle,Elderbrook,North,28
17:13,1534,Ada,Scott,Foxhollow,North,20
17:13,2312,Lydia,Selby,Dunmoor,North,22
17:13,2336,Maisie,Russell,Nettlefold,North,28
17:13,2972,Olive,Reeve,Foxhollow,West,5
17:13,3380,Hilda,Varley,Emberfield,West,10
17:13,3514,Edgar,Nuttall,Dunmoor,West,20
17:13,3601,Maud,Pryce,Emberfield,West,32
17:13,3778,Sidney,Farrell,Emberfield,West,24
17:13,4259,Ralph,Gibbs,Hartwell,North,12
17:13,4548,Myrtle,Grange,Juniper Cross,North,11
17:13,4575,Amos,Yeoman,Sloe Green,East,23
17:13,4582,Rosa,Pollard,Greyhaven,West,5
17:13,4664,Percy,Cutler,Emberfield,South,22
17:13,4823,Imogen,Tidwell,Nettlefold,South,29
17:13,4937,Sybil,Farrell,Sloe Green,North,6
17:13,5013,Poppy,Blackwood,Pennywick,South,25
17:13,5017,Daisy,Wren,Foxhollow,East,35
17:13,5743,Emily,Kemp,Marrowby,South,34
17:13,5824,Effie,Moss,Foxhollow,North,17
17:13,5867,Poppy,Darrow,Hartwell,North,20
17:13,5877,Vera,Abbott,Hartwell,South,6
17:14,0356,Dora,Keel,Kestrel Bay,North,14
17:14,0402,Agnes,Harker,Dunmoor,West,8
17:14,0869,Ray,Lark,Dunmoor,North,9
17:14,0893,Isla,Thatcher,Dunmoor,North,1
17:14,1396,Bridget,Harker,Sloe Green,North,8
17:14,1980,Fenella,Sallow,Emberfield,West,17
17:14,2008,Enid,Tebbutt,Copperwell,East,21
17:14,2211,Clement,Fennell,Emberfield,East,14
17:14,3063,Percy,Kemp,Juniper Cross,East,27
17:14,3204,Barnaby,Kidd,Kestrel Bay,East,19
17:14,3672,Dora,Fennell,Ashcombe,East,33
17:14,4525,Stella,Barrett,Sloe Green,West,1
17:14,4704,Clara,Bell,Brambleford,East,18
17:14,5465,Harvey,Lark,Emberfield,North,27
17:14,5919,Ruth,Mayhew,Kestrel Bay,West,35
17:15,0580,Rosa,Lynn,Dunmoor,West,24
17:15,1151,Percy,Pettit,Brambleford,South,23
17:15,1810,Lena,Mallet,Sloe Green,South,16
17:15,2418,Minnie,Dell,Copperwell,West,7
17:15,2647,Sadie,Penny,Marrowby,South,21
17:15,2686,Percy,Terrell,Copperwell,South,17
17:15,2718,Pip,Yeoman,Ashcombe,North,19
17:15,3782,Vera,Fennell,Emberfield,East,18
17:15,3961,Hugo,Kettle,Emberfield,West,9
17:15,4329,Ray,Harrell,Copperwell,East,15
17:15,4358,Jasper,Hale,Dunmoor,West,23
17:15,4650,Amos,Barrett,Dunmoor,South,23
17:15,4783,Freda,Keel,Juniper Cross,West,13
17:15,4999,Percy,Mallet,Nettlefold,East,9
17:15,5060,Ethel,Russell,Emberfield,East,19
17:15,5337,Enid,Harrell,Sloe Green,East,29
17:15,5440,Evelyn,Hobbs,Nettlefold,South,19
17:15,5872,Barnaby,Kerrigan,Hartwell,East,20
17:16,0188,Rhoda,Skerritt,Sloe Green,South,26
17:16,0202,Dolly,Hill,Juniper Cross,South,32
17:16,0515,Pip,Darrow,Oakhurst,North,10
17:16,1043,Margot,Wells,Sloe Green,South,6
17:16,1228,Stanley,Brook,Emberfield,West,21
17:16,1384,Quentin,Pollard,Juniper Cross,West,21
17:16,1740,Edmund,Moss,Kestrel Bay,South,11
17:16,1743,Gilbert,Copper,Emberfield,West,35
17:16,2042,Mabel,Thatcher,Pennywick,West,19
17:16,2711,Quentin,Jenner,Copperwell,North,4
17:16,3159,Rupert,Copper,Marrowby,South,11
17:16,3410,Rosa,Pennell,Emberfield,South,14
17:16,3493,Enid,Cobb,Emberfield,West,27
17:16,3609,Clara,Ellery,Emberfield,West,35
17:16,3627,Daisy,Penny,Foxhollow,North,9
17:16,3714,Harold,Sykes,Pennywick,West,16
17:16,3754,Otto,Kerrigan,Emberfield,North,3
17:16,4889,Hilda,Hadley,Sloe Green,North,15
17:16,4992,Kit,Cutler,Brambleford,East,30
17:16,5568,Esther,Tebbutt,Pennywick,East,20
17:17,0289,Emily,Yardley,Marrowby,North,22
17:17,0663,Maisie,Thackery,Emberfield,North,31
17:17,0776,Clara,Quill,Brambleford,North,5
17:17,1226,Monty,Mayhew,Emberfield,East,20
17:17,1310,Hazel,Ainsley,Dunmoor,North,14
17:17,1504,Teddy,Hobbs,Emberfield,East,16
17:17,2194,Cecil,Mercer,Sloe Green,West,33
17:17,2377,Ray,Thackery,Pennywick,North,12
17:17,3160,Stella,Perrin,Brambleford,South,31
17:17,3265,Lionel,Scott,Greyhaven,West,11
17:17,3344,Ralph,Nuttall,Emberfield,North,1
17:17,3963,Rhoda,Neville,Kestrel Bay,East,7
17:17,4282,Barnaby,Penny,Emberfield,West,32
17:17,4416,Bella,Rainer,Emberfield,West,35
17:17,4536,Teddy,Chandler,Emberfield,East,11
17:17,4972,Abigail,Kidd,Elderbrook,North,34
17:17,5244,Edmund,Wells,Kestrel Bay,North,26
17:17,5621,Wilfred,Gull,Emberfield,North,30
17:17,5820,Daisy,Hill,Greyhaven,North,31
17:18,0033,Percy,Ferrand,Greyhaven,North,17
17:18,0260,Percy,Webb,Dunmoor,West,25
17:18,0516,Bella,Yardley,Elderbrook,South,36
17:18,1197,Xavier,Quill,Brambleford,East,10
17:18,1210,Edie,Hayward,Oakhurst,West,24
17:18,1273,Rosa,Yardley,Emberfield,West,7
17:18,1925,Monty,Bramwell,Nettlefold,South,13
17:18,2120,Sidney,Hobbs,Pennywick,North,33
17:18,2457,Thea,Warrender,Ashcombe,East,21
17:18,2480,Zelda,Ainsley,Pennywick,West,27
17:18,2722,Pip,Keel,Greyhaven,South,17
17:18,2940,Archie,Lytton,Marrowby,West,19
17:18,3712,Bridget,Pettit,Oakhurst,North,4
17:18,3980,Bertie,Tully,Emberfield,North,31
17:18,4155,Hugo,Sykes,Ashcombe,West,6
17:18,4327,Lionel,Kennett,Emberfield,South,9
17:18,5102,Rupert,Varley,Kestrel Bay,North,28
17:18,5450,Poppy,Jewell,Marrowby,North,15
17:18,5696,Quentin,Gibbs,Nettlefold,South,17
17:18,5989,Zelda,Minns,Greyhaven,North,16
17:19,0159,Rupert,Jewell,Emberfield,East,9
17:19,1199,Myrtle,Kemp,Greyhaven,North,6
17:19,1344,Annie,Kennett,Emberfield,North,21
17:19,1601,Quentin,Brett,Marrowby,North,16
17:19,1857,Rosa,Goodall,Greyhaven,South,9
17:19,2902,Emily,Dunn,Ashcombe,North,32
17:19,3022,Myrtle,Denny,Copperwell,East,5
17:19,3054,Dorothy,Tebbutt,Greyhaven,East,6
17:19,3839,Cora,Elwood,Marrowby,West,35
17:19,4134,Greta,Lynn,Emberfield,West,36
17:19,4189,Rhoda,Abbott,Greyhaven,South,2
17:19,4300,Lydia,Brett,Emberfield,South,27
17:19,4600,Joan,Innes,Emberfield,North,35
17:19,4924,Ida,Jewell,Pennywick,South,14
17:19,5381,Beatrix,Kennett,Oakhurst,North,6
17:19,5542,Edith,Tidwell,Oakhurst,South,10
17:20,0295,Oscar,Starling,Marrowby,North,26
17:20,0345,Archie,Clay,Nettlefold,East,33
17:20,0518,Abigail,Mallet,Oakhurst,North,4
17:20,0675,Molly,Varley,Dunmoor,West,32
17:20,0798,Harvey,Tinsley,Marrowby,East,30
17:20,1172,Quentin,Teller,Kestrel Bay,North,25
17:20,1480,Ernest,Tebbutt,Brambleford,North,20
17:20,1499,Muriel,Innes,Dunmoor,East,10
17:20,1791,Ivy,Dell,Marrowby,South,27
17:20,2015,Hugo,Pike,Marrowby,West,4
17:20,2228,Ernest,Clay,Brambleford,South,12
17:20,2830,Stella,Wells,Pennywick,North,22
17:20,3189,Nell,Tully,Pennywick,West,28
17:20,3657,Milo,Tennyson,Emberfield,North,16
17:20,4080,Bella,Wadding,Ashcombe,South,5
17:20,4122,Daisy,Scott,Kestrel Bay,East,35
17:20,4164,Cecil,Rainer,Emberfield,North,11
17:20,4198,Lily,Brook,Emberfield,West,24
17:20,4478,Annie,Oakes,Sloe Green,West,13
17:20,4573,Monty,Wren,Pennywick,West,4
17:20,5321,Stanley,Grange,Elderbrook,North,28
17:20,5772,Hugo,Harker,Dunmoor,South,19
17:21,0099,Milo,Abbott,Greyhaven,West,25
17:21,0682,Archie,Hayward,Juniper Cross,East,6
17:21,1303,Fenella,Glass,Sloe Green,South,2
17:21,1580,Myrtle,Gull,Sloe Green,East,35
17:21,1874,Maud,Scott,Foxhollow,West,2
17:21,1878,Dora,Walker,Dunmoor,West,23
17:21,1985,Dora,Penny,Emberfield,West,18
17:21,2288,Rupert,Selby,Ashcombe,North,28
17:21,2405,Hazel,Gibbs,Emberfield,East,33
17:21,2840,Maud,Dell,Emberfield,South,13
17:21,2846,Kit,Brook,Marrowby,East,35
17:21,3195,Effie,Parrish,Foxhollow,East,17
17:21,3374,Edith,Winnard,Ashcombe,South,2
17:21,3749,Nell,Tuck,Ashcombe,East,36
17:21,3787,Hilda,Brook,Oakhurst,South,12
17:21,3946,Milo,Clay,Brambleford,West,36
17:21,4126,Ned,Fell,Nettlefold,North,30
17:21,4192,Ralph,Merritt,Greyhaven,East,10
17:21,4590,Timothy,Hollins,Elderbrook,North,15
17:21,5486,Wilfred,Reeve,Kestrel Bay,East,20
17:22,0045,Alfred,Keel,Ashcombe,North,27
17:22,0702,Albert,Clay,Greyhaven,East,21
17:22,0703,Agnes,Ainsley,Nettlefold,South,33
17:22,1010,Vera,Mercer,Marrowby,South,8
17:22,1265,Clement,Bell,Ashcombe,South,18
17:22,2052,Enid,Sheppard,Emberfield,North,29
17:22,2419,Ivy,Glass,Nettlefold,South,29
17:22,2824,Iris,Goodall,Hartwell,East,24
17:22,2828,Zelda,Oakes,Ashcombe,South,35
17:22,2842,Margot,Ferrand,Kestrel Bay,West,28
17:22,3378,Sadie,Tinsley,Sloe Green,West,13
17:22,3938,Ada,Wheeler,Emberfield,West,6
17:22,4711,Gilbert,Hendry,Foxhollow,North,25
17:22,5252,Harold,Skerritt,Marrowby,West,1
17:22,5489,Vera,Brook,Emberfield,West,35
17:23,0039,Edmund,Sallow,Kestrel Bay,North,15
17:23,0335,Zelda,Chandler,Emberfield,East,14
17:23,0384,Nell,Wren,Pennywick,South,7
17:23,0697,Stella,Glass,Hartwell,West,32
17:23,1039,Martha,Starling,Brambleford,West,14
17:23,1126,Sidney,Carrell,Ashcombe,South,8
17:23,1215,Fenella,Winnard,Sloe Green,South,27
17:23,1315,Josie,Ainsley,Greyhaven,North,10
17:23,1343,Muriel,Wren,Oakhurst,East,2
17:23,1470,Greta,Miller,Elderbrook,West,1
17:23,1513,Winnie,Parrish,Sloe Green,South,27
17:23,1651,Ada,Fennell,Sloe Green,North,25
17:23,1728,Isla,Crane,Juniper Cross,West,33
17:23,1771,Teddy,Sykes,Emberfield,South,5
17:23,2182,Jasper,Barrett,Dunmoor,East,25
17:23,2284,Dora,Wrenn,Brambleford,West,7
17:23,2444,Edgar,Sellers,Hartwell,East,35
17:23,2764,Beatrix,Innes,Hartwell,South,22
17:23,3569,Celia,Chandler,Oakhurst,West,1
17:23,3722,Margot,Cutler,Kestrel Bay,North,3
17:23,3776,Lydia,Yardley,Foxhollow,South,22
17:23,4015,Amos,Pettit,Emberfield,North,29
17:23,4407,Otto,Ferrand,Emberfield,East,2
17:23,4744,Amos,Merritt,Emberfield,East,11
17:23,5068,Hugo,Tinsley,Emberfield,East,34
17:24,0037,Vera,Oakes,Pennywick,East,14
17:24,0148,Edith,Glass,Sloe Green,East,30
17:24,0551,Ernest,Russell,Dunmoor,East,26
17:24,0849,Archie,Ainsley,Hartwell,West,31
17:24,1165,Hazel,Brett,Greyhaven,East,21
17:24,1459,Annie,Farrell,Marrowby,South,32
17:24,1617,Harriet,Tully,Emberfield,North,10
17:24,2033,Annie,Tinsley,Brambleford,North,7
17:24,2743,Imogen,Quill,Emberfield,North,13
17:24,2770,Minnie,Yardley,Foxhollow,West,7
17:24,2949,Greta,Yardley,Dunmoor,West,16
17:24,3095,Bernard,Dunn,Emberfield,North,6
17:24,3109,Kit,Blackwood,Emberfield,West,26
17:24,3114,Ida,Carrell,Elderbrook,West,15
17:24,3276,Elsie,Cobb,Sloe Green,South,16
17:24,4346,Barnaby,Barrett,Kestrel Bay,North,33
17:24,4562,Edgar,Mayhew,Hartwell,North,15
17:24,4747,Dora,Hollins,Emberfield,North,3
17:24,4760,Ralph,Lytton,Greyhaven,East,36
17:24,5949,Sidney,Abbott,Greyhaven,South,29
17:25,0892,Sidney,Denny,Hartwell,West,22
17:25,1507,Amos,Clay,Kestrel Bay,North,12
17:25,1642,Myrtle,Elwood,Ashcombe,North,9
17:25,2318,Harriet,Neville,Emberfield,West,11
17:25,2536,Celia,Pinnock,Foxhollow,East,12
17:25,2650,Lena,Mercer,Brambleford,East,33
17:25,2884,Alfred,Finch,Copperwell,North,24
17:25,2982,Kit,Pennell,Elderbrook,West,17
17:25,2994,Florence,Dunn,Dunmoor,South,34
17:25,3391,Sidney,Darrow,Brambleford,East,23
17:25,3460,Freda,Hayward,Emberfield,South,2
17:25,4153,Ivy,Wren,Foxhollow,North,4
17:25,4356,Celia,Kettle,Oakhurst,East,22
17:25,4484,Gilbert,Harker,Emberfield,North,33
17:25,4642,Harold,Hill,Brambleford,North,36
17:25,5048,Barnaby,Chandler,Sloe Green,West,36
17:25,5162,Frances,Thackery,Brambleford,North,17
17:25,5176,Silas,Sellers,Kestrel Bay,South,26
17:25,5196,Elsie,Lennard,Dunmoor,South,20
17:25,5425,Dora,Cutler,Greyhaven,South,22
17:25,5574,Rowena,Keel,Emberfield,East,26
17:25,5599,Annie,Yeoman,Greyhaven,East,30
17:25,5618,Thea,Tyler,Ashcombe,North,25
17:25,5878,Bridget,Farrell,Nettlefold,West,28
17:26,0256,Kit,Merritt,Dunmoor,North,7
17:26,0357,Sadie,Carrell,Dunmoor,East,31
17:26,0423,Thea,Brook,Nettlefold,East,11
17:26,0963,Enid,Jewell,Marrowby,West,18
17:26,1053,Rowena,Tuck,Elderbrook,West,36
17:26,1749,Jasper,Bennett,Sloe Green,West,11
17:26,2046,Nora,Nuttall,Kestrel Bay,North,31
17:26,2088,Lottie,Bramwell,Marrowby,North,4
17:26,2115,Edgar,Gray,Emberfield,West,7
17:26,2165,Cora,Teller,Ashcombe,North,14
17:26,2482,Violet,Ellery,Emberfield,South,22
17:26,2790,Josie,Goodall,Nettlefold,East,17
17:26,3057,Bertie,Darrow,Emberfield,South,15
17:26,3916,Wilfred,Neville,Emberfield,South,9
17:26,3947,Muriel,Sheppard,Emberfield,North,10
17:26,4173,Gilbert,Sellers,Nettlefold,East,10
17:26,4256,Xavier,Copper,Oakhurst,West,12
17:26,4303,Edith,Pym,Greyhaven,North,21
17:26,4345,Monty,Penny,Hartwell,South,22
17:26,4365,Edgar,Pennell,Emberfield,West,16
17:26,5563,Greta,Perrin,Emberfield,West,18
17:26,5796,Henry,Terrell,Hartwell,South,7
17:26,5826,Fenella,Hill,Nettlefold,West,6
17:27,0129,Thea,Terrell,Emberfield,West,13
17:27,0428,Beatrix,Hale,Ashcombe,West,15
17:27,0444,Agnes,Tyler,Emberfield,North,15
17:27,0605,Gilbert,Vesey,Emberfield,South,24
17:27,0838,Gilbert,Denny,Marrowby,West,2
17:27,1188,Mabel,Teller,Ashcombe,West,34
17:27,1227,Monty,Whitt,Greyhaven,East,4
17:27,1877,Ottilie,Kidd,Kestrel Bay,North,7
17:27,1998,Alfred,Drake,Pennywick,North,26
17:27,2311,Josie,Drake,Brambleford,South,13
17:27,2373,Clara,Winnard,Kestrel Bay,North,36
17:27,3193,Imogen,Lennard,Sloe Green,North,20
17:27,3213,Gilbert,Bennett,Nettlefold,South,34
17:27,3264,Nell,Chandler,Ashcombe,South,32
17:27,3365,Lily,Russell,Emberfield,West,29
17:27,3409,Sadie,Gull,Sloe Green,West,18
17:27,3524,Sybil,Selby,Elderbrook,North,29
17:27,4025,Stanley,Bramwell,Emberfield,North,24
17:27,4144,Ivy,Cobb,Emberfield,North,5
17:27,4331,Mabel,Sellers,Pennywick,North,12
17:27,5118,Sadie,Reeve,Foxhollow,South,1
17:27,5309,Wilfred,Drake,Emberfield,North,3
17:27,5342,Sadie,Nuttall,Emberfield,East,23
17:27,5843,Edie,Chandler,Greyhaven,South,32
17:28,0104,Bridget,Sheppard,Hartwell,East,1
17:28,0262,Winnie,Pryce,Emberfield,North,32
17:28,1102,Henry,Rainer,Hartwell,East,13
17:28,1186,Hugo,Yardley,Hartwell,South,10
17:28,1290,Audrey,Clay,Emberfield,East,4
17:28,1647,Zelda,Brett,Emberfield,West,4
17:28,1697,Cecil,Tebbutt,Sloe Green,North,13
17:28,2556,Effie,Yeoman,Nettlefold,West,7
17:28,3083,Florence,Pennell,Emberfield,South,11
17:28,3253,Arthur,Drake,Marrowby,North,9
17:28,3744,Oscar,Linnell,Copperwell,North,31
17:28,4731,Sidney,Hale,Brambleford,South,17
17:28,4798,Ernest,Parrish,Juniper Cross,East,12
17:28,5300,Edith,Sykes,Ashcombe,North,3
17:29,0280,Cyril,Sparrow,Copperwell,East,16
17:29,0312,Annie,Dennett,Dunmoor,East,2
17:29,0574,Ada,Whitt,Greyhaven,North,13
17:29,0615,Evelyn,Bramwell,Emberfield,North,14
17:29,0887,Lily,Tyler,Kestrel Bay,North,36
17:29,0907,Gilbert,Skerritt,Ashcombe,North,29
17:29,0993,Henry,Thatcher,Sloe Green,North,10
17:29,1200,Sidney,Pinnock,Greyhaven,North,17
17:29,1745,Evelyn,Lytton,Brambleford,West,20
17:29,1792,Stanley,Fell,Kestrel Bay,East,8
17:29,2726,Ned,Reeve,Marrowby,West,9
17:29,2950,Nora,Crane,Ashcombe,South,6
17:29,3158,Oscar,Kennett,Emberfield,South,24
17:29,3561,Edmund,Abbott,Copperwell,North,35
17:29,4297,Teddy,Kerrigan,Brambleford,South,13
17:29,4381,Barnaby,Minns,Dunmoor,East,16
17:29,4483,Arthur,Tanner,Sloe Green,East,21
17:29,4628,Clara,Ferrand,Pennywick,North,6
17:29,4839,Rowena,Warrender,Oakhurst,East,27
17:29,5047,Evelyn,Wheeler,Kestrel Bay,North,30
17:29,5441,Henry,Carrell,Ashcombe,West,21
17:29,5914,Audrey,Pinnock,Ashcombe,West,31
17:30,0325,Elsie,Minns,Emberfield,North,1
17:30,0477,Xavier,Tinsley,Ashcombe,North,35
17:30,0686,Poppy,Mallet,Kestrel Bay,South,21
17:30,0694,Ivor,Jenner,Copperwell,East,36
17:30,1736,Lydia,Moss,Brambleford,North,30
17:30,1766,Harold,Wrenn,Elderbrook,South,11
17:30,2098,Bella,Hurst,Kestrel Bay,South,12
17:30,2666,Phoebe,Yardley,Ashcombe,West,9
17:30,2777,Iris,Hobbs,Copperwell,South,3
17:30,3052,Bella,Thackery,Brambleford,South,6
17:30,3172,Gwen,Garnett,Pennywick,North,23
17:30,3408,Ruth,Copper,Emberfield,West,20
17:30,3788,Margot,Gull,Elderbrook,North,2
17:30,3802,Barnaby,Harker,Sloe Green,West,21
17:30,3805,Alfred,Reeve,Brambleford,West,10
17:30,4011,Pip,Selby,Brambleford,North,27
17:30,4408,Maisie,Wren,Ashcombe,West,19
17:30,4446,Kit,Webb,Kestrel Bay,South,2
17:30,4493,Imogen,Hollins,Emberfield,East,28
17:30,4503,Enid,Wadding,Emberfield,South,21
17:30,4871,Cecil,Sparrow,Dunmoor,South,3
17:30,5253,Rhoda,Walker,Ashcombe,South,27
17:30,5586,Violet,Dell,Pennywick,North,18
17:30,5748,Mavis,Elwood,Dunmoor,South,3
17:31,0025,Otto,Vesey,Marrowby,North,36
17:31,0035,Bernard,Abbott,Pennywick,North,6
17:31,0735,Gilbert,Teller,Emberfield,North,6
17:31,0877,Alfred,Lennard,Kestrel Bay,West,6
17:31,0899,Wilfred,Burrows,Pennywick,North,3
17:31,1138,Lena,Jenner,Hartwell,North,3
17:31,1175,Abigail,Pettit,Sloe Green,South,6
17:31,1352,Audrey,Selby,Emberfield,North,13
17:31,1416,Arthur,Warrender,Pennywick,North,8
17:31,1785,Maisie,Dennett,Emberfield,North,35
17:31,1984,Henry,Harrell,Foxhollow,West,19
17:31,2000,Enid,Nash,Greyhaven,North,29
17:31,2171,Audrey,Gibbs,Nettlefold,South,15
17:31,3192,Oscar,Tennyson,Kestrel Bay,North,11
17:31,3768,Sybil,Kidd,Copperwell,South,30
17:31,3794,Abigail,Platt,Copperwell,North,1
17:31,4278,Ethel,Mallet,Kestrel Bay,South,20
17:31,4412,Nora,Platt,Nettlefold,North,13
17:31,4574,Alfred,Jenner,Emberfield,South,34
17:31,4728,Sadie,Neville,Marrowby,North,12
17:31,4774,Mabel,Perrin,Emberfield,West,29
17:31,4846,Teddy,Tidwell,Emberfield,West,31
17:31,5587,Muriel,Pinnock,Sloe Green,South,7
17:31,5656,Lottie,Innes,Pennywick,North,35
17:31,5763,Gilbert,Dunn,Pennywick,East,10
17:31,5860,Emily,Mallet,Copperwell,West,12
17:32,0212,Fenella,Farrell,Foxhollow,East,21
17:32,0413,Tobias,Tennyson,Emberfield,North,20
17:32,0431,Ivy,Hobbs,Hartwell,South,30
17:32,0614,Hazel,Ellery,Ashcombe,East,12
17:32,0808,Edmund,Innes,Brambleford,South,36
17:32,1036,Monty,Carrell,Emberfield,West,24
17:32,1230,Henry,Sparrow,Hartwell,North,1
17:32,1487,Vera,Carver,Sloe Green,North,28
17:32,1566,Abigail,Hobbs,Brambleford,East,2
17:32,1643,Muriel,Birch,Nettlefold,West,22
17:32,1709,Ruth,Hobbs,Ashcombe,East,2
17:32,1734,Gilbert,Carrell,Juniper Cross,South,26
17:32,1968,Margot,Trask,Foxhollow,East,4
17:32,2250,Clara,Yardley,Emberfield,South,23
17:32,2464,Harold,Pike,Foxhollow,North,25
17:32,2523,Maud,Gray,Juniper Cross,North,21
17:32,2843,Bernard,Harrell,Ashcombe,West,8
17:32,2896,Harvey,Warrender,Emberfield,North,12
17:32,2938,Stanley,Tuck,Emberfield,North,18
17:32,3012,Lydia,Hadley,Dunmoor,East,9
17:32,3176,Alfred,Selby,Elderbrook,North,5
17:32,4238,Dora,Neville,Hartwell,North,28
17:32,4528,Myrtle,Thatcher,Copperwell,South,19
17:32,5095,Maud,Barrett,Emberfield,East,23
17:32,5711,Ray,Sallow,Juniper Cross,North,18
17:33,0156,Rupert,Birch,Brambleford,North,34
17:33,0344,Celia,Tidwell,Emberfield,East,30
17:33,0417,Beatrix,Merritt,Foxhollow,West,15
17:33,0960,Mabel,Merritt,Sloe Green,East,12
17:33,1019,Sadie,Cutler,Emberfield,North,23
17:33,1720,Alice,Thatcher,Emberfield,East,2
17:33,2239,Bertie,Rainer,Sloe Green,South,34
17:33,2310,Nell,Penny,Juniper Cross,North,26
17:33,2454,Gilbert,Jenner,Emberfield,East,19
17:33,2659,Sybil,Mercer,Nettlefold,East,26
17:33,2695,Sidney,Hill,Brambleford,South,10
17:33,2995,Vera,Burrows,Brambleford,West,19
17:33,3155,Pip,Barrett,Pennywick,North,12
17:33,3170,Xavier,Selby,Nettlefold,North,4
17:33,3631,Tobias,Garnett,Marrowby,South,27
17:33,3660,Greta,Dunn,Ashcombe,East,1
17:33,3885,Kit,Carver,Nettlefold,South,18
17:33,5063,Wilfred,Chandler,Emberfield,East,36
17:33,5310,Imogen,Sykes,Juniper Cross,East,9
17:33,5533,Enid,Chandler,Marrowby,North,11
17:34,0040,Minnie,Kettle,Oakhurst,East,21
17:34,0178,Lena,Ferrand,Pennywick,East,26
17:34,0583,Frances,Innes,Sloe Green,South,11
17:34,0930,Hilda,Tennyson,Pennywick,West,10
17:34,1110,Joan,Hartley,Dunmoor,West,27
17:34,1124,Jude,Walker,Foxhollow,North,34
17:34,1190,Henry,Elwood,Greyhaven,North,9
17:34,1283,Frances,Lynn,Juniper Cross,North,33
17:34,2003,Ray,Brett,Nettlefold,West,32
17:34,2075,Agnes,Ferrand,Emberfield,North,24
17:34,2089,Rowena,Dennett,Dunmoor,South,24
17:34,2246,Lionel,Hartley,Emberfield,West,19
17:34,2277,Maud,Quill,Elderbrook,South,12
17:34,2351,Tobias,Ainsley,Brambleford,West,1
17:34,2458,Bertie,Ferrand,Kestrel Bay,South,35
17:34,2463,Zelda,Carrell,Brambleford,North,35
17:34,2530,Barnaby,Lynn,Ashcombe,South,15
17:34,2636,Gilbert,Glass,Emberfield,East,23
17:34,3816,Martha,Mercer,Emberfield,North,8
17:34,4274,Kit,Hollins,Juniper Cross,South,33
17:34,4585,Kit,Glass,Emberfield,North,28
17:34,4606,Ivy,Hazell,Emberfield,West,19
17:34,5297,Stella,Tuck,Foxhollow,North,9
17:34,5505,Teddy,Kidd,Oakhurst,North,34
17:34,5565,Amos,Ainsley,Emberfield,South,27
17:35,0632,Imogen,Goodall,Oakhurst,North,9
17:35,0705,Greta,Rainer,Dunmoor,West,2
17:35,1127,Winnie,Miller,Elderbrook,East,36
17:35,1177,Rupert,Oakes,Juniper Cross,East,21
17:35,1389,Florence,Mercer,Pennywick,South,1
17:35,1486,Celia,Kerrigan,Ashcombe,West,6
17:35,1571,Edgar,Ainsley,Pennywick,West,14
17:35,1770,Otto,Starling,Juniper Cross,East,27
17:35,1986,Ottilie,Pryce,Pennywick,East,23
17:35,1987,Bernard,Thackery,Marrowby,East,13
17:35,2086,Poppy,Fell,Foxhollow,West,28
17:35,2109,Amos,Sellers,Emberfield,West,26
17:35,2242,Cecil,Sheppard,Brambleford,East,32
17:35,2592,Clara,Clay,Nettlefold,West,19
17:35,3181,Maud,Fell,Hartwell,North,6
17:35,3521,Daisy,Pennell,Sloe Green,West,30
17:35,3532,Sybil,Hollins,Juniper Cross,South,23
17:35,3942,Winnie,Minns,Juniper Cross,East,28
17:35,4697,Clement,Crane,Brambleford,North,24
17:35,4785,Phoebe,Wrenn,Emberfield,North,6
17:35,4850,Monty,Ellery,Juniper Cross,East,32
17:35,5357,Bridget,Sellers,Ashcombe,West,31
17:36,0367,Alice,Fell,Ashcombe,West,30
17:36,0376,Poppy,Marsh,Hartwell,West,5
17:36,0541,Edith,Birch,Marrowby,South,14
17:36,0790,Dorothy,Jarrett,Oakhurst,East,19
17:36,0895,Poppy,Scott,Greyhaven,South,29
17:36,0985,Percy,Sykes,Copperwell,East,17
17:36,1091,Mabel,Pym,Copperwell,East,11
17:36,1555,Sybil,Mallet,Kestrel Bay,South,29
17:36,1634,Phoebe,Oakes,Oakhurst,North,14
17:36,1680,Edith,Reeve,Dunmoor,North,10
17:36,1732,Mavis,Crane,Dunmoor,West,3
17:36,1789,Monty,Wadding,Emberfield,West,6
17:36,1858,Timothy,Tully,Foxhollow,East,14
17:36,2393,Alfred,Hazell,Oakhurst,South,7
17:36,2396,Arthur,Hobbs,Hartwell,South,10
17:36,2403,Jude,Quill,Oakhurst,North,31
17:36,2625,Molly,Cutler,Greyhaven,North,13
17:36,2833,Minnie,Sykes,Hartwell,East,30
17:36,2868,Rosa,Dennett,Foxhollow,North,17
17:36,3638,Florence,Vesey,Foxhollow,North,17
17:36,3719,Wilfred,Kemp,Oakhurst,West,35
17:36,3779,Harvey,Lytton,Ashcombe,South,14
17:36,4286,Harold,Hobbs,Marrowby,West,21
17:36,4619,Annie,Hazell,Greyhaven,West,11
17:36,4786,Lottie,Cobb,Brambleford,North,8
17:36,4857,Bernard,Russell,Greyhaven,West,17
17:36,5006,Pip,Cobb,Elderbrook,West,30
17:36,5179,Stanley,Harrell,Kestrel Bay,West,3
17:36,5313,Ivy,Jarrett,Emberfield,East,5
17:36,5570,Edith,Hurst,Ashcombe,North,8
17:36,5593,Gwen,Finch,Marrowby,East,33
17:36,5761,Ernest,Sheppard,Dunmoor,North,16
17:37,0137,Isla,Carrell,Juniper Cross,East,2
17:37,0631,Rupert,Barrow,Juniper Cross,North,15
17:37,0742,Beatrix,Lynn,Emberfield,West,12
17:37,1057,Rowena,Brett,Elderbrook,West,16
17:37,1435,Zelda,Tidwell,Emberfield,North,27
17:37,1547,Edie,Winnard,Dunmoor,South,24
17:37,1608,Lydia,Jarrett,Dunmoor,South,14
17:37,3194,Maud,Nuttall,Emberfield,North,27
17:37,3318,Sidney,Pettit,Pennywick,West,29
17:37,3477,Sadie,Vesey,Dunmoor,East,36
17:37,3482,Frances,Venning,Emberfield,North,24
17:37,3732,Iris,Tinsley,Juniper Cross,North,25
17:37,4275,Ernest,Garnett,Juniper Cross,South,21
17:37,5220,Maud,Kidd,Marrowby,South,18
17:37,5581,Ottilie,Garnett,Emberfield,North,12
17:38,0029,Martha,Ferrand,Ashcombe,West,20
17:38,0427,Hilda,Carver,Emberfield,East,5
17:38,0479,Albert,Hurst,Greyhaven,South,3
17:38,0588,Beatrix,Kettle,Greyhaven,West,19
17:38,0661,Minnie,Kerrigan,Emberfield,South,36
17:38,0957,Lydia,Keel,Emberfield,North,5
17:38,1046,Lena,Walker,Emberfield,North,30
17:38,1084,Lena,Wren,Foxhollow,North,27
17:38,2146,Cyril,Hayward,Ashcombe,South,28
17:38,2477,Albert,Sparrow,Dunmoor,North,32
17:38,2656,Leonard,Birch,Emberfield,East,12
17:38,2933,Hilda,Perrin,Sloe Green,North,3
17:38,2993,Henry,Parrish,Elderbrook,North,16
17:38,3035,Isla,Warrender,Kestrel Bay,West,3
17:38,3500,Ernest,Wrenn,Brambleford,North,33
17:38,3644,Pip,Sparrow,Kestrel Bay,West,26
17:38,4096,Joan,Thackery,Foxhollow,North,23
17:38,4277,Alice,Grange,Emberfield,North,19
17:38,4595,Bella,Varley,Marrowby,West,5
17:38,4768,Tobias,Mercer,Kestrel Bay,East,28
17:38,4883,Hazel,Dunn,Emberfield,South,34
17:38,4928,Effie,Merritt,Greyhaven,South,20
17:38,5594,Effie,Penny,Hartwell,North,5
17:38,5828,Daisy,Starling,Juniper Cross,West,15
17:38,5992,Daisy,Farrell,Oakhurst,South,23
17:39,0006,Arthur,Wadding,Emberfield,East,23
17:39,0304,Harriet,Clay,Juniper Cross,East,8
17:39,0587,Martha,Abbott,Copperwell,North,23
17:39,0781,Una,Thackery,Oakhurst,East,28
17:39,1112,Milo,Darrow,Emberfield,North,1
17:39,1385,Bertie,Kerrigan,Emberfield,East,21
17:39,1715,Martha,Chandler,Oakhurst,West,2
17:39,1939,Dora,Goodall,Greyhaven,North,19
17:39,1966,Quentin,Mallet,Kestrel Bay,North,15
17:39,2004,Ivy,Drake,Ashcombe,North,15
17:39,2006,Mavis,Cobb,Hartwell,North,32
17:39,2072,Hugo,Mercer,Emberfield,North,19
17:39,2105,Muriel,Carrell,Emberfield,West,35
17:39,2262,Bella,Parrish,Foxhollow,North,17
17:39,3038,Bridget,Wheeler,Marrowby,North,23
17:39,3705,Jasper,Sheppard,Emberfield,East,9
17:39,3904,Isla,Jewell,Ashcombe,South,24
17:39,3915,Rosa,Dell,Greyhaven,West,22
17:39,3933,Alice,Sheppard,Sloe Green,North,26
17:39,4475,Edith,Tyler,Emberfield,South,2
17:39,4647,Florence,Mallet,Dunmoor,North,16
17:39,5382,Emily,Oakes,Copperwell,North,27
17:39,5803,Maisie,Bennett,Elderbrook,East,27
17:39,5984,Olive,Innes,Copperwell,East,30
17:40,0206,Silas,Hadley,Copperwell,West,10
17:40,0310,Olive,Drake,Emberfield,North,16
17:40,0328,Enid,Pinnock,Hartwell,West,1
17:40,0474,Annie,Minns,Brambleford,East,30
17:40,1469,Emily,Nuttall,Emberfield,North,31
17:40,1652,Abigail,Wrenn,Juniper Cross,East,26
17:40,1746,Archie,Carrell,Oakhurst,West,2
17:40,1790,Celia,Mayhew,Copperwell,West,34
17:40,1913,Stanley,Moss,Emberfield,South,11
17:40,1955,Kit,Kerrigan,Greyhaven,West,30
17:40,1972,Percy,Dennett,Nettlefold,West,36
17:40,2456,Audrey,Penny,Sloe Green,South,28
17:40,2624,Effie,Drake,Emberfield,South,31
17:40,3013,Edie,Keel,Emberfield,West,9
17:40,3082,Edgar,Hill,Emberfield,West,3
17:40,3120,Annie,Wadding,Elderbrook,West,29
17:40,3452,Thea,Ellery,Pennywick,South,23
17:40,3539,Barnaby,Keel,Nettlefold,South,24
17:40,3612,Lydia,Bell,Emberfield,North,9
17:40,3739,Esther,Ferrand,Hartwell,South,7
17:40,4151,Minnie,Gull,Hartwell,East,9
17:40,4287,Minnie,Moss,Ashcombe,North,36
17:40,4372,Lottie,Jenner,Emberfield,West,24
17:40,4892,Molly,Keel,Greyhaven,West,9
17:40,4896,Rhoda,Hurst,Emberfield,South,10
17:40,5089,Ida,Hartley,Ashcombe,West,27
17:40,5285,Alfred,Chandler,Nettlefold,South,24
17:40,5350,Enid,Tanner,Hartwell,East,7
17:40,5666,Vera,Kidd,Dunmoor,South,19
17:40,5973,Stanley,Clay,Ashcombe,West,34
17:41,0064,Monty,Crane,Pennywick,East,32
17:41,0278,Ned,Cutler,Brambleford,South,21
17:41,0348,Wilfred,Blackwood,Brambleford,West,13
17:41,0391,Cecil,Crane,Emberfield,North,19
17:41,0398,Leonard,Mercer,Brambleford,West,15
17:41,1317,Cyril,Copper,Emberfield,South,21
17:41,1341,Zelda,Hartley,Nettlefold,North,22
17:41,2119,Sybil,Harker,Emberfield,West,4
17:41,2302,Ray,Farrell,Emberfield,South,21
17:41,2510,Joan,Bramwell,Marrowby,East,10
17:41,2909,Hilda,Pollard,Elderbrook,South,33
17:41,3067,Celia,Jewell,Emberfield,West,31
17:41,3871,Stella,Mayhew,Emberfield,South,5
17:41,4040,Ruth,Sellers,Sloe Green,East,21
17:41,4065,Arthur,Pym,Sloe Green,South,27
17:41,4578,Winnie,Dell,Emberfield,South,3
17:41,4661,Stella,Jenner,Foxhollow,South,24
17:41,5084,Elsie,Neville,Oakhurst,North,23
17:42,1271,Joan,Yardley,Pennywick,South,20
17:42,1484,Rowena,Mayhew,Dunmoor,South,19
17:42,1549,Dora,Hurst,Ashcombe,North,28
17:42,1786,Hazel,Mayhew,Elderbrook,West,31
17:42,2497,Lottie,Vesey,Sloe Green,North,13
17:42,3162,Muriel,Sallow,Sloe Green,North,26
17:42,3258,Martha,Merritt,Emberfield,North,21
17:42,3563,Gwen,Platt,Nettlefold,West,12
17:42,3921,Otto,Reeve,Juniper Cross,South,18
17:42,4123,Audrey,Cobb,Copperwell,North,1
17:42,4319,Wilfred,Bell,Emberfield,South,22
17:42,4363,Lydia,Kennett,Nettlefold,North,6
17:42,4398,Hazel,Hartley,Nettlefold,East,24
17:42,4462,Celia,Fennell,Emberfield,West,4
17:42,4806,Rupert,Brett,Juniper Cross,West,26
17:42,4821,Iris,Bennett,Emberfield,North,4
17:42,4868,Ruth,Tennyson,Emberfield,North,30
17:42,5016,Edie,Quill,Juniper Cross,East,25
17:42,5203,Edith,Ainsley,Marrowby,West,14
17:42,5277,Sidney,Gibbs,Greyhaven,East,22
17:42,5331,Xavier,Pike,Pennywick,East,2
17:42,5713,Percy,Abbott,Hartwell,North,22
17:43,0489,Xavier,Starling,Pennywick,South,1
17:43,0700,Rowena,Gull,Emberfield,South,11
17:43,0811,Harvey,Russell,Ashcombe,West,7
17:43,1097,Dolly,Grange,Copperwell,North,26
17:43,1351,Fenella,Minns,Copperwell,East,29
17:43,1371,Rupert,Sykes,Emberfield,West,27
17:43,1776,Kit,Garnett,Pennywick,North,23
17:43,1813,Violet,Jewell,Sloe Green,West,30
17:43,2274,Bernard,Birch,Hartwell,West,25
17:43,2316,Evelyn,Thatcher,Kestrel Bay,North,14
17:43,2321,Timothy,Skerritt,Foxhollow,North,30
17:43,2506,Enid,Fennell,Nettlefold,North,8
17:43,2508,Stanley,Rainer,Emberfield,South,6
17:43,3186,Margot,Cobb,Emberfield,North,36
17:43,3278,Edgar,Walker,Hartwell,North,12
17:43,3285,Ivor,Penny,Kestrel Bay,North,29
17:43,3310,Frances,Darrow,Juniper Cross,East,2
17:43,3485,Kit,Tully,Copperwell,West,16
17:43,4627,Martha,Jarrett,Copperwell,West,24
17:43,5159,Fenella,Thackery,Emberfield,North,9
17:43,5259,Rhoda,Thackery,Greyhaven,East,34
17:43,5669,Maud,Teller,Sloe Green,West,19
17:43,5758,Maisie,Tidwell,Kestrel Bay,North,2
17:43,5811,Zelda,Hale,Greyhaven,North,17
17:43,5870,Nora,Hadley,Kestrel Bay,South,36
17:44,0715,Monty,Quill,Nettlefold,North,21
17:44,0824,Rupert,Trask,Emberfield,East,7
17:44,0867,Harold,Ferrand,Emberfield,West,28
17:44,1128,Fenella,Pinnock,Greyhaven,South,20
17:44,1205,Olive,Wheeler,Sloe Green,South,17
17:44,2014,Ruth,Kidd,Oakhurst,North,14
17:44,2190,Oscar,Bell,Emberfield,East,4
17:44,2388,Jasper,Goodall,Marrowby,North,35
17:44,2598,Leonard,Hill,Greyhaven,North,24
17:44,2640,Barnaby,Terrell,Copperwell,South,6
17:44,3091,Maisie,Penny,Marrowby,South,32
17:44,3293,Jude,Dunn,Emberfield,North,32
17:44,3395,Hugo,Winnard,Hartwell,North,28
17:44,3429,Pip,Barrow,Dunmoor,South,30
17:44,3483,Annie,Jarrett,Brambleford,West,2
17:44,3668,Martha,Moss,Ashcombe,East,8
17:44,4136,Ralph,Tully,Sloe Green,West,13
17:44,4425,Maisie,Webb,Brambleford,East,4
17:44,4631,Edith,Dennett,Sloe Green,North,16
17:44,4737,Rhoda,Dunn,Emberfield,North,11
17:44,5237,Kit,Perrin,Oakhurst,South,10
17:44,5256,Muriel,Finch,Dunmoor,North,2
17:44,5260,Freda,Tebbutt,Elderbrook,East,11
17:44,5332,Vera,Pennell,Kestrel Bay,West,16
17:44,5370,Thea,Gull,Greyhaven,North,32
17:44,5747,Harriet,Mayhew,Nettlefold,East,1
17:45,0009,Ottilie,Trask,Copperwell,West,25
17:45,0176,Cecil,Minns,Oakhurst,North,25
17:45,0198,Harold,Tuck,Emberfield,West,3
17:45,0667,Tobias,Sykes,Dunmoor,South,27
17:45,0818,Daisy,Carver,Emberfield,East,20
17:45,0912,Quentin,Sykes,Marrowby,West,24
17:45,0948,Muriel,Clay,Emberfield,South,6
17:45,1116,Sadie,Wheeler,Greyhaven,West,12
17:45,1156,Cyril,Walker,Marrowby,North,6
17:45,1659,Edmund,Harrell,Hartwell,North,36
17:45,1906,Mabel,Chandler,Emberfield,North,28
17:45,2011,Percy,Yeoman,Copperwell,North,32
17:45,2380,Phoebe,Cutler,Elderbrook,West,29
17:45,2566,Amos,Sykes,Emberfield,North,8
17:45,2665,Rosa,Sheppard,Oakhurst,South,33
17:45,3125,Rhoda,Gray,Emberfield,South,9
17:45,3256,Dorothy,Ainsley,Marrowby,North,29
17:45,3506,Albert,Mallet,Brambleford,North,30
17:45,3543,Sadie,Bennett,Pennywick,West,27
17:45,3854,Silas,Vesey,Emberfield,North,8
17:45,3926,Lily,Garnett,Emberfield,East,13
17:45,4018,Ralph,Sellers,Kestrel Bay,East,8
17:45,4068,Zelda,Starling,Nettlefold,West,10
17:45,4139,Sybil,Reeve,Marrowby,East,23
17:45,4184,Clement,Pike,Emberfield,East,1
17:45,4929,Una,Pettit,Emberfield,West,6
17:45,5150,Rosa,Hale,Foxhollow,West,36
17:45,5288,Bertie,Minns,Dunmoor,North,16
17:45,5606,Kit,Mallet,Nettlefold,South,9
17:45,5734,Harriet,Elwood,Juniper Cross,North,29
17:45,5925,Monty,Drake,Kestrel Bay,North,30
17:46,0366,Emily,Walker,Emberfield,North,3
17:46,0461,Thea,Blackwood,Dunmoor,North,33
17:46,1052,Joan,Webb,Juniper Cross,South,16
17:46,1277,Archie,Winnard,Emberfield,North,31
17:46,1280,Cecil,Whitt,Greyhaven,South,30
17:46,1635,Iris,Merritt,Dunmoor,West,27
17:46,1827,Ida,Hadley,Emberfield,North,4
17:46,1944,Quentin,Tanner,Dunmoor,East,6
17:46,2201,Gwen,Elwood,Pennywick,West,26
17:46,2423,Margot,Hayward,Brambleford,East,26
17:46,2589,Silas,Minns,Copperwell,West,14
17:46,3026,Edmund,Pryce,Greyhaven,East,22
17:46,3260,Edith,Minns,Sloe Green,North,29
17:46,3302,Cecil,Kerrigan,Sloe Green,West,19
17:46,3403,Annie,Garnett,Elderbrook,West,30
17:46,3448,Evelyn,Nuttall,Brambleford,South,28
17:46,3577,Lottie,Copper,Dunmoor,West,18
17:46,3664,Molly,Quill,Copperwell,East,24
17:46,3843,Gilbert,Selby,Greyhaven,East,11
17:46,4021,Sidney,Hartley,Sloe Green,North,3
17:46,4521,Abigail,Moss,Emberfield,North,3
17:46,4726,Josie,Wrenn,Emberfield,West,3
17:46,5077,Kit,Kemp,Juniper Cross,North,23
17:46,5184,Albert,Ainsley,Sloe Green,West,26
17:46,5341,Sybil,Gray,Juniper Cross,West,6
17:46,5641,Monty,Lytton,Hartwell,East,20
17:47,0220,Lena,Dell,Sloe Green,North,4
17:47,0426,Monty,Hadley,Foxhollow,South,4
17:47,0774,Poppy,Drake,Nettlefold,North,21
17:47,0947,Lydia,Hobbs,Brambleford,East,24
17:47,1075,Bertie,Linnell,Dunmoor,North,11
17:47,1173,Hazel,Kemp,Copperwell,North,16
17:47,1543,Teddy,Gull,Juniper Cross,North,21
17:47,2022,Freda,Barrow,Oakhurst,North,20
17:47,2097,Frances,Platt,Elderbrook,East,30
17:47,2428,Lydia,Bramwell,Nettlefold,East,25
17:47,2539,Lionel,Sellers,Elderbrook,West,27
17:47,2583,Teddy,Goodall,Dunmoor,West,10
17:47,2596,Frances,Sellers,Emberfield,East,9
17:47,2599,Amos,Lytton,Foxhollow,North,1
17:47,2658,Muriel,Gray,Marrowby,West,35
17:47,2838,Rowena,Moss,Dunmoor,West,12
17:47,3233,Abigail,Ellery,Sloe Green,North,4
17:47,3375,Lionel,Blackwood,Foxhollow,South,5
17:47,3478,Enid,Starling,Elderbrook,North,17
17:47,3489,Mabel,Hill,Greyhaven,West,34
17:47,3870,Ernest,Blackwood,Ashcombe,North,26
17:47,4196,Sidney,Carver,Hartwell,East,29
17:47,4644,Florence,Clay,Emberfield,East,21
17:47,4971,Fenella,Pryce,Ashcombe,South,21
17:47,5035,Edith,Lark,Emberfield,North,12
17:47,5480,Dorothy,Yardley,Sloe Green,West,10
17:47,5547,Alfred,Ainsley,Marrowby,North,28
17:48,0013,Poppy,Gull,Elderbrook,West,33
17:48,0106,Rupert,Gray,Emberfield,North,6
17:48,0189,Wilfred,Tinsley,Emberfield,West,20
17:48,0336,Martha,Hill,Greyhaven,West,30
17:48,0748,Milo,Pike,Ashcombe,East,12
17:48,0767,Edmund,Ainsley,Brambleford,South,26
17:48,0769,Agnes,Lennard,Greyhaven,North,21
17:48,0848,Florence,Terrell,Emberfield,West,19
17:48,0921,Archie,Fell,Emberfield,West,32
17:48,1221,Minnie,Teller,Hartwell,South,23
17:48,1359,Imogen,Skerritt,Juniper Cross,West,1
17:48,1595,Tobias,Quill,Ashcombe,West,23
17:48,2073,Celia,Gull,Sloe Green,East,32
17:48,2346,Leonard,Tanner,Juniper Cross,North,12
17:48,2452,Iris,Bramwell,Greyhaven,West,19
17:48,2607,Winnie,Winnard,Emberfield,East,35
17:48,2768,Gilbert,Harrell,Foxhollow,South,21
17:48,3530,Elsie,Hale,Foxhollow,East,20
17:48,3542,Hazel,Finch,Nettlefold,West,18
17:48,3589,Lena,Moss,Hartwell,North,31
17:48,3770,Ida,Hobbs,Copperwell,South,8
17:48,3774,Tobias,Finch,Emberfield,North,23
17:48,3860,Dorothy,Scott,Dunmoor,North,7
17:48,3868,Winnie,Webb,Pennywick,East,12
17:48,3981,Poppy,Barrett,Emberfield,South,13
17:48,3998,Cora,Cutler,Ashcombe,West,3
17:48,4167,Edith,Hadley,Marrowby,North,33
17:48,4220,Maisie,Lennard,Dunmoor,South,34
17:48,4323,Jasper,Kennett,Brambleford,South,31
17:48,4409,Mabel,Dunn,Kestrel Bay,East,2
17:48,4706,Beatrix,Wadding,Foxhollow,West,33
17:48,4836,Stanley,Tyler,Pennywick,North,18
17:48,4900,Edgar,Pinnock,Greyhaven,South,33
17:48,5212,Otto,Bramwell,Kestrel Bay,East,31
17:48,5649,Lottie,Scott,Brambleford,West,7
17:48,5899,Ernest,Fennell,Emberfield,North,22
17:48,5954,Lottie,Pettit,Dunmoor,East,30
17:49,0007,Ned,Terrell,Marrowby,West,4
17:49,0131,Pip,Tanner,Juniper Cross,North,6
17:49,0213,Ivor,Kidd,Hartwell,East,36
17:49,0354,Iris,Rainer,Sloe Green,North,2
17:49,0446,Jude,Warrender,Dunmoor,North,16
17:49,0743,Tobias,Keel,Marrowby,South,33
17:49,1238,Jasper,Hayward,Ashcombe,North,7
17:49,1314,Zelda,Hazell,Marrowby,West,24
17:49,1366,Rosa,Starling,Sloe Green,North,3
17:49,1492,Sybil,Hill,Ashcombe,North,12
17:49,1797,Nell,Miller,Oakhurst,North,26
17:49,1990,Hilda,Parrish,Pennywick,South,8
17:49,2603,Imogen,Kerrigan,Nettlefold,East,22
17:49,2685,Mabel,Lark,Greyhaven,South,16
17:49,2796,Fenella,Terrell,Nettlefold,South,33
17:49,2869,Lily,Mercer,Emberfield,South,31
17:49,2997,Ethel,Garnett,Foxhollow,North,10
17:49,3080,Josie,Parrish,Copperwell,West,3
17:49,3316,Teddy,Reeve,Elderbrook,West,32
17:49,3388,Florence,Hendry,Brambleford,East,17
17:49,3576,Percy,Mercer,Copperwell,North,1
17:49,3604,Leonard,Gull,Copperwell,South,25
17:49,3746,Harriet,Rainer,Emberfield,South,4
17:49,3971,Ernest,Kidd,Emberfield,West,5
17:49,3995,Joan,Ferrand,Dunmoor,East,11
17:49,4616,Nora,Farrell,Marrowby,East,7
17:49,4699,Abigail,Blackwood,Foxhollow,West,24
17:49,4701,Rowena,Innes,Brambleford,East,35
17:49,4844,Milo,Thackery,Emberfield,West,32
17:49,4927,Esther,Darrow,Emberfield,West,17
17:49,5247,Elsie,Garnett,Hartwell,West,26
17:49,5434,Ada,Skerritt,Sloe Green,East,10
17:49,5579,Clara,Rainer,Emberfield,West,26
17:49,5783,Otto,Dennett,Emberfield,East,8
17:50,0020,Phoebe,Merritt,Kestrel Bay,West,19
17:50,0084,Iris,Wheeler,Elderbrook,North,13
17:50,0170,Olive,Brett,Hartwell,West,2
17:50,0862,Josie,Crane,Emberfield,East,18
17:50,1253,Beatrix,Tebbutt,Emberfield,North,11
17:50,1675,Harold,Brett,Kestrel Bay,West,1
17:50,1739,Josie,Abbott,Emberfield,West,35
17:50,1757,Bella,Clay,Emberfield,West,25
17:50,2030,Margot,Barrett,Pennywick,East,29
17:50,2035,Maisie,Hill,Elderbrook,West,7
17:50,2392,Dorothy,Nuttall,Brambleford,West,29
17:50,2416,Kit,Carrell,Dunmoor,North,1
17:50,2485,Hazel,Hazell,Oakhurst,South,8
17:50,2520,Winnie,Dunn,Greyhaven,North,13
17:50,2622,Minnie,Rainer,Nettlefold,East,36
17:50,2906,Hilda,Ferrand,Brambleford,East,22
17:50,4102,Ida,Wadding,Emberfield,North,32
17:50,4370,Jude,Wren,Brambleford,North,30
17:50,4797,Harriet,Ellery,Sloe Green,North,30
17:50,4862,Evelyn,Yeoman,Oakhurst,West,30
17:50,5235,Effie,Oakes,Elderbrook,West,15
17:50,5482,Kit,Minns,Marrowby,West,29
17:50,5600,Winnie,Pike,Ashcombe,South,17
17:50,5971,Imogen,Ellery,Emberfield,West,36
17:50,5985,Abigail,Mercer,Ashcombe,South,3
17:51,0168,Enid,Innes,Pennywick,North,35
17:51,0499,Sybil,Kettle,Foxhollow,East,28
17:51,0565,Kit,Wadding,Juniper Cross,East,31
17:51,0754,Edith,Mercer,Ashcombe,East,12
17:51,0812,Henry,Pryce,Ashcombe,West,14
17:51,0897,Ruth,Fell,Kestrel Bay,South,34
17:51,1171,Ned,Tennyson,Sloe Green,East,1
17:51,1409,Cyril,Gibbs,Nettlefold,East,20
17:51,1640,Ottilie,Birch,Emberfield,North,12
17:51,1741,Tobias,Hurst,Sloe Green,East,15
17:51,1807,Una,Tinsley,Ashcombe,East,31
17:51,1887,Frances,Kerrigan,Sloe Green,North,21
17:51,2134,Gwen,Nash,Emberfield,South,7
17:51,2320,Barnaby,Oakes,Kestrel Bay,South,9
17:51,2754,Harold,Yeoman,Emberfield,South,29
17:51,2795,Percy,Skerritt,Marrowby,North,5
17:51,3229,Poppy,Tinsley,Hartwell,East,34
17:51,3661,Ruth,Dunn,Emberfield,North,25
17:51,3822,Gilbert,Ellery,Marrowby,West,15
17:51,3945,Minnie,Gibbs,Greyhaven,South,10
17:51,4474,Dora,Rainer,Sloe Green,North,32
17:51,4499,Ada,Barrow,Dunmoor,South,16
17:51,5304,Ralph,Kettle,Emberfield,North,33
17:51,5367,Iris,Pennell,Oakhurst,North,3
17:52,0509,Cyril,Kennett,Emberfield,West,21
17:52,0922,Cora,Terrell,Sloe Green,East,32
17:52,1104,Abigail,Elwood,Sloe Green,East,8
17:52,1458,Cyril,Kidd,Sloe Green,South,26
17:52,2116,Ray,Wren,Kestrel Bay,South,10
17:52,2248,Harvey,Barrett,Sloe Green,South,17
17:52,2252,Quentin,Carrell,Emberfield,East,24
17:52,2572,Ida,Copper,Nettlefold,North,29
17:52,3009,Monty,Miller,Pennywick,North,24
17:52,3978,Winnie,Starling,Nettlefold,East,35
17:52,3984,Silas,Pryce,Sloe Green,South,5
17:52,4271,Elsie,Gibbs,Kestrel Bay,North,25
17:52,4284,Esther,Reeve,Emberfield,South,3
17:52,4984,Martha,Tanner,Copperwell,South,18
17:52,5025,Elsie,Terrell,Greyhaven,West,13
17:52,5224,Harold,Drake,Emberfield,South,33
17:52,5855,Clement,Terrell,Emberfield,North,1
17:53,0282,Vera,Brett,Sloe Green,North,24
17:53,0731,Rupert,Tuck,Dunmoor,East,28
17:53,1658,Rhoda,Lennard,Juniper Cross,East,25
17:53,1679,Molly,Hobbs,Foxhollow,South,8
17:53,2268,Elsie,Varley,Elderbrook,West,16
17:53,3182,Cyril,Lennard,Copperwell,North,18
17:53,3352,Beatrix,Thackery,Greyhaven,West,3
17:53,3476,Archie,Burrows,Pennywick,West,29
17:53,4023,Rosa,Gray,Dunmoor,West,32
17:53,4646,Silas,Burrows,Emberfield,East,20
17:53,4770,Ralph,Carrell,Greyhaven,North,26
17:53,4840,Oscar,Sellers,Dunmoor,South,24
17:53,5109,Maisie,Hayward,Emberfield,East,20
17:53,5112,Gwen,Nuttall,Emberfield,South,25
17:53,5355,Rosa,Mallet,Sloe Green,North,28
17:53,5524,Lydia,Gibbs,Elderbrook,North,20
17:53,5679,Thea,Wren,Ashcombe,West,12
17:53,5754,Sybil,Nash,Brambleford,South,13
17:53,5864,Joan,Pym,Foxhollow,West,24
17:53,5965,Xavier,Perrin,Emberfield,North,33
17:54,0418,Minnie,Lennard,Pennywick,East,2
17:54,0589,Harriet,Vesey,Marrowby,North,33
17:54,1333,Cyril,Abbott,Emberfield,South,34
17:54,1724,Evelyn,Chandler,Copperwell,East,20
17:54,2128,Olive,Keel,Emberfield,East,9
17:54,2467,Stanley,Varley,Greyhaven,North,34
17:54,2577,Gwen,Bramwell,Oakhurst,West,3
17:54,2612,Lena,Barrow,Pennywick,East,16
17:54,2975,Otto,Garnett,Oakhurst,North,1
17:54,3113,Rhoda,Keel,Emberfield,East,13
17:54,3157,Ned,Glass,Ashcombe,North,36
17:54,3322,Maud,Keel,Emberfield,West,13
17:54,3404,Alice,Ellery,Foxhollow,West,33
17:54,3437,Jasper,Merritt,Dunmoor,South,3
17:54,3783,Margot,Tully,Dunmoor,West,25
17:54,4049,Josie,Dell,Emberfield,South,34
17:54,4251,Bridget,Jewell,Nettlefold,South,3
17:54,4675,Henry,Hendry,Foxhollow,East,34
17:54,4856,Violet,Wells,Greyhaven,West,18
17:54,5050,Jasper,Bell,Emberfield,East,13
17:54,5374,Mabel,Hollins,Pennywick,West,22
17:54,5415,Xavier,Darrow,Sloe Green,North,1
17:55,0572,Sybil,Wells,Emberfield,North,28
17:55,0657,Ned,Abbott,Marrowby,North,8
17:55,1330,Clement,Bramwell,Marrowby,East,35
17:55,1370,Jude,Sykes,Nettlefold,South,19
17:55,1530,Lily,Crane,Copperwell,North,15
17:55,1696,Ralph,Sallow,Greyhaven,South,31
17:55,1781,Ada,Dunn,Nettlefold,East,3
17:55,2050,Ned,Penny,Pennywick,East,15
17:55,2581,Cora,Yardley,Emberfield,South,1
17:55,2715,Agnes,Selby,Nettlefold,South,36
17:55,3098,Maud,Bennett,Foxhollow,East,14
17:55,3175,Fenella,Hadley,Greyhaven,East,29
17:55,3240,Mabel,Venning,Ashcombe,West,8
17:55,3261,Ned,Mayhew,Sloe Green,West,15
17:55,3315,Ivor,Cutler,Ashcombe,North,18
17:55,3558,Poppy,Tennyson,Emberfield,North,11
17:55,3662,Effie,Skerritt,Pennywick,East,36
17:55,3826,Enid,Pryce,Nettlefold,North,10
17:55,3912,Ruth,Wells,Emberfield,North,12
17:55,4210,Nora,Barrow,Marrowby,East,35
17:55,4394,Hugo,Brook,Nettlefold,North,4
17:55,4522,Sybil,Mayhew,Greyhaven,West,6
17:55,4542,Nora,Penny,Brambleford,North,32
17:55,4819,Edmund,Hale,Kestrel Bay,West,25
17:55,4961,Nell,Kettle,Emberfield,East,25
17:55,5004,Pip,Varley,Kestrel Bay,East,2
17:55,5104,Enid,Mercer,Copperwell,West,21
17:55,5108,Edie,Harker,Emberfield,West,17
17:55,5295,Dolly,Denny,Ashcombe,West,7
17:55,5379,Barnaby,Hurst,Kestrel Bay,West,28
17:55,5473,Ray,Kerrigan,Dunmoor,West,2
17:55,5492,Sybil,Perrin,Dunmoor,West,3
17:55,5522,Archie,Hartley,Sloe Green,East,8
17:55,5590,Bridget,Copper,Pennywick,North,36
17:55,5887,Tobias,Wrenn,Hartwell,North,28
17:56,0027,Imogen,Tennyson,Emberfield,North,6
17:56,0225,Ethel,Wheeler,Emberfield,West,3
17:56,0226,Margot,Lark,Oakhurst,South,35
17:56,0466,Esther,Garnett,Hartwell,West,29
17:56,0782,Maisie,Merritt,Nettlefold,North,5
17:56,1393,Ada,Clay,Copperwell,East,34
17:56,1394,Harriet,Kidd,Elderbrook,South,7
17:56,1569,Evelyn,Tanner,Emberfield,North,1
17:56,1751,Lena,Thatcher,Brambleford,East,8
17:56,1783,Cecil,Harrell,Foxhollow,North,16
17:56,2103,Gilbert,Warrender,Marrowby,West,34
17:56,2548,Martha,Pinnock,Emberfield,East,34
17:56,2882,Una,Tuck,Elderbrook,East,34
17:56,3028,Sidney,Selby,Kestrel Bay,East,26
17:56,3249,Nell,Minns,Hartwell,North,18
17:56,3465,Isla,Sallow,Emberfield,East,4
17:56,3636,Stella,Harrell,Greyhaven,South,8
17:56,3858,Quentin,Moss,Ashcombe,East,20
17:56,3882,Alice,Pike,Emberfield,East,35
17:56,4043,Xavier,Whitt,Ashcombe,East,33
17:56,4175,Margot,Harker,Nettlefold,East,22
17:56,4352,Dorothy,Burrows,Brambleford,East,25
17:56,4720,Hilda,Gull,Foxhollow,West,27
17:56,4847,Ida,Pennell,Foxhollow,North,9
17:56,5278,Annie,Neville,Nettlefold,North,7
17:57,0130,Dolly,Reeve,Nettlefold,North,32
17:57,0218,Bridget,Darrow,Nettlefold,East,34
17:57,0610,Bella,Moss,Nettlefold,North,4
17:57,0706,Isla,Whitt,Emberfield,West,13
17:57,0815,Isla,Tennyson,Emberfield,East,32
17:57,1103,Ottilie,Wells,Copperwell,West,21
17:57,1133,Phoebe,Fell,Emberfield,West,36
17:57,1327,Fenella,Lark,Greyhaven,West,18
17:57,1552,Freda,Tidwell,Copperwell,South,8
17:57,1574,Bertie,Sheppard,Ashcombe,West,34
17:57,2020,Hugo,Lark,Pennywick,South,34
17:57,3118,Stella,Tennyson,Nettlefold,West,23
17:57,3220,Harold,Lynn,Emberfield,East,28
17:57,3840,Quentin,Ferrand,Foxhollow,East,31
17:57,4290,Jasper,Starling,Elderbrook,South,32
17:57,4550,Winnie,Lytton,Sloe Green,North,24
17:57,4553,Amos,Harrell,Brambleford,East,13
17:57,4672,Albert,Miller,Nettlefold,East,15
17:57,5062,Mabel,Tidwell,Hartwell,South,20
17:57,5501,Molly,Darrow,Hartwell,South,14
17:57,5537,Pip,Parrish,Brambleford,South,20
17:57,5632,Abigail,Jewell,Emberfield,South,23
17:57,5858,Lottie,Dunn,Pennywick,South,1
17:58,0136,Rupert,Wren,Hartwell,North,25
17:58,0319,Sadie,Russell,Brambleford,West,11
17:58,0520,Lydia,Tyler,Dunmoor,West,36
17:58,1222,Fenella,Pennell,Emberfield,South,19
17:58,1631,Molly,Webb,Copperwell,North,16
17:58,1774,Teddy,Tebbutt,Juniper Cross,South,22
17:58,1936,Henry,Jarrett,Pennywick,East,25
17:58,2064,Teddy,Hartley,Sloe Green,East,6
17:58,2066,Muriel,Elwood,Emberfield,South,33
17:58,2100,Bernard,Wells,Elderbrook,East,8
17:58,2106,Barnaby,Hartley,Pennywick,East,2
17:58,2296,Vera,Kettle,Brambleford,South,35
17:58,2356,Myrtle,Hendry,Juniper Cross,North,8
17:58,2860,Abigail,Thatcher,Elderbrook,West,1
17:58,4066,Ottilie,Wren,Kestrel Bay,North,25
17:58,4146,Clara,Jarrett,Emberfield,West,16
17:58,4298,Greta,Russell,Emberfield,East,9
17:58,4324,Jude,Cobb,Dunmoor,North,2
17:58,4349,Myrtle,Linnell,Kestrel Bay,West,36
17:58,4375,Jude,Sellers,Emberfield,North,32
17:58,4825,Greta,Darrow,Emberfield,West,31
17:58,5065,Evelyn,Winnard,Brambleford,East,8
17:58,5075,Ralph,Pinnock,Emberfield,West,1
17:58,5683,Timothy,Lytton,Emberfield,East,5
17:59,0023,Harriet,Sparrow,Greyhaven,North,9
17:59,0787,Minnie,Hazell,Emberfield,East,18
17:59,0864,Silas,Carrell,Brambleford,West,34
17:59,1002,Silas,Starling,Oakhurst,North,30
17:59,1275,Quentin,Pettit,Oakhurst,South,24
17:59,1904,Tobias,Pryce,Greyhaven,East,28
17:59,2155,Phoebe,Walker,Emberfield,North,32
17:59,2287,Imogen,Mallet,Sloe Green,North,35
17:59,2888,Rowena,Abbott,Brambleford,North,6
17:59,3005,Imogen,Gull,Elderbrook,North,20
17:59,3036,Daisy,Hazell,Emberfield,East,3
17:59,3379,Sybil,Oakes,Foxhollow,West,16
17:59,3600,Cecil,Warrender,Emberfield,East,7
17:59,3697,Ethel,Parrish,Greyhaven,West,12
17:59,4508,Cyril,Gull,Copperwell,East,6
17:59,4559,Maud,Darrow,Emberfield,North,15
17:59,4615,Bertie,Bell,Sloe Green,South,14
17:59,4778,Martha,Venning,Pennywick,East,33
17:59,5081,Freda,Whitt,Brambleford,North,2
17:59,5241,Barnaby,Tennyson,Pennywick,East,22
17:59,5596,Arthur,Copper,Emberfield,East,7
17:59,5667,Bertie,Reeve,Juniper Cross,East,10
17:59,5851,Clement,Lynn,Brambleford,East,15
18:00,0041,Clement,Quill,Emberfield,West,21
18:00,0535,Poppy,Tebbutt,Oakhurst,West,22
18:00,1067,Una,Kerrigan,Ashcombe,South,29
18:00,1285,Leonard,Dell,Emberfield,North,9
18:00,1460,Amos,Skerritt,Pennywick,North,5
18:00,1788,Minnie,Marsh,Nettlefold,South,22
18:00,1866,Lionel,Marsh,Emberfield,South,9
18:00,1892,Sybil,Gibbs,Ashcombe,West,9
18:00,3331,Quentin,Pinnock,Emberfield,North,31
18:00,3590,Milo,Hendry,Emberfield,North,7
18:00,3630,Fenella,Mayhew,Greyhaven,North,26
18:00,3881,Archie,Pinnock,Greyhaven,South,22
18:00,4056,Ned,Dell,Emberfield,North,12
18:00,4089,Annie,Elwood,Copperwell,West,12
18:00,4191,Percy,Pike,Emberfield,East,22
18:00,4360,Timothy,Terrell,Brambleford,West,5
18:00,4434,Lily,Sparrow,Sloe Green,South,3
18:00,5268,Lydia,Innes,Juniper Cross,East,36
18:00,5557,Emily,Merritt,Marrowby,East,13
18:01,0058,Harriet,Tennyson,Emberfield,East,9
18:01,0243,Minnie,Mercer,Elderbrook,West,12
18:01,0532,Edmund,Linnell,Nettlefold,North,15
18:01,0581,Lionel,Glass,Dunmoor,South,17
18:01,0621,Jude,Kettle,Marrowby,West,30
18:01,0738,Oscar,Wadding,Brambleford,West,25
18:01,0863,Lionel,Jarrett,Elderbrook,West,5
18:01,1479,Ida,Penny,Foxhollow,East,15
18:01,1657,Percy,Brook,Emberfield,West,10
18:01,1662,Mavis,Hazell,Emberfield,South,22
18:01,1809,Molly,Birch,Sloe Green,West,3
18:01,1833,Ada,Nash,Sloe Green,West,21
18:01,2290,Kit,Russell,Ashcombe,North,13
18:01,2468,Vera,Varley,Nettlefold,East,10
18:01,2689,Leonard,Terrell,Emberfield,South,6
18:01,3004,Zelda,Sparrow,Emberfield,East,19
18:01,3268,Otto,Kettle,Emberfield,North,21
18:01,3876,Harriet,Hendry,Juniper Cross,West,25
18:01,3992,Ruth,Winnard,Ashcombe,West,26
18:01,4060,Imogen,Penny,Oakhurst,West,31
18:01,4116,Percy,Jewell,Emberfield,North,17
18:01,4152,Mavis,Tyler,Dunmoor,West,23
18:01,4181,Timothy,Mallet,Dunmoor,West,35
18:01,4201,Gilbert,Ferrand,Copperwell,North,31
18:01,4431,Mabel,Pinnock,Emberfield,East,1
18:01,4612,Molly,Tyler,Emberfield,West,27
18:01,5127,Annie,Reeve,Elderbrook,South,29
18:01,5227,Tobias,Pike,Copperwell,South,11
18:01,5658,Rosa,Ellery,Juniper Cross,North,1
18:02,0504,Lionel,Wheeler,Nettlefold,East,10
18:02,0664,Thea,Mercer,Foxhollow,East,28
18:02,0810,Xavier,Parrish,Dunmoor,North,29
18:02,1605,Esther,Barrett,Emberfield,East,28
18:02,1931,Clement,Gibbs,Sloe Green,West,7
18:02,1950,Daisy,Walker,Elderbrook,West,30
18:02,2582,Maud,Harrell,Emberfield,North,33
18:02,2646,Clara,Venning,Marrowby,East,14
18:02,2857,Audrey,Jewell,Emberfield,North,32
18:02,3324,Monty,Hazell,Nettlefold,North,29
18:02,3370,Joan,Dunn,Pennywick,East,18
18:02,4270,Thea,Trask,Emberfield,North,9
18:02,4566,Muriel,Cobb,Emberfield,West,8
18:02,4605,Rowena,Copper,Emberfield,North,19
18:02,4667,Amos,Pinnock,Elderbrook,West,3
18:02,4807,Otto,Terrell,Oakhurst,South,2
18:02,5564,Rowena,Walker,Emberfield,North,19
18:02,5836,Ruth,Barrett,Dunmoor,South,21
18:03,0150,Myrtle,Pettit,Emberfield,East,16
18:03,0269,Barnaby,Warrender,Greyhaven,East,10
18:03,0308,Thea,Garnett,Ashcombe,East,29
18:03,1163,Violet,Trask,Greyhaven,North,15
18:03,1430,Lottie,Teller,Brambleford,South,3
18:03,2300,Hilda,Hobbs,Emberfield,South,7
18:03,2438,Beatrix,Quill,Copperwell,West,35
18:03,2990,Sadie,Kettle,Kestrel Bay,West,34
18:03,3088,Emily,Hadley,Sloe Green,North,4
18:03,3116,Timothy,Hill,Ashcombe,North,24
18:03,3236,Gilbert,Lark,Greyhaven,West,8
18:03,3548,Martha,Brett,Dunmoor,South,14
18:03,3568,Freda,Blackwood,Dunmoor,South,21
18:03,3683,Teddy,Yardley,Juniper Cross,West,36
18:03,3791,Harvey,Elwood,Nettlefold,North,21
18:03,3937,Bertie,Gibbs,Brambleford,East,11
18:03,3982,Frances,Crane,Greyhaven,North,13
18:03,4537,Amos,Sparrow,Hartwell,West,25
18:03,5135,Stanley,Quill,Foxhollow,South,26
18:03,5218,Barnaby,Dunn,Emberfield,East,27
18:03,5245,Edgar,Vesey,Nettlefold,South,29
18:03,5294,Audrey,Hazell,Brambleford,South,30
18:03,5782,Audrey,Webb,Juniper Cross,South,27
18:03,5937,Wilfred,Ainsley,Sloe Green,West,8
18:04,0066,Winnie,Drake,Hartwell,West,15
18:04,0108,Evelyn,Pryce,Emberfield,West,34
18:04,0122,Margot,Tanner,Juniper Cross,North,22
18:04,0219,Esther,Tinsley,Emberfield,South,24
18:04,0241,Dolly,Copper,Ashcombe,South,15
18:04,0349,Clement,Abbott,Ashcombe,North,21
18:04,0375,Wilfred,Teller,Emberfield,North,11
18:04,0830,Lena,Nuttall,Dunmoor,West,31
18:04,1174,Vera,Denny,Pennywick,South,1
18:04,1220,Oscar,Pennell,Copperwell,West,15
18:04,1304,Leonard,Merritt,Hartwell,South,4
18:04,1323,Tobias,Oakes,Marrowby,North,15
18:04,1377,Cora,Sykes,Nettlefold,West,3
18:04,1493,Barnaby,Kemp,Ashcombe,North,20
18:04,2203,Milo,Lennard,Emberfield,South,20
18:04,2502,Frances,Grange,Oakhurst,West,20
18:04,2613,Muriel,Teller,Pennywick,East,3
18:04,2979,Harriet,Minns,Marrowby,North,33
18:04,3040,Jasper,Tyler,Marrowby,North,21
18:04,3079,Leonard,Minns,Marrowby,North,11
18:04,3133,Harold,Tennyson,Greyhaven,West,11
18:04,3529,Dolly,Trask,Pennywick,East,2
18:04,3905,Lionel,Hadley,Elderbrook,West,5
18:04,4046,Violet,Sallow,Greyhaven,North,35
18:04,4075,Lena,Hurst,Sloe Green,North,20
18:04,4168,Lottie,Tinsley,Juniper Cross,North,16
18:04,5043,Tobias,Carrell,Elderbrook,East,24
18:04,5139,Rupert,Warrender,Pennywick,North,12
18:04,5201,Lena,Keel,Pennywick,West,17
18:04,5211,Clara,Blackwood,Dunmoor,West,8
18:04,5293,Jude,Sheppard,Greyhaven,North,10
18:04,5576,Otto,Miller,Emberfield,North,16
18:05,0051,Effie,Perrin,Juniper Cross,West,16
18:05,0074,Edie,Vesey,Greyhaven,West,20
18:05,0451,Ivy,Neville,Hartwell,West,15
18:05,0668,Cecil,Hadley,Elderbrook,East,6
18:05,0672,Teddy,Platt,Copperwell,South,29
18:05,1012,Gwen,Reeve,Nettlefold,West,35
18:05,1453,Una,Wrenn,Juniper Cross,South,1
18:05,1545,Alfred,Mallet,Emberfield,West,4
18:05,1554,Effie,Marsh,Emberfield,West,32
18:05,1616,Rupert,Hollins,Foxhollow,East,31
18:05,1764,Clement,Oakes,Sloe Green,North,25
18:05,2061,Fenella,Teller,Emberfield,East,32
18:05,2261,Ned,Vesey,Marrowby,East,4
18:05,2661,Bertie,Kettle,Sloe Green,West,17
18:05,3346,Effie,Burrows,Marrowby,West,34
18:05,3454,Teddy,Warrender,Foxhollow,South,3
18:05,3764,Bernard,Dennett,Copperwell,West,3
18:05,3799,Esther,Tyler,Pennywick,West,3
18:05,3847,Molly,Hollins,Dunmoor,North,33
18:05,3934,Harold,Quill,Marrowby,East,36
18:05,3943,Esther,Walker,Emberfield,North,27
18:05,4242,Ivy,Tyler,Emberfield,West,15
18:05,4447,Quentin,Terrell,Ashcombe,East,11
18:05,4471,Sidney,Mayhew,Emberfield,North,2
18:05,4738,Isla,Starling,Ashcombe,North,21
18:05,4742,Effie,Hazell,Kestrel Bay,South,11
18:05,4767,Ottilie,Vesey,Juniper Cross,North,16
18:05,4813,Iris,Hayward,Pennywick,West,36
18:05,4904,Harvey,Hendry,Emberfield,South,7
18:05,5431,Pip,Marsh,Nettlefold,South,34
18:05,5483,Ottilie,Mayhew,Emberfield,East,29
18:05,5518,Hazel,Lark,Emberfield,West,13
18:05,5675,Archie,Tuck,Emberfield,North,22
18:05,5840,Kit,Walker,Foxhollow,North,15
18:06,0024,Edith,Hartley,Emberfield,North,22
18:06,0239,Emily,Reeve,Brambleford,West,33
18:06,0641,Mavis,Farrell,Sloe Green,North,29
18:06,0871,Ned,Tebbutt,Dunmoor,South,13
18:06,1093,Mavis,Nash,Kestrel Bay,East,14
18:06,1284,Bertie,Sykes,Ashcombe,East,5
18:06,1468,Phoebe,Penny,Marrowby,West,28
18:06,1695,Archie,Parrish,Brambleford,East,24
18:06,2129,Silas,Harrell,Pennywick,West,8
18:06,2247,Abigail,Jarrett,Sloe Green,East,21
18:06,2342,Hazel,Pike,Dunmoor,North,34
18:06,2391,Poppy,Walker,Oakhurst,South,28
18:06,2845,Effie,Grange,Hartwell,West,29
18:06,2937,Bridget,Minns,Copperwell,East,2
18:06,3146,Imogen,Whitt,Emberfield,North,22
18:06,3156,Florence,Chandler,Emberfield,South,14
18:06,3248,Greta,Wrenn,Hartwell,North,27
18:06,3323,Daisy,Ainsley,Nettlefold,East,22
18:06,3325,Bridget,Oakes,Emberfield,East,8
18:06,3435,Daisy,Sellers,Juniper Cross,North,35
18:06,3559,Effie,Kennett,Juniper Cross,North,4
18:06,3593,Annie,Sheppard,Greyhaven,North,2
18:06,4109,Martha,Drake,Emberfield,South,32
18:06,4187,Silas,Rainer,Emberfield,East,20
18:06,4226,Teddy,Sheppard,Elderbrook,North,28
18:06,4318,Evelyn,Dennett,Copperwell,South,32
18:06,4339,Rowena,Wheeler,Kestrel Bay,South,1
18:06,4435,Imogen,Brett,Juniper Cross,North,22
18:06,4448,Quentin,Jarrett,Marrowby,South,25
18:06,4460,Agnes,Tidwell,Emberfield,East,20
18:06,4815,Una,Varley,Brambleford,West,33
18:06,4915,Otto,Quill,Nettlefold,West,31
18:06,5023,Bella,Platt,Dunmoor,East,16
18:06,5193,Bella,Thatcher,Emberfield,West,17
18:06,5325,Cecil,Vesey,Emberfield,West,3
18:06,5766,Alfred,Fennell,Emberfield,South,22
18:06,5866,Ivor,Pollard,Hartwell,West,22
18:06,5896,Hazel,Brook,Nettlefold,West,13
18:06,5974,Milo,Minns,Foxhollow,East,4
18:07,0115,Sybil,Goodall,Kestrel Bay,West,2
18:07,0142,Frances,Lytton,Hartwell,South,11
18:07,0320,Ray,Yardley,Elderbrook,West,27
18:07,0430,Annie,Russell,Emberfield,West,25
18:07,0480,Violet,Barrow,Emberfield,North,7
18:07,0859,Quentin,Nuttall,Marrowby,East,2
18:07,0962,Nora,Parrish,Nettlefold,East,36
18:07,1017,Sadie,Finch,Emberfield,East,2
18:07,1195,Oscar,Wrenn,Sloe Green,North,6
18:07,1407,Kit,Selby,Pennywick,South,12
18:07,1503,Timothy,Hayward,Brambleford,West,10
18:07,1692,Enid,Webb,Marrowby,South,34
18:07,1900,Ruth,Pinnock,Nettlefold,North,21
18:07,1975,Harold,Kerrigan,Emberfield,North,17
18:07,1976,Thea,Birch,Emberfield,South,3
18:07,1994,Evelyn,Farrell,Emberfield,West,1
18:07,2215,Olive,Thackery,Oakhurst,South,28
18:07,2509,Dora,Crane,Elderbrook,East,5
18:07,2699,Imogen,Tuck,Emberfield,West,12
18:07,2704,Lionel,Quill,Emberfield,West,28
18:07,2775,Cyril,Cutler,Greyhaven,South,33
18:07,2848,Minnie,Venning,Greyhaven,West,2
18:07,2875,Lily,Yeoman,Brambleford,East,29
18:07,3064,Dolly,Barrett,Marrowby,East,8
18:07,3150,Jasper,Russell,Marrowby,North,2
18:07,3350,Dorothy,Tully,Juniper Cross,East,19
18:07,3499,Josie,Nash,Oakhurst,South,31
18:07,4041,Freda,Perrin,Emberfield,West,19
18:07,4077,Cora,Marsh,Greyhaven,East,10
18:07,4171,Milo,Quill,Sloe Green,North,28
18:07,4200,Dora,Perrin,Sloe Green,South,23
18:07,4253,Ida,Thackery,Emberfield,West,17
18:07,4513,Monty,Barrett,Dunmoor,East,13
18:07,4611,Henry,Marsh,Ashcombe,East,25
18:07,4906,Alice,Innes,Oakhurst,South,3
18:07,4951,Minnie,Tinsley,Greyhaven,West,13
18:07,5007,Amos,Minns,Nettlefold,South,35
18:07,5019,Pip,Oakes,Dunmoor,North,33
18:07,5083,Ernest,Sykes,Sloe Green,West,17
18:07,5240,Agnes,Pollard,Sloe Green,West,21
18:07,5390,Oscar,Nash,Greyhaven,South,12
18:07,5474,Violet,Lytton,Emberfield,South,35
18:07,5631,Ada,Lynn,Ashcombe,West,20
18:07,5699,Ethel,Hazell,Nettlefold,North,20
18:07,5781,Evelyn,Fennell,Sloe Green,North,4
18:07,5832,Wilfred,Gibbs,Greyhaven,West,24
18:08,0230,Ivy,Marsh,Marrowby,West,1
18:08,0525,Hazel,Hale,Kestrel Bay,South,13
18:08,0652,Florence,Jenner,Ashcombe,North,16
18:08,0720,Ralph,Trask,Elderbrook,East,15
18:08,0802,Molly,Hartley,Pennywick,North,33
18:08,0861,Otto,Pike,Brambleford,West,19
18:08,1077,Mavis,Rainer,Juniper Cross,North,19
18:08,1644,Milo,Chandler,Foxhollow,South,3
18:08,1782,Xavier,Thatcher,Emberfield,East,26
18:08,2492,Stella,Hendry,Emberfield,North,29
18:08,2738,Martha,Finch,Ashcombe,East,34
18:08,2958,Joan,Tully,Emberfield,East,8
18:08,2991,Bella,Penny,Emberfield,South,22
18:08,3019,Edmund,Tidwell,Sloe Green,West,36
18:08,3319,Celia,Tully,Pennywick,West,7
18:08,3438,Monty,Gibbs,Emberfield,East,21
18:08,3726,Bella,Tennyson,Elderbrook,South,12
18:08,3798,Audrey,Ferrand,Ashcombe,East,8
18:08,4110,Audrey,Keel,Emberfield,South,3
18:08,4759,Harold,Clay,Emberfield,West,19
18:08,5284,Bella,Hazell,Pennywick,North,34
18:08,5346,Bertie,Innes,Emberfield,North,21
18:08,5496,Clement,Linnell,Kestrel Bay,West,3
18:08,5510,Josie,Hill,Pennywick,South,4
18:08,5642,Monty,Nuttall,Marrowby,East,20
18:08,5739,Ned,Jarrett,Emberfield,West,23
18:08,5963,Daisy,Garnett,Brambleford,South,21
18:08,5975,Henry,Selby,Emberfield,East,8
18:08,5996,Ada,Rainer,Hartwell,East,7
18:09,0272,Cecil,Neville,Elderbrook,North,33
18:09,0666,Olive,Tyler,Sloe Green,South,19
18:09,0805,Gwen,Hurst,Ashcombe,East,8
18:09,0821,Xavier,Nash,Nettlefold,East,36
18:09,0842,Maisie,Harker,Hartwell,South,29
18:09,0925,Effie,Tennyson,Brambleford,South,23
18:09,0934,Timothy,Brook,Nettlefold,East,18
18:09,1016,Freda,Bell,Greyhaven,East,34
18:09,1025,Barnaby,Ferrand,Emberfield,West,9
18:09,1041,Maisie,Kemp,Emberfield,West,17
18:09,1241,Edith,Lynn,Emberfield,North,9
18:09,1442,Oscar,Wren,Sloe Green,West,31
18:09,1872,Amos,Wells,Ashcombe,North,7
18:09,2080,Maud,Fennell,Greyhaven,North,29
18:09,2160,Arthur,Fell,Emberfield,North,7
18:09,2289,Ray,Hadley,Emberfield,North,26
18:09,2411,Arthur,Birch,Marrowby,East,31
18:09,2526,Lena,Reeve,Dunmoor,West,22
18:09,2617,Dolly,Gray,Emberfield,West,32
18:09,2675,Ivy,Merritt,Hartwell,North,17
18:09,3127,Albert,Jewell,Emberfield,West,25
18:09,3446,Ada,Gull,Juniper Cross,North,36
18:09,3533,Henry,Birch,Emberfield,East,8
18:09,3888,Ralph,Copper,Copperwell,South,1
18:09,4133,Cecil,Dunn,Emberfield,West,36
18:09,4374,Maud,Webb,Emberfield,East,10
18:09,4439,Audrey,Wren,Oakhurst,North,20
18:09,4494,Silas,Mallet,Emberfield,North,15
18:09,4511,Ned,Marsh,Sloe Green,West,20
18:09,4572,Esther,Webb,Elderbrook,South,29
18:09,4763,Edmund,Hill,Emberfield,North,20
18:09,4888,Ivy,Innes,Elderbrook,West,6
18:09,5022,Maud,Varley,Copperwell,North,24
18:09,5181,Edith,Jenner,Kestrel Bay,North,5
18:09,5556,Isla,Kettle,Oakhurst,North,10
18:09,5558,Ernest,Pettit,Brambleford,West,3
18:09,5572,Edgar,Linnell,Juniper Cross,South,35
18:09,5595,Cyril,Yardley,Juniper Cross,West,18
18:09,5738,Ida,Trask,Pennywick,East,11
18:09,5920,Archie,Webb,Emberfield,West,13
18:10,0257,Maud,Thackery,Emberfield,East,1
18:10,0276,Ivy,Tidwell,Emberfield,South,23
18:10,0676,Iris,Denny,Juniper Cross,East,4
18:10,0714,Gilbert,Carver,Emberfield,South,28
18:10,0843,Monty,Russell,Dunmoor,South,26
18:10,1161,Thea,Kettle,Emberfield,East,31
18:10,1189,Albert,Pike,Greyhaven,North,28
18:10,1449,Maisie,Platt,Oakhurst,West,9
18:10,1630,Edmund,Mercer,Greyhaven,North,31
18:10,2019,Ivy,Parrish,Pennywick,East,7
18:10,2522,Ray,Tinsley,Elderbrook,South,24
18:10,2543,Una,Brett,Hartwell,North,9
18:10,2778,Minnie,Quill,Nettlefold,East,9
18:10,2811,Cora,Sparrow,Hartwell,West,7
18:10,2955,Joan,Mercer,Marrowby,North,24
18:10,3001,Winnie,Hazell,Emberfield,North,30
18:10,3215,Lily,Kidd,Sloe Green,North,22
18:10,3231,Timothy,Barrow,Ashcombe,East,29
18:10,3929,Isla,Hale,Nettlefold,South,16
18:10,3955,Bernard,Farrell,Hartwell,North,34
18:10,4079,Martha,Gray,Nettlefold,South,9
18:10,4288,Hugo,Gray,Foxhollow,South,3
18:10,4403,Clement,Barrett,Emberfield,South,19
18:10,4438,Kit,Sparrow,Emberfield,East,6
18:10,4452,Cecil,Hobbs,Emberfield,West,33
18:10,4486,Minnie,Varley,Foxhollow,North,25
18:10,4920,Stella,Grange,Foxhollow,North,28
18:10,4978,Sadie,Tully,Ashcombe,West,1
18:10,5129,Monty,Carver,Brambleford,South,1
18:10,5534,Beatrix,Bramwell,Ashcombe,South,13
18:10,5577,Maud,Lytton,Pennywick,West,20
18:10,5601,Iris,Scott,Ashcombe,West,7
18:10,5686,Otto,Minns,Nettlefold,East,29
18:10,5834,Sidney,Rainer,Pennywick,South,28
18:10,5903,Mavis,Sallow,Pennywick,South,19
18:10,5913,Nell,Warrender,Juniper Cross,North,16
18:11,0134,Zelda,Lark,Dunmoor,East,23
18:11,0190,Cyril,Hazell,Juniper Cross,East,19
18:11,0215,Ottilie,Sallow,Greyhaven,North,1
18:11,0266,Audrey,Yardley,Juniper Cross,East,1
18:11,0619,Greta,Thackery,Ashcombe,West,15
18:11,0841,Monty,Blackwood,Emberfield,South,3
18:11,0891,Arthur,Kennett,Marrowby,East,22
18:11,0990,Jasper,Glass,Ashcombe,West,27
18:11,1005,Edith,Linnell,Marrowby,South,6
18:11,1042,Ruth,Webb,Greyhaven,East,5
18:11,1142,Cora,Pike,Ashcombe,East,22
18:11,1293,Leonard,Wheeler,Foxhollow,West,26
18:11,1418,Dora,Ainsley,Ashcombe,South,13
18:11,1494,Milo,Hollins,Kestrel Bay,West,31
18:11,2101,Joan,Vesey,Sloe Green,South,23
18:11,2328,Pip,Bell,Emberfield,East,28
18:11,2399,Henry,Hazell,Emberfield,South,22
18:11,2538,Harvey,Tidwell,Ashcombe,West,19
18:11,2553,Poppy,Miller,Oakhurst,East,11
18:11,2679,Quentin,Barrett,Kestrel Bay,West,18
18:11,2921,Bridget,Dunn,Marrowby,South,24
18:11,3503,Leonard,Lytton,Oakhurst,North,21
18:11,3693,Barnaby,Goodall,Nettlefold,North,19
18:11,4224,Mabel,Garnett,Hartwell,West,35
18:11,4230,Harold,Chandler,Dunmoor,West,19
18:11,4321,Teddy,Tully,Dunmoor,North,22
18:11,4442,Sidney,Blackwood,Dunmoor,East,1
18:11,4757,Rowena,Garnett,Marrowby,East,14
18:11,5091,Phoebe,Brook,Sloe Green,South,19
18:11,5099,Imogen,Walker,Emberfield,North,28
18:11,5255,Gilbert,Nuttall,Emberfield,East,32
18:11,5344,Sybil,Penny,Nettlefold,West,4
18:12,0078,Enid,Pennell,Emberfield,West,25
18:12,0086,Arthur,Venning,Sloe Green,West,9
18:12,0101,Evelyn,Jewell,Marrowby,East,18
18:12,0497,Dorothy,Barrett,Dunmoor,North,4
18:12,0966,Sadie,Clay,Emberfield,East,21
18:12,1258,Cyril,Thatcher,Sloe Green,West,24
18:12,1260,Hazel,Carrell,Sloe Green,North,1
18:12,1367,Amos,Hayward,Emberfield,West,11
18:12,1567,Lottie,Blackwood,Emberfield,East,21
18:12,1899,Imogen,Wells,Nettlefold,East,29
18:12,1942,Muriel,Garnett,Brambleford,East,19
18:12,1949,Ray,Minns,Dunmoor,West,23
18:12,2332,Percy,Harker,Ashcombe,South,10
18:12,2406,Otto,Parrish,Greyhaven,East,16
18:12,2576,Hugo,Thackery,Emberfield,East,20
18:12,2885,Rosa,Tanner,Emberfield,North,13
18:12,3075,Rhoda,Pollard,Kestrel Bay,North,8
18:12,3139,Bernard,Tidwell,Juniper Cross,North,2
18:12,3173,Otto,Platt,Emberfield,North,20
18:12,3327,Bertie,Selby,Emberfield,East,5
18:12,4219,Winnie,Mercer,Dunmoor,South,13
18:12,4609,Margot,Denny,Hartwell,South,21
18:12,4660,Albert,Walker,Hartwell,East,22
18:12,4990,Cora,Brook,Sloe Green,East,27
18:12,5491,Xavier,Pettit,Sloe Green,East,28
18:12,5591,Margot,Webb,Marrowby,North,34
18:12,5850,Clara,Hazell,Emberfield,South,12
18:12,5952,Iris,Blackwood,Emberfield,East,22
18:13,0550,Leonard,Nash,Emberfield,West,11
18:13,0570,Martha,Sellers,Juniper Cross,West,17
18:13,0653,Rosa,Moss,Kestrel Bay,West,29
18:13,0746,Daisy,Linnell,Pennywick,East,8
18:13,0827,Lily,Bell,Nettlefold,West,20
18:13,0913,Henry,Trask,Marrowby,East,21
18:13,0973,Timothy,Pike,Dunmoor,North,35
18:13,1061,Greta,Reeve,Brambleford,West,20
18:13,1176,Ernest,Lark,Nettlefold,West,25
18:13,1282,Edith,Hobbs,Brambleford,North,8
18:13,1433,Agnes,Hazell,Juniper Cross,North,2
18:13,1451,Violet,Harrell,Hartwell,East,26
18:13,1488,Stanley,Tennyson,Emberfield,East,23
18:13,1546,Evelyn,Ainsley,Juniper Cross,North,12
18:13,1613,Arthur,Keel,Greyhaven,North,2
18:13,1636,Una,Neville,Brambleford,North,12
18:13,1704,Sybil,Sykes,Ashcombe,North,13
18:13,1714,Silas,Garnett,Hartwell,East,30
18:13,1883,Ada,Goodall,Kestrel Bay,North,28
18:13,1996,Ivy,Hayward,Marrowby,North,6
18:13,2124,Hazel,Wadding,Sloe Green,East,10
18:13,2195,Muriel,Ferrand,Ashcombe,East,21
18:13,2223,Frances,Hendry,Emberfield,South,4
18:13,2331,Elsie,Ellery,Oakhurst,North,3
18:13,2925,Una,Drake,Ashcombe,South,12
18:13,3062,Dora,Sellers,Emberfield,North,24
18:13,3471,Rhoda,Glass,Hartwell,South,23
18:13,3596,Frances,Tuck,Greyhaven,South,29
18:13,3608,Annie,Pym,Sloe Green,West,13
18:13,4229,Winnie,Hobbs,Elderbrook,East,18
18:13,4391,Lionel,Farrell,Oakhurst,West,26
18:13,4495,Esther,Miller,Sloe Green,North,16
18:13,4608,Vera,Harrell,Hartwell,North,22
18:13,4693,Ethel,Tyler,Greyhaven,South,4
18:13,5114,Lottie,Sykes,Foxhollow,North,12
18:13,5324,Milo,Hayward,Greyhaven,North,33
18:13,5597,Ottilie,Oakes,Dunmoor,North,28
18:13,5852,Albert,Harker,Emberfield,West,26
18:13,5962,Clement,Tuck,Marrowby,West,21
18:14,0155,Joan,Clay,Emberfield,West,35
18:14,0291,Hilda,Pettit,Kestrel Bay,North,11
18:14,0487,Emily,Linnell,Emberfield,South,34
18:14,0625,Lena,Barrett,Ashcombe,East,24
18:14,0634,Hilda,Sallow,Marrowby,South,24
18:14,0839,Hugo,Tennyson,Copperwell,West,5
18:14,0967,Dorothy,Elwood,Greyhaven,North,15
18:14,1794,Leonard,Tuck,Elderbrook,West,36
18:14,1837,Dolly,Russell,Dunmoor,West,28
18:14,1948,Thea,Nash,Emberfield,South,26
18:14,2273,Audrey,Bell,Nettlefold,West,11
18:14,2501,Vera,Hazell,Emberfield,West,10
18:14,2780,Enid,Neville,Juniper Cross,West,28
18:14,2837,Abigail,Vesey,Emberfield,South,20
18:14,2852,Olive,Walker,Nettlefold,West,1
18:14,2871,Hazel,Barrow,Foxhollow,East,6
18:14,2920,Jude,Wadding,Sloe Green,West,14
18:14,3115,Otto,Skerritt,Emberfield,South,10
18:14,3481,Edie,Gull,Juniper Cross,West,33
18:14,3511,Bertie,Carver,Sloe Green,West,22
18:14,3556,Isla,Hill,Kestrel Bay,East,3
18:14,3624,Molly,Mayhew,Emberfield,West,20
18:14,3834,Martha,Crane,Foxhollow,East,7
18:14,3931,Esther,Winnard,Nettlefold,South,26
18:14,4162,Agnes,Miller,Emberfield,West,8
18:14,4735,Phoebe,Sellers,Emberfield,North,4
18:14,4909,Nell,Moss,Emberfield,East,9
18:14,5064,Agnes,Tebbutt,Emberfield,East,33
18:14,5154,Hazel,Dennett,Marrowby,East,7
18:14,5182,Ottilie,Tully,Greyhaven,East,5
18:14,5915,Ralph,Harker,Brambleford,East,2
18:15,0191,Muriel,Lennard,Emberfield,West,34
18:15,0286,Hilda,Wren,Emberfield,West,32
18:15,0303,Lena,Wadding,Ashcombe,North,14
18:15,0352,Otto,Gull,Ashcombe,North,17
18:15,0439,Iris,Keel,Emberfield,North,17
18:15,0457,Iris,Hadley,Ashcombe,West,16
18:15,0485,Maud,Trask,Nettlefold,South,14
18:15,0803,Florence,Keel,Sloe Green,West,11
18:15,0932,Alice,Marsh,Emberfield,East,17
18:15,1070,Bridget,Hendry,Elderbrook,West,18
18:15,1509,Josie,Varley,Foxhollow,South,28
18:15,1685,Florence,Goodall,Dunmoor,North,28
18:15,1708,Maud,Dunn,Dunmoor,East,2
18:15,1915,Archie,Innes,Juniper Cross,North,4
18:15,1923,Jasper,Platt,Marrowby,East,5
18:15,2189,Myrtle,Burrows,Greyhaven,North,5
18:15,2265,Jude,Gull,Sloe Green,East,6
18:15,2358,Ida,Kerrigan,Nettlefold,East,20
18:15,2433,Ralph,Wrenn,Emberfield,East,29
18:15,2490,Margot,Jenner,Emberfield,North,29
18:15,2498,Maud,Tuck,Greyhaven,South,24
18:15,2593,Lionel,Gray,Kestrel Bay,West,5
18:15,2767,Hugo,Farrell,Kestrel Bay,West,25
18:15,2914,Isla,Denny,Juniper Cross,South,25
18:15,3078,Stanley,Neville,Emberfield,West,20
18:15,3102,Pip,Goodall,Pennywick,North,14
18:15,3205,Ada,Cutler,Marrowby,East,18
18:15,3309,Alfred,Mercer,Emberfield,North,4
18:15,3417,Gwen,Russell,Pennywick,East,19
18:15,3640,Agnes,Blackwood,Oakhurst,South,26
18:15,3949,Evelyn,Ellery,Elderbrook,South,31
18:15,4063,Margot,Lynn,Copperwell,West,4
18:15,4456,Ivor,Linnell,Brambleford,North,3
18:15,4740,Molly,Goodall,Kestrel Bay,South,11
18:15,4963,Ernest,Hollins,Juniper Cross,South,3
18:15,5467,Nell,Sheppard,Emberfield,East,22
18:15,5660,Bertie,Fell,Oakhurst,North,24
18:15,5901,Rhoda,Wells,Emberfield,North,14
18:15,5928,Harold,Hadley,Emberfield,North,14
18:15,5964,Monty,Varley,Emberfield,East,35
18:16,0371,Teddy,Selby,Greyhaven,North,2
18:16,0554,Winnie,Venning,Dunmoor,North,20
18:16,0844,Jasper,Jarrett,Nettlefold,North,33
18:16,1001,Leonard,Wrenn,Copperwell,North,18
18:16,1350,Lena,Mayhew,Emberfield,West,25
18:16,1483,Freda,Hill,Emberfield,South,9
18:16,1621,Phoebe,Clay,Nettlefold,East,24
18:16,1712,Nora,Glass,Copperwell,East,19
18:16,1841,Joan,Kidd,Greyhaven,East,17
18:16,2023,Ralph,Nash,Marrowby,West,20
18:16,2036,Florence,Lynn,Marrowby,East,14
18:16,2585,Alice,Burrows,Pennywick,South,2
18:16,2741,Alfred,Quill,Elderbrook,East,5
18:16,2998,Maud,Winnard,Sloe Green,South,29
18:16,3096,Ada,Warrender,Juniper Cross,East,28
18:16,3394,Pip,Jarrett,Juniper Cross,North,3
18:16,3592,Rowena,Reeve,Copperwell,North,4
18:16,3706,Wilfred,Wells,Hartwell,East,15
18:16,3790,Lottie,Hurst,Emberfield,South,8
18:16,3873,Audrey,Parrish,Emberfield,West,25
18:16,4141,Poppy,Sykes,Dunmoor,West,29
18:16,4384,Rupert,Hayward,Elderbrook,West,15
18:16,4485,Freda,Thackery,Dunmoor,North,32
18:16,5207,Una,Farrell,Dunmoor,East,5
18:16,5263,Nell,Pike,Ashcombe,East,22
18:16,5410,Ralph,Lark,Pennywick,North,18
18:16,5957,Zelda,Walker,Dunmoor,East,34
18:17,0028,Audrey,Mercer,Nettlefold,North,13
18:17,0055,Cora,Grange,Copperwell,East,2
18:17,0203,Rhoda,Trask,Emberfield,North,34
18:17,0250,Maud,Reeve,Marrowby,South,2
18:17,0252,Amos,Russell,Greyhaven,North,28
18:17,0298,Bridget,Cobb,Nettlefold,East,30
18:17,0507,Ivor,Minns,Marrowby,North,35
18:17,0521,Ruth,Glass,Greyhaven,South,30
18:17,0626,Harriet,Finch,Emberfield,South,7
18:17,0721,Percy,Hale,Greyhaven,North,31
18:17,0760,Vera,Innes,Emberfield,West,14
18:17,0779,Edmund,Yardley,Pennywick,West,8
18:17,0902,Gilbert,Ainsley,Brambleford,East,11
18:17,0950,Silas,Nash,Emberfield,South,26
18:17,1018,Maud,Hadley,Emberfield,West,23
18:17,1153,Rosa,Yeoman,Kestrel Bay,North,32
18:17,1432,Ida,Pryce,Emberfield,East,27
18:17,1525,Edmund,Neville,Nettlefold,West,9
18:17,1850,Audrey,Jenner,Emberfield,West,18
18:17,2385,Poppy,Pettit,Emberfield,North,18
18:17,2447,Bertie,Ainsley,Marrowby,North,18
18:17,2471,Jude,Skerritt,Emberfield,East,17
18:17,2655,Archie,Farrell,Emberfield,East,23
18:17,2918,Cyril,Vesey,Juniper Cross,South,30
18:17,3093,Poppy,Harker,Emberfield,East,14
18:17,3243,Ruth,Ellery,Copperwell,South,19
18:17,3252,Alice,Wrenn,Kestrel Bay,North,23
18:17,3274,Bella,Goodall,Marrowby,East,5
18:17,3371,Ada,Tinsley,Emberfield,East,12
18:17,3709,Audrey,Hurst,Emberfield,East,17
18:17,3718,Hilda,Cutler,Greyhaven,North,8
18:17,4044,Edie,Terrell,Emberfield,South,36
18:17,4170,Rhoda,Whitt,Emberfield,East,11
18:17,4313,Teddy,Wadding,Kestrel Bay,North,16
18:17,4342,Freda,Pennell,Emberfield,East,18
18:17,4534,Rupert,Merritt,Emberfield,South,12
18:17,4843,Maisie,Chandler,Ashcombe,North,6
18:17,4891,Hilda,Barrow,Emberfield,East,24
18:17,4923,Greta,Hazell,Brambleford,North,29
18:17,5373,Iris,Pym,Emberfield,West,28
18:17,5926,Myrtle,Sparrow,Brambleford,East,9
18:18,0096,Ada,Linnell,Hartwell,South,36
18:18,0186,Mabel,Harrell,Emberfield,North,2
18:18,0382,Dora,Innes,Emberfield,West,1
18:18,0386,Gwen,Hadley,Marrowby,West,15
18:18,0414,Monty,Dennett,Emberfield,South,35
18:18,0552,Abigail,Parrish,Emberfield,West,8
18:18,0611,Clement,Hartley,Ashcombe,North,32
18:18,0622,Audrey,Oakes,Hartwell,West,22
18:18,0752,Ernest,Chandler,Emberfield,North,14
18:18,0796,Esther,Elwood,Elderbrook,South,26
18:18,0983,Martha,Hale,Emberfield,South,9
18:18,1004,Celia,Varley,Sloe Green,North,18
18:18,1135,Nora,Bennett,Emberfield,West,28
18:18,1251,Ivor,Bramwell,Greyhaven,South,12
18:18,1262,Rhoda,Miller,Emberfield,North,12
18:18,1292,Myrtle,Thackery,Dunmoor,North,3
18:18,1568,Ada,Gibbs,Emberfield,North,34
18:18,1760,Nora,Venning,Emberfield,North,29
18:18,1957,Tobias,Gray,Emberfield,North,9
18:18,2059,Stella,Lark,Kestrel Bay,South,20
18:18,2133,Ida,Tyler,Copperwell,North,11
18:18,2815,Ivor,Ainsley,Nettlefold,North,13
18:18,2930,Josie,Garnett,Elderbrook,West,5
18:18,3232,Edie,Hadley,Sloe Green,East,20
18:18,3372,Maisie,Burrows,Nettlefold,South,8
18:18,3537,Freda,Crane,Ashcombe,East,36
18:18,3564,Archie,Tanner,Brambleford,East,10
18:18,3613,Clement,Marsh,Foxhollow,South,22
18:18,3772,Percy,Marsh,Dunmoor,North,24
18:18,4026,Tobias,Neville,Dunmoor,East,2
18:18,4501,Josie,Gull,Nettlefold,North,33
18:18,4515,Harriet,Denny,Foxhollow,North,7
18:18,4602,Harvey,Mercer,Pennywick,West,32
18:18,4863,Lily,Harrell,Emberfield,East,14
18:18,5045,Daisy,Elwood,Nettlefold,West,21
18:18,5136,Zelda,Wrenn,Emberfield,South,22
18:18,5282,Maud,Birch,Nettlefold,East,32
18:18,5339,Timothy,Tyler,Emberfield,South,29
18:18,5644,Poppy,Hendry,Emberfield,North,24
18:18,5838,Annie,Burrows,Sloe Green,West,1
18:18,5883,Lena,Kemp,Kestrel Bay,West,33
18:18,5947,Sadie,Winnard,Emberfield,South,1
18:19,0092,Albert,Cutler,Emberfield,South,6
18:19,0095,Sybil,Pike,Nettlefold,East,29
18:19,0656,Dolly,Platt,Brambleford,North,13
18:19,0924,Muriel,Bennett,Dunmoor,North,1
18:19,1064,Frances,Hale,Emberfield,West,28
18:19,1218,Imogen,Pryce,Nettlefold,East,36
18:19,1383,Oscar,Burrows,Marrowby,East,34
18:19,1876,Ivor,Hollins,Oakhurst,West,20
18:19,1945,Ruth,Lark,Juniper Cross,East,22
18:19,2074,Ivor,Darrow,Oakhurst,South,1
18:19,2173,Thea,Jarrett,Elderbrook,West,34
18:19,2192,Ruth,Sykes,Nettlefold,North,29
18:19,2202,Freda,Harrell,Emberfield,North,34
18:19,2238,Minnie,Fennell,Greyhaven,East,23
18:19,2295,Audrey,Russell,Copperwell,West,10
18:19,2782,Sybil,Hurst,Sloe Green,East,26
18:19,2822,Margot,Russell,Emberfield,South,18
18:19,2899,Stanley,Jenner,Foxhollow,West,29
18:19,2969,Ivor,Hale,Pennywick,East,4
18:19,3177,Ida,Kennett,Brambleford,South,26
18:19,3224,Beatrix,Abbott,Kestrel Bay,South,7
18:19,3730,Winnie,Perrin,Greyhaven,West,5
18:19,3957,Emily,Platt,Oakhurst,South,15
18:19,4306,Ernest,Penny,Oakhurst,East,30
18:19,4712,Frances,Pinnock,Emberfield,West,34
18:19,4851,Stella,Darrow,Marrowby,East,21
18:19,5029,Bella,Fell,Greyhaven,North,5
18:19,5169,Albert,Garnett,Brambleford,South,30
18:19,5513,Cora,Finch,Pennywick,West,3
18:19,5562,Bella,Hadley,Foxhollow,South,1
18:19,5640,Martha,Pike,Greyhaven,West,12
18:19,5724,Oscar,Birch,Oakhurst,North,3
18:19,5941,Vera,Rainer,Kestrel Bay,East,9
18:20,0642,Rhoda,Penny,Oakhurst,West,26
18:20,0868,Bertie,Trask,Emberfield,West,31
18:20,1368,Edith,Teller,Sloe Green,North,24
18:20,1456,Gwen,Yardley,Kestrel Bay,West,23
18:20,1650,Freda,Reeve,Elderbrook,East,10
18:20,1855,Phoebe,Hayward,Nettlefold,North,1
18:20,2094,Olive,Jewell,Nettlefold,North,15
18:20,2278,Stella,Hobbs,Elderbrook,North,8
18:20,2291,Josie,Webb,Emberfield,West,10
18:20,2547,Nora,Rainer,Foxhollow,East,30
18:20,2944,Frances,Wren,Dunmoor,North,17
18:20,2956,Jasper,Neville,Marrowby,South,3
18:20,3206,Violet,Winnard,Emberfield,North,27
18:20,3605,Mavis,Harrell,Marrowby,North,33
18:20,3625,Tobias,Mayhew,Emberfield,South,1
18:20,3667,Alice,Perrin,Emberfield,North,20
18:20,3737,Dora,Hobbs,Emberfield,West,11
18:20,4006,Myrtle,Harrell,Brambleford,South,33
18:20,4125,Xavier,Vesey,Emberfield,East,22
18:20,4311,Otto,Walker,Brambleford,West,20
18:20,4320,Cecil,Gull,Greyhaven,East,35
18:20,4529,Barnaby,Kennett,Foxhollow,East,23
18:20,4756,Audrey,Kennett,Sloe Green,South,34
18:20,4903,Nora,Vesey,Sloe Green,West,19
18:20,5044,Harriet,Moss,Dunmoor,South,32
18:20,5323,Barnaby,Platt,Ashcombe,West,30
18:20,5442,Arthur,Thatcher,Emberfield,South,21
18:20,5532,Phoebe,Dunn,Ashcombe,South,36
18:20,5580,Elsie,Bell,Foxhollow,South,12
18:20,5625,Margot,Wadding,Kestrel Bay,West,15
18:21,0151,Kit,Warrender,Juniper Cross,South,11
18:21,0404,Zelda,Grange,Sloe Green,South,32
18:21,0463,Dorothy,Mallet,Sloe Green,East,9
18:21,0814,Elsie,Ainsley,Marrowby,South,3
18:21,0919,Cecil,Merritt,Brambleford,West,11
18:21,1120,Jasper,Grange,Elderbrook,South,5
18:21,1152,Edie,Cobb,Emberfield,West,6
18:21,1237,Winnie,Pettit,Kestrel Bay,North,24
18:21,1312,Lottie,Jarrett,Foxhollow,West,35
18:21,1361,Lena,Brook,Emberfield,South,23
18:21,1822,Violet,Wheeler,Brambleford,North,4
18:21,1873,Josie,Teller,Emberfield,East,27
18:21,2151,Audrey,Grange,Oakhurst,West,21
18:21,2254,Audrey,Bennett,Dunmoor,South,35
18:21,2349,Josie,Whitt,Nettlefold,South,6
18:21,2586,Greta,Gray,Oakhurst,North,22
18:21,2616,Lena,Pryce,Emberfield,East,19
18:21,2630,Milo,Sheppard,Emberfield,North,5
18:21,2734,Barnaby,Crane,Elderbrook,South,29
18:21,2889,Freda,Hurst,Sloe Green,North,2
18:21,2939,Alice,Oakes,Emberfield,East,25
18:21,3107,Maisie,Darrow,Emberfield,North,30
18:21,3230,Rupert,Sallow,Pennywick,East,18
18:21,3466,Celia,Bramwell,Oakhurst,North,29
18:21,3848,Iris,Tanner,Elderbrook,East,11
18:21,4138,Iris,Mercer,Oakhurst,West,5
18:21,4221,Edith,Drake,Emberfield,North,27
18:21,4707,Ray,Innes,Hartwell,North,4
18:21,4736,Frances,Hollins,Oakhurst,East,12
18:21,4865,Molly,Fennell,Sloe Green,North,7
18:21,4876,Bernard,Hendry,Greyhaven,South,3
18:21,5061,Ivy,Webb,Marrowby,East,25
18:21,5125,Ned,Burrows,Sloe Green,North,13
18:21,5265,Archie,Kemp,Emberfield,West,8
18:21,5409,Celia,Tebbutt,Foxhollow,West,34
18:21,5419,Xavier,Jenner,Elderbrook,West,6
18:21,5423,Rupert,Dunn,Emberfield,South,35
18:21,5702,Lily,Lytton,Ashcombe,West,15
18:21,5933,Isla,Kerrigan,Marrowby,West,1
18:22,0228,Ethel,Tully,Hartwell,West,22
18:22,0405,Martha,Russell,Brambleford,South,10
18:22,0454,Rhoda,Lark,Foxhollow,South,5
18:22,0560,Tobias,Moss,Emberfield,East,23
18:22,0681,Annie,Tebbutt,Pennywick,West,31
18:22,0724,Maisie,Neville,Emberfield,West,23
18:22,1157,Thea,Rainer,Dunmoor,East,18
18:22,1803,Amos,Crane,Juniper Cross,East,4
18:22,1888,Silas,Oakes,Kestrel Bay,West,13
18:22,1890,Nell,Ellery,Foxhollow,North,34
18:22,1912,Enid,Tennyson,Elderbrook,North,22
18:22,2137,Ralph,Vesey,Emberfield,West,34
18:22,2222,Joan,Wrenn,Nettlefold,North,23
18:22,2227,Ned,Hazell,Hartwell,South,2
18:22,2304,Greta,Mercer,Kestrel Bay,North,16
18:22,2551,Effie,Mayhew,Emberfield,South,9
18:22,2580,Wilfred,Tuck,Sloe Green,West,25
18:22,2756,Hilda,Dunn,Juniper Cross,East,20
18:22,3597,Lena,Vesey,Brambleford,East,9
18:22,4000,Monty,Hollins,Emberfield,West,8
18:22,4208,Otto,Ellery,Emberfield,South,21
18:22,4337,Annie,Blackwood,Emberfield,South,10
18:22,4444,Ida,Tidwell,Sloe Green,South,6
18:22,4466,Nell,Varley,Emberfield,South,28
18:22,4567,Bridget,Merritt,Brambleford,North,24
18:22,4965,Harvey,Innes,Oakhurst,South,26
18:22,4986,Sadie,Wrenn,Emberfield,West,26
18:22,5142,Dora,Linnell,Emberfield,North,11
18:22,5183,Imogen,Clay,Ashcombe,West,6
18:22,5816,Milo,Lynn,Foxhollow,North,2
18:23,0113,Edgar,Fell,Oakhurst,West,22
18:23,0595,Isla,Minns,Ashcombe,West,36
18:23,0687,Beatrix,Hazell,Oakhurst,West,29
18:23,0757,Margot,Vesey,Greyhaven,East,8
18:23,0840,Pip,Wadding,Brambleford,South,9
18:23,0943,Florence,Jarrett,Foxhollow,North,1
18:23,1229,Lydia,Finch,Greyhaven,South,14
18:23,1233,Phoebe,Platt,Dunmoor,West,6
18:23,1248,Amos,Copper,Ashcombe,South,26
18:23,1268,Dolly,Marsh,Marrowby,West,35
18:23,1311,Stanley,Wadding,Greyhaven,North,17
18:23,1382,Emily,Pike,Brambleford,North,1
18:23,1429,Martha,Winnard,Emberfield,South,18
18:23,1854,Nell,Russell,Greyhaven,North,18
18:23,1859,Ivy,Gray,Marrowby,West,7
18:23,1928,Ivy,Thatcher,Emberfield,North,9
18:23,2114,Ned,Sparrow,Brambleford,East,7
18:23,2159,Mabel,Sykes,Brambleford,East,23
18:23,2187,Sybil,Denny,Copperwell,North,30
18:23,2368,Mavis,Trask,Copperwell,South,8
18:23,2595,Arthur,Jewell,Dunmoor,South,6
18:23,2728,Jude,Tully,Oakhurst,West,13
18:23,2732,Albert,Quill,Nettlefold,East,35
18:23,2788,Ada,Venning,Emberfield,North,23
18:23,2808,Bridget,Drake,Dunmoor,South,26
18:23,2809,Myrtle,Teller,Kestrel Bay,South,24
18:23,3023,Amos,Kerrigan,Nettlefold,West,7
18:23,3311,Effie,Neville,Pennywick,West,6
18:23,3341,Lionel,Pryce,Copperwell,West,30
18:23,3562,Alice,Minns,Dunmoor,South,28
18:23,4362,Edmund,Pym,Foxhollow,East,24
18:23,4530,Clara,Cobb,Juniper Cross,East,23
18:23,4576,Mabel,Fell,Juniper Cross,South,34
18:23,4586,Teddy,Clay,Dunmoor,West,15
18:23,4674,Ada,Jenner,Elderbrook,North,35
18:23,4700,Oscar,Tyler,Dunmoor,North,14
18:23,4998,Ray,Marsh,Pennywick,West,20
18:23,5149,Barnaby,Miller,Pennywick,South,6
18:23,5351,Bertie,Fennell,Pennywick,West,27
18:23,5620,Harvey,Neville,Copperwell,South,33
18:23,5853,Lottie,Venning,Nettlefold,East,28
18:24,0287,Gilbert,Wrenn,Oakhurst,West,11
18:24,0288,Teddy,Hadley,Emberfield,North,15
18:24,0688,Harriet,Hazell,Emberfield,North,23
18:24,1099,Ned,Pollard,Brambleford,North,7
18:24,1417,Lena,Russell,Copperwell,West,22
18:24,1476,Lena,Bennett,Nettlefold,North,31
18:24,1646,Minnie,Platt,Copperwell,South,22
18:24,1777,Ida,Vesey,Emberfield,West,9
18:24,1802,Vera,Venning,Elderbrook,West,4
18:24,2209,Nell,Carver,Ashcombe,West,32
18:24,2760,Rowena,Sparrow,Emberfield,North,3
18:24,2907,Sybil,Trask,Nettlefold,West,11
18:24,3074,Ethel,Winnard,Nettlefold,North,15
18:24,3617,Mabel,Winnard,Foxhollow,North,21
18:24,3649,Bella,Sparrow,Ashcombe,West,19
18:24,3715,Edie,Linnell,Oakhurst,East,9
18:24,3757,Nora,Merritt,Kestrel Bay,East,12
18:24,3781,Lottie,Brett,Emberfield,East,20
18:24,3849,Olive,Cutler,Hartwell,North,7
18:24,4003,Maisie,Jewell,Emberfield,South,30
18:24,4012,Margot,Neville,Hartwell,South,6
18:24,4039,Minnie,Nash,Greyhaven,West,6
18:24,4443,Zelda,Innes,Hartwell,West,4
18:24,4673,Elsie,Burrows,Marrowby,North,9
18:24,4685,Harvey,Sparrow,Juniper Cross,South,29
18:24,4792,Edgar,Jenner,Pennywick,West,10
18:24,5078,Edie,Fennell,Emberfield,West,12
18:24,5156,Elsie,Sellers,Emberfield,East,32
18:24,5312,Gwen,Tully,Emberfield,North,28
18:24,5445,Abigail,Jenner,Sloe Green,West,9
18:24,5648,Thea,Yeoman,Ashcombe,West,35
18:24,5709,Fenella,Ainsley,Dunmoor,South,18
18:25,0347,Myrtle,Gibbs,Pennywick,West,10
18:25,0512,Nora,Pollard,Emberfield,South,10
18:25,0526,Pip,Hayward,Hartwell,North,11
18:25,0557,Bella,Harrell,Juniper Cross,East,32
18:25,0729,Phoebe,Tanner,Greyhaven,South,32
18:25,0886,Sidney,Fell,Brambleford,West,10
18:25,0949,Fenella,Lennard,Oakhurst,West,16
18:25,1472,Zelda,Neville,Emberfield,South,16
18:25,1532,Lydia,Oakes,Oakhurst,West,1
18:25,1572,Frances,Winnard,Oakhurst,East,28
18:25,1618,Alice,Pollard,Brambleford,North,26
18:25,1879,Una,Hobbs,Pennywick,North,12
18:25,1914,Nora,Sellers,Marrowby,West,24
18:25,2157,Rowena,Ellery,Emberfield,North,14
18:25,2200,Kit,Tyler,Brambleford,North,19
18:25,2459,Ralph,Winnard,Pennywick,West,35
18:25,3621,Olive,Hollins,Brambleford,South,16
18:25,4024,Milo,Wren,Hartwell,West,33
18:25,4127,Ernest,Thatcher,Greyhaven,East,5
18:25,4195,Edgar,Hadley,Brambleford,South,33
18:25,4422,Celia,Keel,Emberfield,North,28
18:25,4689,Lena,Terrell,Pennywick,North,36
18:25,5128,Harvey,Ferrand,Kestrel Bay,South,32
18:25,5466,Elsie,Dunn,Ashcombe,North,28
18:25,5497,Jude,Terrell,Copperwell,West,16
18:25,5930,Silas,Linnell,Greyhaven,West,15
18:26,0832,Joan,Carrell,Marrowby,North,32
18:26,1182,Sadie,Ferrand,Pennywick,West,9
18:26,1234,Hugo,Kennett,Nettlefold,South,21
18:26,1406,Ruth,Denny,Greyhaven,East,22
18:26,1811,Esther,Dell,Emberfield,East,30
18:26,1845,Cora,Oakes,Emberfield,East,23
18:26,1881,Dorothy,Fell,Greyhaven,South,22
18:26,1991,Milo,Dell,Emberfield,South,30
18:26,2197,Freda,Hadley,Juniper Cross,East,34
18:26,2431,Henry,Kennett,Emberfield,East,18
18:26,2771,Cecil,Dennett,Foxhollow,East,20
18:26,2844,Harold,Sheppard,Greyhaven,South,8
18:26,2867,Edith,Scott,Sloe Green,South,10
18:26,2893,Milo,Varley,Foxhollow,North,35
18:26,3014,Elsie,Mercer,Ashcombe,North,7
18:26,3045,Rhoda,Hobbs,Elderbrook,South,14
18:26,3207,Jasper,Pym,Dunmoor,South,1
18:26,3223,Esther,Mayhew,Emberfield,South,2
18:26,3238,Bridget,Dell,Brambleford,South,13
18:26,3484,Jude,Pettit,Brambleford,North,23
18:26,3531,Molly,Pym,Juniper Cross,South,36
18:26,3583,Martha,Gibbs,Emberfield,North,4
18:26,3762,Myrtle,Dell,Kestrel Bay,East,14
18:26,3832,Nell,Burrows,Dunmoor,East,32
18:26,4058,Martha,Keel,Kestrel Bay,North,2
18:26,4441,Edie,Hartley,Oakhurst,West,4
18:26,4801,Ernest,Hayward,Emberfield,East,19
18:26,4922,Leonard,Pinnock,Oakhurst,West,22
18:26,5221,Ivor,Selby,Emberfield,West,25
18:26,5444,Bridget,Hazell,Kestrel Bay,North,3
18:26,5531,Barnaby,Darrow,Marrowby,East,6
18:26,5554,Sadie,Yeoman,Marrowby,South,4
18:26,5744,Thea,Hurst,Ashcombe,West,9
18:26,5844,Olive,Ellery,Hartwell,West,15
18:26,5932,Minnie,Hendry,Emberfield,West,2
18:26,5978,Harriet,Farrell,Oakhurst,East,32
18:26,5983,Albert,Hayward,Emberfield,West,26
18:27,0038,Maisie,Pennell,Oakhurst,West,18
18:27,0368,Ivy,Nash,Hartwell,South,36
18:27,0586,Margot,Merritt,Kestrel Bay,West,28
18:27,0678,Albert,Warrender,Emberfield,North,11
18:27,0975,Effie,Dunn,Juniper Cross,North,20
18:27,1141,Henry,Sallow,Elderbrook,North,2
18:27,1149,Thea,Yardley,Copperwell,East,18
18:27,1196,Olive,Glass,Pennywick,West,15
18:27,1225,Mabel,Wren,Emberfield,West,34
18:27,1252,Josie,Warrender,Pennywick,South,24
18:27,1775,Edgar,Grange,Emberfield,East,31
18:27,1938,Phoebe,Yeoman,Emberfield,North,7
18:27,1958,Myrtle,Nash,Emberfield,North,12
18:27,2057,Edith,Cutler,Emberfield,West,1
18:27,2255,Ralph,Reeve,Greyhaven,South,13
18:27,2449,Timothy,Fell,Oakhurst,North,36
18:27,2712,Zelda,Fennell,Dunmoor,South,33
18:27,2736,Bertie,Jarrett,Dunmoor,West,2
18:27,2826,Sadie,Barrett,Greyhaven,North,32
18:27,3763,Leonard,Winnard,Emberfield,South,21
18:27,3812,Edie,Bell,Emberfield,South,1
18:27,3874,Josie,Pettit,Marrowby,West,34
18:27,3979,Wilfred,Mayhew,Marrowby,South,9
18:27,4594,Harvey,Hartley,Emberfield,South,21
18:27,4607,Ida,Wheeler,Brambleford,East,11
18:27,4691,Harvey,Reeve,Emberfield,South,9
18:27,4885,Greta,Goodall,Kestrel Bay,North,32
18:27,4899,Hilda,Brett,Emberfield,North,15
18:27,4997,Edith,Neville,Greyhaven,West,13
18:27,5098,Ralph,Terrell,Emberfield,West,19
18:27,5210,Hazel,Denny,Emberfield,East,30
18:27,5384,Edgar,Merritt,Ashcombe,North,9
18:27,5413,Monty,Platt,Foxhollow,East,33
18:27,5417,Rowena,Nash,Ashcombe,South,2
18:27,5569,Ivy,Platt,Kestrel Bay,East,21
18:27,5637,Harold,Cobb,Ashcombe,West,21
18:28,0592,Alice,Penny,Juniper Cross,West,8
18:28,0629,Isla,Cobb,Emberfield,West,12
18:28,0768,Josie,Lynn,Ashcombe,North,27
18:28,1212,Oscar,Selby,Marrowby,North,25
18:28,1324,Lily,Hadley,Dunmoor,West,9
18:28,1518,Cora,Russell,Elderbrook,East,7
18:28,1526,Violet,Harker,Greyhaven,North,21
18:28,1731,Margot,Abbott,Juniper Cross,North,9
18:28,1895,Rosa,Denny,Sloe Green,North,9
18:28,1927,Alice,Copper,Oakhurst,East,6
18:28,1961,Teddy,Tennyson,Brambleford,East,17
18:28,1970,Ernest,Dennett,Nettlefold,North,23
18:28,2084,Stanley,Elwood,Foxhollow,East,16
18:28,2560,Timothy,Ellery,Oakhurst,South,6
18:28,2709,Nell,Parrish,Brambleford,South,18
18:28,2900,Maud,Ferrand,Dunmoor,North,34
18:28,2974,Celia,Burrows,Ashcombe,South,28
18:28,3140,Jasper,Wadding,Elderbrook,South,13
18:28,3152,Isla,Hartley,Ashcombe,North,4
18:28,3603,Ethel,Scott,Emberfield,South,26
18:28,3862,Beatrix,Cutler,Elderbrook,North,5
18:28,3958,Lena,Tyler,Emberfield,North,13
18:28,3975,Harold,Kennett,Foxhollow,West,20
18:28,4090,Poppy,Denny,Emberfield,South,26
18:28,4190,Ivy,Kerrigan,Greyhaven,West,26
18:28,4264,Henry,Mayhew,Emberfield,East,27
18:28,4754,Silas,Gibbs,Copperwell,East,21
18:28,4941,Archie,Hollins,Emberfield,South,1
18:28,5031,Silas,Chandler,Emberfield,South,2
18:28,5052,Harriet,Nuttall,Nettlefold,East,34
18:28,5213,Fenella,Cutler,Emberfield,South,25
18:28,5508,Fenella,Hurst,Emberfield,South,20
18:28,5626,Otto,Harrell,Emberfield,West,25
18:28,5759,Lena,Perrin,Sloe Green,West,13
18:28,5862,Xavier,Terrell,Marrowby,South,6
18:29,0281,Sadie,Hazell,Emberfield,East,24
18:29,0362,Isla,Lark,Emberfield,West,12
18:29,0411,Imogen,Bennett,Dunmoor,South,21
18:29,0443,Daisy,Fennell,Kestrel Bay,North,21
18:29,0534,Lydia,Abbott,Kestrel Bay,South,8
18:29,0644,Rosa,Kemp,Copperwell,South,29
18:29,0908,Evelyn,Moss,Emberfield,North,1
18:29,0920,Joan,Skerritt,Brambleford,West,20
18:29,1170,Ethel,Neville,Sloe Green,South,15
18:29,1270,Milo,Tanner,Emberfield,East,6
18:29,1787,Evelyn,Brett,Oakhurst,East,13
18:29,1829,Ralph,Elwood,Oakhurst,North,5
18:29,1848,Rhoda,Tuck,Marrowby,South,24
18:29,2060,Ethel,Selby,Emberfield,West,9
18:29,2217,Phoebe,Wadding,Brambleford,North,14
18:29,2968,Ernest,Cutler,Nettlefold,East,6
18:29,3259,Rowena,Barrow,Elderbrook,South,29
18:29,3266,Frances,Linnell,Dunmoor,West,2
18:29,3940,Lionel,Tebbutt,Greyhaven,East,3
18:29,3944,Florence,Linnell,Copperwell,North,35
18:29,4053,Myrtle,Moss,Greyhaven,West,9
18:29,4137,Josie,Oakes,Sloe Green,North,16
18:29,4267,Wilfred,Parrish,Elderbrook,North,1
18:29,4312,Ivor,Mercer,Greyhaven,West,1
18:29,4496,Hazel,Harker,Emberfield,North,25
18:29,4794,Clement,Hobbs,Dunmoor,West,7
18:29,5003,Hilda,Gibbs,Ashcombe,North,18
18:29,5140,Dora,Lark,Greyhaven,West,4
18:29,5178,Teddy,Tyler,Marrowby,West,15
18:29,5189,Harold,Fell,Oakhurst,North,25
18:29,5516,Rowena,Sheppard,Copperwell,South,18
18:29,5604,Frances,Walker,Emberfield,North,29
18:30,0123,Wilfred,Birch,Emberfield,East,19
18:30,0305,Ruth,Hill,Emberfield,South,35
18:30,0409,Edgar,Rainer,Nettlefold,North,10
18:30,0416,Ada,Perrin,Emberfield,East,27
18:30,0992,Cecil,Farrell,Ashcombe,East,13
18:30,1500,Bridget,Wren,Oakhurst,East,35
18:30,1531,Olive,Pinnock,Oakhurst,East,17
18:30,1565,Zelda,Kidd,Dunmoor,South,17
18:30,1615,Edgar,Ferrand,Juniper Cross,North,3
18:30,1627,Milo,Elwood,Ashcombe,North,26
18:30,1721,Pip,Terrell,Greyhaven,North,9
18:30,1784,Una,Carver,Emberfield,North,31
18:30,2016,Iris,Sykes,Copperwell,South,15
18:30,2117,Harvey,Fell,Emberfield,North,30
18:30,2153,Bridget,Vesey,Elderbrook,East,9
18:30,2164,Rhoda,Carver,Emberfield,East,9
18:30,2555,Annie,Kidd,Emberfield,East,15
18:30,2677,Dora,Denny,Emberfield,North,8
18:30,3161,Freda,Jenner,Ashcombe,South,20
18:30,3450,Molly,Reeve,Emberfield,South,1
18:30,3497,Rhoda,Kettle,Emberfield,North,18
18:30,3811,Ada,Harker,Brambleford,North,34
18:30,4234,Nora,Sykes,Sloe Green,North,29
18:30,4386,Clement,Jarrett,Greyhaven,North,28
18:30,4436,Joan,Hazell,Foxhollow,West,33
18:30,4477,Teddy,Pollard,Greyhaven,North,7
18:30,4860,Abigail,Lennard,Greyhaven,South,26
18:30,4935,Monty,Lark,Emberfield,East,5
18:30,4940,Hugo,Yeoman,Juniper Cross,East,7
18:30,5314,Bernard,Sparrow,Foxhollow,West,33
18:30,5363,Cyril,Bennett,Marrowby,West,25
18:30,5530,Sidney,Webb,Juniper Cross,North,28
18:30,5827,Sadie,Pinnock,Dunmoor,West,2
18:30,5906,Audrey,Kidd,Marrowby,North,36
18:30,5991,Ray,Quill,Greyhaven,East,29
18:30,5994,Imogen,Hill,Juniper Cross,North,36
18:31,0162,Mabel,Tanner,Marrowby,North,11
18:31,0207,Lily,Pollard,Pennywick,East,5
18:31,0469,Nell,Lytton,Copperwell,East,12
18:31,0498,Dorothy,Sellers,Dunmoor,South,1
18:31,0747,Arthur,Hill,Emberfield,North,17
18:31,0794,Imogen,Wren,Juniper Cross,South,4
18:31,0807,Hugo,Tuck,Dunmoor,South,4
18:31,0903,Albert,Lark,Emberfield,East,32
18:31,0980,Tobias,Parrish,Emberfield,East,12
18:31,1150,Rhoda,Hollins,Elderbrook,North,21
18:31,1276,Harold,Wadding,Nettlefold,North,18
18:31,1287,Maud,Gibbs,Emberfield,West,16
18:31,1403,Oscar,Sallow,Kestrel Bay,West,25
18:31,1592,Rupert,Vesey,Emberfield,East,6
18:31,2149,Maud,Perrin,Nettlefold,North,2
18:31,2198,Maisie,Nuttall,Brambleford,South,33
18:31,2345,Ottilie,Finch,Sloe Green,West,36
18:31,2404,Vera,Webb,Copperwell,North,27
18:31,2521,Agnes,Drake,Emberfield,South,9
18:31,2545,Rowena,Crane,Emberfield,North,13
18:31,2898,Kit,Gull,Hartwell,East,33
18:31,2961,Sidney,Venning,Brambleford,North,3
18:31,3046,Margot,Quill,Hartwell,East,19
18:31,3180,Una,Tebbutt,Emberfield,West,16
18:31,3510,Ada,Abbott,Nettlefold,South,2
18:31,3647,Fenella,Kettle,Kestrel Bay,North,14
18:31,3965,Elsie,Pym,Kestrel Bay,North,8
18:31,4240,Phoebe,Drake,Copperwell,North,33
18:31,4367,Arthur,Lark,Marrowby,West,8
18:31,4459,Percy,Clay,Emberfield,North,26
18:31,4777,Edith,Dunn,Dunmoor,West,18
18:31,4818,Cecil,Lennard,Brambleford,West,12
18:31,5231,Ethel,Cobb,Marrowby,South,19
18:31,5391,Stella,Elwood,Emberfield,South,30
18:31,5539,Stella,Copper,Kestrel Bay,South,30
18:31,5575,Martha,Nuttall,Foxhollow,North,20
18:32,0449,Poppy,Sparrow,Elderbrook,West,22
18:32,0473,Ernest,Dell,Ashcombe,South,17
18:32,0613,Edie,Warrender,Greyhaven,North,32
18:32,0797,Clara,Kettle,Emberfield,East,30
18:32,0816,Freda,Goodall,Emberfield,South,5
18:32,1137,Ethel,Bramwell,Greyhaven,North,25
18:32,1166,Lottie,Starling,Brambleford,West,22
18:32,1347,Xavier,Finch,Pennywick,South,19
18:32,1533,Stanley,Pennell,Brambleford,South,31
18:32,1563,Edie,Copper,Foxhollow,East,8
18:32,1589,Iris,Teller,Emberfield,North,12
18:32,1754,Phoebe,Teller,Elderbrook,North,12
18:32,2140,Clement,Drake,Pennywick,North,19
18:32,2272,Lydia,Pike,Emberfield,South,8
18:32,2357,Harvey,Parrish,Kestrel Bay,South,11
18:32,2473,Thea,Varley,Oakhurst,East,16
18:32,2569,Bridget,Wrenn,Ashcombe,South,21
18:32,2574,Percy,Sparrow,Kestrel Bay,East,14
18:32,2765,Edith,Jarrett,Sloe Green,South,2
18:32,2769,Agnes,Perrin,Greyhaven,East,34
18:32,2854,Milo,Hadley,Emberfield,North,34
18:32,2870,Hazel,Rainer,Foxhollow,East,14
18:32,2901,Winnie,Hale,Emberfield,South,5
18:32,3136,Hilda,Crane,Copperwell,North,3
18:32,3143,Abigail,Kettle,Dunmoor,North,31
18:32,3149,Arthur,Fennell,Juniper Cross,South,30
18:32,4239,Hazel,Perrin,Elderbrook,East,11
18:32,4465,Albert,Vesey,Greyhaven,South,8
18:32,4637,Gwen,Pike,Nettlefold,East,25
18:32,4679,Bertie,Hale,Pennywick,North,23
18:32,5214,Percy,Grange,Emberfield,East,5
18:32,5280,Iris,Harrell,Foxhollow,West,32
18:32,5334,Thea,Denny,Emberfield,West,5
18:32,5771,Enid,Harker,Nettlefold,North,10
18:32,5774,Clement,Vesey,Juniper Cross,East,29
18:32,5815,Otto,Wadding,Greyhaven,North,18
18:33,0010,Hilda,Harrell,Ashcombe,South,11
18:33,0044,Xavier,Ainsley,Elderbrook,North,28
18:33,0242,Alfred,Tully,Foxhollow,South,16
18:33,0246,Thea,Perrin,Emberfield,North,9
18:33,0389,Greta,Barrow,Ashcombe,West,17
18:33,0765,Quentin,Selby,Brambleford,South,4
18:33,0894,Ida,Tennyson,Emberfield,South,3
18:33,1000,Harriet,Jewell,Copperwell,North,19
18:33,1132,Thea,Pennell,Emberfield,South,8
18:33,1431,Harvey,Skerritt,Ashcombe,East,10
18:33,1514,Abigail,Tennyson,Brambleford,South,33
18:33,1875,Hazel,Abbott,Hartwell,South,13
18:33,2029,Ralph,Dunn,Hartwell,North,25
18:33,2040,Winnie,Linnell,Oakhurst,South,3
18:33,3003,Rosa,Nash,Kestrel Bay,East,30
18:33,3027,Clement,Ellery,Sloe Green,North,4
18:33,3134,Thea,Tully,Copperwell,North,28
18:33,3307,Fenella,Grange,Greyhaven,East,18
18:33,4007,Pip,Whitt,Emberfield,East,21
18:33,4344,Florence,Gibbs,Emberfield,West,7
18:33,4413,Ottilie,Bell,Emberfield,South,15
18:33,4678,Ned,Hill,Brambleford,North,9
18:33,4882,Gwen,Thatcher,Emberfield,East,9
18:33,4918,Poppy,Whitt,Elderbrook,East,24
18:33,4919,Vera,Mallet,Emberfield,North,13
18:33,5041,Isla,Birch,Elderbrook,West,12
18:33,5239,Amos,Varley,Elderbrook,South,15
18:33,5281,Tobias,Trask,Elderbrook,North,34
18:33,5305,Edith,Thackery,Pennywick,West,11
18:33,5420,Bertie,Walker,Juniper Cross,West,7
18:33,5638,Cora,Ainsley,Juniper Cross,West,15
18:33,5665,Xavier,Tuck,Greyhaven,East,4
18:33,5707,Alice,Tully,Greyhaven,East,12
18:33,5751,Cora,Tinsley,Emberfield,West,13
18:33,5792,Margot,Skerritt,Hartwell,West,34
18:33,5801,Quentin,Ellery,Kestrel Bay,North,10
18:33,5835,Amos,Teller,Hartwell,East,1
18:33,5892,Clement,Kidd,Copperwell,West,35
18:33,5893,Bertie,Cobb,Hartwell,North,28
18:33,5944,Enid,Venning,Sloe Green,West,35
18:33,5987,Rhoda,Perrin,Emberfield,North,6
18:34,0248,Abigail,Barrett,Emberfield,West,12
18:34,0265,Jude,Venning,Emberfield,West,17
18:34,0725,Edmund,Penny,Emberfield,South,36
18:34,0753,Stella,Pike,Greyhaven,East,28
18:34,0982,Lottie,Merritt,Dunmoor,West,3
18:34,1021,Annie,Crane,Kestrel Bay,West,14
18:34,1353,Quentin,Hobbs,Ashcombe,South,21
18:34,1355,Gwen,Dunn,Hartwell,West,6
18:34,1439,Bridget,Clay,Emberfield,East,25
18:34,1922,Monty,Abbott,Nettlefold,South,4
18:34,1988,Clara,Tully,Dunmoor,South,19
18:34,2054,Stella,Finch,Hartwell,West,31
18:34,2147,Jasper,Tanner,Emberfield,South,35
18:34,2229,Harold,Pinnock,Sloe Green,East,16
18:34,2417,Celia,Whitt,Emberfield,West,4
18:34,2724,Imogen,Harrell,Pennywick,East,16
18:34,2747,Nell,Pollard,Pennywick,North,34
18:34,2832,Maisie,Brook,Emberfield,North,30
18:34,2954,Elsie,Darrow,Emberfield,South,34
18:34,2971,Quentin,Barrow,Emberfield,East,6
18:34,3000,Ray,Carrell,Sloe Green,North,5
18:34,3043,Dorothy,Kerrigan,Emberfield,North,35
18:34,3103,Lena,Sellers,Emberfield,West,30
18:34,3197,Ned,Lynn,Emberfield,South,17
18:34,3792,Cyril,Gray,Emberfield,South,13
18:34,3801,Freda,Warrender,Copperwell,West,36
18:34,4028,Harold,Hale,Emberfield,North,4
18:34,4212,Ottilie,Hayward,Hartwell,West,20
18:34,4305,Clement,Reeve,Dunmoor,East,8
18:34,4390,Effie,Tyler,Greyhaven,West,4
18:34,4414,Violet,Brett,Juniper Cross,South,16
18:34,4489,Beatrix,Brett,Emberfield,South,15
18:34,4625,Iris,Wells,Oakhurst,South,23
18:34,4696,Bernard,Terrell,Emberfield,South,14
18:34,4733,Bernard,Goodall,Emberfield,South,4
18:34,4796,Elsie,Dennett,Marrowby,East,11
18:34,4936,Lionel,Wren,Greyhaven,East,24
18:34,5059,Timothy,Pryce,Brambleford,North,27
18:34,5117,Phoebe,Scott,Emberfield,South,7
18:34,5289,Maisie,Whitt,Sloe Green,North,9
18:34,5290,Bella,Pike,Foxhollow,West,10
18:34,5392,Dorothy,Linnell,Emberfield,South,32
18:34,5459,Ada,Brett,Greyhaven,East,28
18:34,5588,Phoebe,Elwood,Juniper Cross,North,11
18:34,5662,Bridget,Rainer,Foxhollow,West,13
18:34,5705,Ida,Grange,Sloe Green,North,22
18:34,5830,Ruth,Yardley,Oakhurst,South,1
18:35,0003,Alice,Neville,Elderbrook,North,34
18:35,0183,Dora,Kemp,Foxhollow,West,2
18:35,0400,Esther,Hendry,Copperwell,East,23
18:35,0713,Teddy,Wren,Sloe Green,South,16
18:35,0995,Molly,Nuttall,Kestrel Bay,East,34
18:35,1078,Teddy,Thatcher,Hartwell,West,32
18:35,1557,Ethel,Wadding,Kestrel Bay,South,26
18:35,1622,Margot,Chandler,Emberfield,East,22
18:35,1744,Violet,Venning,Juniper Cross,North,16
18:35,1943,Oscar,Kerrigan,Dunmoor,North,36
18:35,2071,Alice,Dell,Elderbrook,South,23
18:35,2253,Thea,Goodall,Hartwell,South,20
18:35,2259,Una,Minns,Ashcombe,North,17
18:35,2503,Margot,Bennett,Greyhaven,East,30
18:35,2637,Violet,Birch,Emberfield,North,6
18:35,2653,Isla,Clay,Nettlefold,North,28
18:35,2680,Freda,Marsh,Emberfield,West,21
18:35,2725,Arthur,Lytton,Nettlefold,South,1
18:35,2745,Ernest,Trask,Greyhaven,North,19
18:35,2821,Sybil,Grange,Emberfield,East,28
18:35,2926,Percy,Hollins,Sloe Green,West,14
18:35,3060,Thea,Penny,Emberfield,South,22
18:35,3279,Archie,Oakes,Elderbrook,West,27
18:35,3462,Audrey,Tuck,Emberfield,South,11
18:35,3474,Audrey,Cutler,Dunmoor,East,29
18:35,3747,Isla,Varley,Dunmoor,East,20
18:35,3766,Alice,Barrow,Brambleford,East,16
18:35,4084,Ethel,Pike,Emberfield,West,24
18:35,4117,Harriet,Keel,Copperwell,West,2
18:35,4166,Harvey,Perrin,Ashcombe,North,9
18:35,4245,Hazel,Tebbutt,Emberfield,West,13
18:35,4406,Ada,Wells,Hartwell,East,30
18:35,4668,Martha,Miller,Emberfield,West,4
18:35,4725,Violet,Abbott,Emberfield,South,32
18:35,5033,Martha,Hendry,Ashcombe,East,27
18:35,5352,Oscar,Pike,Kestrel Bay,West,11
18:35,5446,Clara,Hendry,Greyhaven,West,16
18:35,5585,Agnes,Skerritt,Hartwell,East,5
18:35,5777,Ernest,Minns,Emberfield,West,31
18:35,5879,Muriel,Hadley,Elderbrook,West,13
18:36,0154,Dorothy,Gibbs,Hartwell,North,25
18:36,0750,Alfred,Lark,Elderbrook,West,10
18:36,1560,Daisy,Tully,Sloe Green,East,35
18:36,1725,Bridget,Teller,Pennywick,West,24
18:36,1801,Stanley,Glass,Emberfield,West,11
18:36,1815,Jude,Reeve,Elderbrook,South,8
18:36,1884,Iris,Yeoman,Sloe Green,West,35
18:36,1886,Jasper,Fennell,Oakhurst,South,15
18:36,2174,Edgar,Ellery,Sloe Green,West,25
18:36,2224,Zelda,Carver,Ashcombe,North,5
18:36,2226,Maud,Jenner,Kestrel Bay,East,24
18:36,2244,Henry,Tyler,Pennywick,West,14
18:36,2922,Audrey,Hill,Pennywick,North,23
18:36,3055,Iris,Dunn,Copperwell,North,19
18:36,3516,Ivor,Keel,Copperwell,North,7
18:36,3743,Emily,Hartley,Emberfield,North,20
18:36,3761,Harriet,Gull,Emberfield,South,27
18:36,4009,Ivy,Mayhew,Foxhollow,North,23
18:36,4094,Albert,Thatcher,Greyhaven,West,9
18:36,4294,Sybil,Pinnock,Emberfield,North,15
18:36,4308,Rowena,Tennyson,Marrowby,East,9
18:36,4364,Silas,Pike,Ashcombe,South,6
18:36,4430,Nora,Fennell,Dunmoor,West,10
18:36,4507,Agnes,Darrow,Pennywick,South,18
18:36,4687,Harvey,Tennyson,Oakhurst,East,2
18:36,4859,Freda,Parrish,Brambleford,South,26
18:36,4931,Cyril,Kettle,Hartwell,South,2
18:36,5002,Mavis,Garnett,Kestrel Bay,South,35
18:36,5100,Bella,Tanner,Brambleford,West,27
18:36,5234,Edmund,Hendry,Sloe Green,South,36
18:36,5272,Celia,Brook,Marrowby,North,26
18:36,5301,Hugo,Wren,Elderbrook,South,13
18:36,5302,Mavis,Kerrigan,Greyhaven,North,6
18:36,5443,Bridget,Barrett,Emberfield,East,13
18:36,5653,Rowena,Bennett,Sloe Green,West,9
18:36,5918,Edgar,Neville,Dunmoor,North,26
18:37,0083,Dolly,Hollins,Sloe Green,East,19
18:37,0222,Winnie,Ainsley,Marrowby,East,22
18:37,0434,Winnie,Fennell,Oakhurst,East,36
18:37,0741,Alice,Mayhew,Emberfield,North,19
18:37,1485,Freda,Mercer,Juniper Cross,East,12
18:37,1577,Clara,Fennell,Greyhaven,North,35
18:37,1677,Ethel,Crane,Dunmoor,North,28
18:37,1768,Dora,Parrish,Emberfield,North,21
18:37,1847,Oscar,Gull,Sloe Green,South,35
18:37,2044,Ethel,Harker,Emberfield,West,8
18:37,2241,Albert,Wren,Copperwell,East,9
18:37,2410,Cora,Kemp,Emberfield,South,16
18:37,2594,Minnie,Parrish,Sloe Green,East,10
18:37,2924,Harriet,Bramwell,Emberfield,West,36
18:37,3068,Arthur,Lennard,Emberfield,West,25
18:37,3200,Freda,Pinnock,Pennywick,East,12
18:37,3246,Sidney,Walker,Foxhollow,North,27
18:37,3303,Rhoda,Venning,Dunmoor,South,3
18:37,3523,Daisy,Barrow,Emberfield,West,18
18:37,3618,Winnie,Nash,Juniper Cross,North,23
18:37,3750,Xavier,Bennett,Nettlefold,North,2
18:37,3806,Mavis,Dennett,Hartwell,North,6
18:37,3821,Pip,Chandler,Greyhaven,West,20
18:37,3890,Ottilie,Hendry,Copperwell,West,21
18:37,4005,Harold,Nash,Pennywick,East,22
18:37,4029,Bernard,Kerrigan,Nettlefold,West,9
18:37,4115,Xavier,Pryce,Copperwell,East,26
18:37,4498,Ivor,Wells,Juniper Cross,West,6
18:37,4500,Isla,Jarrett,Emberfield,East,27
18:37,4543,Harvey,Pinnock,Copperwell,East,4
18:37,4745,Timothy,Marsh,Greyhaven,East,13
18:37,4910,Isla,Dennett,Greyhaven,East,5
18:37,4987,Milo,Carrell,Greyhaven,North,11
18:38,0002,Bertie,Harker,Sloe Green,South,22
18:38,0197,Henry,Harker,Emberfield,North,12
18:38,0450,Bella,Sykes,Greyhaven,South,6
18:38,0456,Hugo,Fennell,Emberfield,North,24
18:38,0495,Timothy,Hadley,Emberfield,North,9
18:38,0531,Milo,Lark,Juniper Cross,North,8
18:38,0677,Dorothy,Finch,Juniper Cross,East,23
18:38,1408,Ethel,Trask,Brambleford,North,13
18:38,1620,Effie,Lytton,Emberfield,North,29
18:38,1717,Timothy,Parrish,Copperwell,South,19
18:38,1752,Ethel,Gull,Copperwell,North,18
18:38,1982,Lottie,Denny,Sloe Green,West,14
18:38,2212,Ned,Tuck,Hartwell,West,10
18:38,2220,Myrtle,Kerrigan,Foxhollow,North,2
18:38,2323,Ottilie,Harker,Juniper Cross,North,22
18:38,2493,Agnes,Barrett,Marrowby,North,24
18:38,2516,Audrey,Hadley,Marrowby,East,33
18:38,2527,Ernest,Mercer,Pennywick,West,14
18:38,2619,Alfred,Jewell,Foxhollow,North,21
18:38,2829,Nora,Linnell,Kestrel Bay,East,32
18:38,2913,Abigail,Venning,Emberfield,North,13
18:38,3081,Frances,Farrell,Brambleford,South,4
18:38,3111,Edmund,Kerrigan,Elderbrook,West,7
18:38,3216,Ralph,Jarrett,Brambleford,West,1
18:38,3273,Edmund,Tanner,Elderbrook,South,36
18:38,3711,Quentin,Tinsley,Emberfield,South,7
18:38,3728,Agnes,Nash,Brambleford,East,2
18:38,3771,Ada,Hobbs,Marrowby,North,15
18:38,3808,Celia,Pollard,Ashcombe,North,6
18:38,3906,Henry,Glass,Ashcombe,North,7
18:38,3999,Beatrix,Whitt,Emberfield,East,26
18:38,4468,Percy,Gull,Copperwell,West,12
18:38,4949,Henry,Nash,Marrowby,South,13
18:38,5115,Imogen,Lark,Kestrel Bay,West,8
18:38,5119,Freda,Grange,Greyhaven,East,28
18:38,5174,Bernard,Wadding,Oakhurst,South,31
18:38,5378,Gilbert,Terrell,Nettlefold,South,8
18:38,5422,Wilfred,Venning,Copperwell,North,13
18:38,5449,Mavis,Whitt,Copperwell,East,13
18:38,5519,Ivor,Scott,Ashcombe,West,32
18:38,5615,Martha,Thatcher,Marrowby,North,10
18:38,5736,Harriet,Wells,Dunmoor,East,9
18:38,5778,Enid,Keel,Hartwell,South,18
18:38,5857,Ivy,Trask,Foxhollow,South,21
18:39,0014,Olive,Pettit,Brambleford,North,32
18:39,0359,Mabel,Burrows,Marrowby,East,6
18:39,0873,Harvey,Linnell,Brambleford,South,35
18:39,0904,Myrtle,Crane,Marrowby,North,29
18:39,0998,Silas,Moss,Juniper Cross,East,7
18:39,1146,Enid,Parrish,Greyhaven,West,8
18:39,1155,Maisie,Terrell,Emberfield,West,6
18:39,1159,Cecil,Teller,Emberfield,South,3
18:39,1223,Ivy,Lark,Juniper Cross,North,12
18:39,1498,Thea,Hartley,Juniper Cross,South,25
18:39,1702,Minnie,Mayhew,Emberfield,West,16
18:39,1735,Albert,Tidwell,Elderbrook,West,14
18:39,2186,Una,Tennyson,Greyhaven,West,26
18:39,2319,Ethel,Hayward,Marrowby,West,7
18:39,2588,Violet,Reeve,Nettlefold,East,31
18:39,2935,Stella,Reeve,Hartwell,South,19
18:39,3201,Ruth,Minns,Copperwell,West,10
18:39,3823,Martha,Hollins,Emberfield,North,15
18:39,3923,Rosa,Darrow,Marrowby,North,18
18:39,4072,Myrtle,Chandler,Dunmoor,North,23
18:39,4453,Beatrix,Fennell,Emberfield,West,17
18:39,4541,Josie,Mallet,Ashcombe,West,24
18:39,4614,Ruth,Merritt,Brambleford,South,15
18:39,4643,Stanley,Tinsley,Emberfield,South,11
18:39,4875,Arthur,Yeoman,Ashcombe,North,34
18:39,4955,Esther,Tidwell,Brambleford,East,27
18:39,5021,Beatrix,Bennett,Ashcombe,West,1
18:39,5138,Bella,Pennell,Pennywick,South,3
18:39,5292,Xavier,Rainer,Kestrel Bay,West,22
18:39,5687,Stanley,Sellers,Greyhaven,West,31
18:39,5732,Fenella,Yeoman,Pennywick,North,7
18:39,5784,Milo,Drake,Emberfield,West,25
18:39,5794,Fenella,Cobb,Emberfield,North,4
18:39,5814,Minnie,Pinnock,Hartwell,East,23
18:40,0056,Tobias,Scott,Greyhaven,West,8
18:40,0116,Jude,Hill,Marrowby,North,14
18:40,0284,Abigail,Crane,Marrowby,West,4
18:40,0491,Molly,Perrin,Emberfield,South,32
18:40,0536,Bella,Webb,Kestrel Bay,East,5
18:40,0575,Lena,Finch,Emberfield,North,29
18:40,0874,Hazel,Tully,Pennywick,North,11
18:40,1026,Molly,Gibbs,Emberfield,South,24
18:40,1147,Dolly,Gull,Elderbrook,East,29
18:40,1217,Joan,Lynn,Copperwell,North,26
18:40,1278,Ned,Gull,Sloe Green,East,7
18:40,1537,Clement,Webb,Emberfield,East,33
18:40,1747,Winnie,Walker,Elderbrook,North,29
18:40,1898,Harriet,Wadding,Oakhurst,South,11
18:40,2048,Hugo,Hayward,Juniper Cross,West,17
18:40,2309,Audrey,Goodall,Emberfield,North,14
18:40,2384,Thea,Teller,Nettlefold,East,10
18:40,2672,Thea,Hadley,Sloe Green,North,29
18:40,2717,Silas,Clay,Emberfield,West,21
18:40,2814,Nora,Cutler,Dunmoor,East,7
18:40,2887,Gwen,Drake,Foxhollow,North,18
18:40,3188,Poppy,Kerrigan,Pennywick,North,5
18:40,3490,Harold,Pym,Brambleford,East,35
18:40,3796,Zelda,Wheeler,Greyhaven,North,30
18:40,3861,Edith,Harrell,Sloe Green,East,18
18:40,4143,Mabel,Hartley,Emberfield,East,30
18:40,4377,Gwen,Dell,Dunmoor,North,26
18:40,4385,Arthur,Crane,Kestrel Bay,South,12
18:40,4705,Percy,Linnell,Emberfield,North,11
18:40,5057,Thea,Skerritt,Emberfield,West,22
18:40,5071,Myrtle,Wadding,Emberfield,North,8
18:40,5097,Lena,Pinnock,Copperwell,West,20
18:40,5131,Pip,Rainer,Oakhurst,North,18
18:40,5232,Leonard,Russell,Emberfield,North,3
18:40,5316,Ada,Tully,Elderbrook,North,31
18:40,5654,Annie,Clay,Ashcombe,East,35
18:40,5678,Celia,Mercer,Greyhaven,East,12
18:40,5961,Wilfred,Trask,Juniper Cross,West,6
18:41,0333,Lena,Selby,Foxhollow,South,26
18:41,0340,Florence,Platt,Greyhaven,East,29
18:41,0870,Quentin,Rainer,Emberfield,South,5
18:41,1452,Edmund,Dunn,Kestrel Bay,East,33
18:41,1570,Minnie,Abbott,Emberfield,North,6
18:41,1624,Stanley,Yardley,Marrowby,North,4
18:41,1676,Poppy,Mercer,Hartwell,North,23
18:41,1863,Edith,Elwood,Emberfield,North,23
18:41,1882,Vera,Hollins,Nettlefold,West,7
18:41,2056,Harriet,Drake,Oakhurst,East,16
18:41,2293,Lily,Skerritt,Juniper Cross,South,19
18:41,2631,Freda,Selby,Juniper Cross,West,33
18:41,2980,Sadie,Perrin,Emberfield,North,19
18:41,3100,Bertie,Hazell,Marrowby,South,3
18:41,3234,Sadie,Oakes,Sloe Green,West,33
18:41,3356,Amos,Gull,Emberfield,East,14
18:41,3642,Ottilie,Abbott,Sloe Green,South,21
18:41,4019,Greta,Minns,Ashcombe,West,28
18:41,4119,Sadie,Dennett,Emberfield,West,20
18:41,4315,Edgar,Lennard,Emberfield,East,17
18:41,4343,Arthur,Winnard,Elderbrook,North,7
18:41,4764,Hugo,Cutler,Pennywick,North,32
18:41,4841,Clement,Tyler,Oakhurst,East,9
18:41,4930,Sybil,Thatcher,Pennywick,East,31
18:41,4995,Bridget,Goodall,Emberfield,South,18
18:41,5303,Gilbert,Kerrigan,Dunmoor,South,20
18:41,5691,Arthur,Teller,Emberfield,East,22
18:41,5799,Una,Sparrow,Emberfield,North,7
18:42,0076,Ada,Kerrigan,Greyhaven,West,29
18:42,0103,Minnie,Bennett,Sloe Green,East,14
18:42,0600,Rhoda,Kemp,Hartwell,South,19
18:42,0646,Mabel,Yardley,Dunmoor,West,29
18:42,0654,Nora,Kemp,Emberfield,West,3
18:42,1168,Silas,Darrow,Ashcombe,North,16
18:42,1505,Jasper,Sykes,Pennywick,North,15
18:42,1910,Mabel,Russell,Copperwell,East,4
18:42,2049,Effie,Gray,Foxhollow,North,24
18:42,2363,Annie,Innes,Juniper Cross,South,30
18:42,2434,Percy,Darrow,Dunmoor,East,34
18:42,2682,Hugo,Pym,Brambleford,North,2
18:42,2810,Jude,Hobbs,Brambleford,East,4
18:42,2890,Molly,Chandler,Brambleford,West,15
18:42,3203,Imogen,Marsh,Sloe Green,South,28
18:42,3338,Daisy,Terrell,Emberfield,East,7
18:42,3614,Phoebe,Bell,Emberfield,North,8
18:42,3671,Bertie,Jewell,Emberfield,West,14
18:42,3704,Bridget,Brook,Oakhurst,South,11
18:42,3736,Dorothy,Barrow,Ashcombe,South,24
18:42,3755,Violet,Webb,Ashcombe,South,32
18:42,4092,Greta,Gibbs,Emberfield,East,15
18:42,4185,Sidney,Gray,Oakhurst,East,36
18:42,4194,Violet,Russell,Marrowby,South,1
18:42,4266,Pip,Hill,Nettlefold,South,18
18:42,4302,Bella,Linnell,Copperwell,East,10
18:42,4869,Monty,Tyler,Copperwell,South,16
18:42,4887,Alice,Moss,Copperwell,East,31
18:42,4894,Ruth,Platt,Greyhaven,West,14
18:42,5147,Winnie,Warrender,Hartwell,West,3
18:42,5219,Lottie,Parrish,Marrowby,West,10
18:42,5261,Dora,Selby,Foxhollow,North,16
18:42,5328,Celia,Lennard,Copperwell,East,13
18:42,5335,Zelda,Farrell,Emberfield,South,10
18:42,5380,Nell,Wadding,Copperwell,West,28
18:42,5426,Ralph,Marsh,Copperwell,East,22
18:42,5479,Beatrix,Tidwell,Juniper Cross,East,16
18:42,5790,Winnie,Chandler,Foxhollow,West,35
18:43,0093,Emily,Bell,Juniper Cross,West,19
18:43,0117,Rupert,Wells,Emberfield,West,33
18:43,0267,Josie,Merritt,Emberfield,North,4
18:43,0301,Agnes,Hadley,Emberfield,East,14
18:43,0410,Alfred,Grange,Greyhaven,North,27
18:43,0638,Mabel,Dennett,Greyhaven,West,17
18:43,0756,Ottilie,Hale,Greyhaven,North,27
18:43,0813,Lionel,Crane,Elderbrook,East,36
18:43,1206,Iris,Jarrett,Emberfield,South,19
18:43,1294,Emily,Copper,Emberfield,East,22
18:43,1520,Ada,Quill,Oakhurst,East,6
18:43,1606,Ray,Sellers,Dunmoor,East,19
18:43,2013,Evelyn,Grange,Ashcombe,North,22
18:43,2257,Imogen,Yeoman,Emberfield,North,25
18:43,2460,Xavier,Hill,Emberfield,North,20
18:43,2575,Molly,Thackery,Oakhurst,East,12
18:43,2638,Edgar,Carrell,Kestrel Bay,East,21
18:43,2643,Harold,Tidwell,Elderbrook,East,34
18:43,2673,Lionel,Elwood,Marrowby,North,17
18:43,3018,Evelyn,Copper,Elderbrook,North,33
18:43,3141,Zelda,Hayward,Marrowby,East,25
18:43,3147,Olive,Scott,Brambleford,North,9
18:43,3169,Teddy,Hayward,Nettlefold,South,16
18:43,3335,Daisy,Hobbs,Brambleford,South,31
18:43,3353,Clara,Penny,Marrowby,North,13
18:43,3527,Molly,Nash,Foxhollow,South,29
18:43,3869,Nora,Pennell,Ashcombe,West,16
18:43,3908,Silas,Tully,Emberfield,South,36
18:43,4231,Isla,Tanner,Kestrel Bay,West,32
18:43,4613,Otto,Marsh,Emberfield,West,14
18:43,4832,Una,Moss,Greyhaven,East,23
18:43,5200,Lionel,Selby,Dunmoor,West,11
18:43,5345,Annie,Harker,Emberfield,West,15
18:43,5578,Cecil,Ferrand,Brambleford,North,35
18:43,5630,Daisy,Sheppard,Pennywick,West,7
18:43,5693,Harvey,Miller,Sloe Green,North,36
18:43,5856,Harvey,Dell,Greyhaven,West,7
18:43,5945,Iris,Thackery,Emberfield,West,2
18:44,0223,Lionel,Hurst,Emberfield,East,32
18:44,0582,Maud,Pettit,Emberfield,South,28
18:44,0603,Ned,Wrenn,Sloe Green,North,22
18:44,0701,Otto,Hazell,Copperwell,North,1
18:44,0712,Winnie,Neville,Oakhurst,North,28
18:44,0744,Bertie,Whitt,Dunmoor,North,1
18:44,0860,Harvey,Brett,Juniper Cross,North,23
18:44,1015,Freda,Wadding,Emberfield,West,17
18:44,1415,Rosa,Tidwell,Foxhollow,North,17
18:44,1536,Rhoda,Gibbs,Copperwell,North,9
18:44,1551,Violet,Bramwell,Oakhurst,South,35
18:44,1825,Oscar,Oakes,Emberfield,South,3
18:44,1967,Harold,Fennell,Copperwell,East,6
18:44,2218,Archie,Harker,Sloe Green,West,7
18:44,2479,Sidney,Wheeler,Hartwell,East,18
18:44,2517,Freda,Yeoman,Marrowby,East,10
18:44,2648,Quentin,Elwood,Ashcombe,East,1
18:44,3070,Ned,Neville,Kestrel Bay,North,29
18:44,3214,Celia,Hartley,Emberfield,West,2
18:44,3228,Teddy,Harrell,Juniper Cross,West,19
18:44,3748,Henry,Drake,Marrowby,North,29
18:44,3756,Quentin,Pennell,Greyhaven,South,4
18:44,3925,Molly,Crane,Emberfield,East,24
18:44,3994,Barnaby,Fennell,Juniper Cross,South,24
18:44,4086,Enid,Lennard,Brambleford,North,30
18:44,4111,Clement,Hill,Emberfield,East,23
18:44,4121,Cora,Brett,Dunmoor,North,23
18:44,4130,Percy,Finch,Greyhaven,North,11
18:44,4156,Hazel,Thackery,Emberfield,West,8
18:44,4252,Nora,Tennyson,Sloe Green,North,31
18:44,4353,Greta,Barrett,Nettlefold,South,8
18:44,4395,Audrey,Barrow,Emberfield,West,19
18:44,4410,Rowena,Bell,Emberfield,East,13
18:44,4554,Abigail,Clay,Emberfield,East,17
18:44,4683,Timothy,Lynn,Dunmoor,East,9
18:44,4748,Edith,Kennett,Ashcombe,West,30
18:44,5223,Ned,Pennell,Emberfield,West,23
18:44,5258,Myrtle,Kennett,Nettlefold,East,7
18:44,5452,Edith,Tuck,Emberfield,West,32
18:44,5471,Mabel,Sparrow,Brambleford,North,13
18:44,5624,Agnes,Lynn,Nettlefold,East,17
18:44,5677,Fenella,Sellers,Emberfield,East,28
18:45,0097,Nell,Sellers,Brambleford,West,19
18:45,0394,Ernest,Grange,Marrowby,South,9
18:45,0529,Isla,Thackery,Marrowby,North,23
18:45,1045,Hugo,Miller,Dunmoor,South,28
18:45,1404,Esther,Marsh,Oakhurst,South,3
18:45,1427,Otto,Hurst,Marrowby,West,18
18:45,1897,Archie,Pike,Copperwell,West,33
18:45,2002,Gilbert,Thackery,Juniper Cross,East,29
18:45,2017,Enid,Dunn,Juniper Cross,East,24
18:45,2193,Ottilie,Harrell,Emberfield,North,16
18:45,2249,Celia,Innes,Ashcombe,North,34
18:45,2355,Tobias,Platt,Emberfield,West,32
18:45,2371,Sidney,Lark,Pennywick,West,10
18:45,2627,Bella,Whitt,Greyhaven,West,30
18:45,2847,Nell,Drake,Elderbrook,North,28
18:45,3441,Barnaby,Perrin,Elderbrook,North,21
18:45,3859,Bridget,Chandler,Ashcombe,South,22
18:45,3954,Edgar,Pryce,Nettlefold,East,23
18:45,3974,Teddy,Birch,Elderbrook,North,16
18:45,4045,Beatrix,Jenner,Emberfield,West,10
18:45,4317,Olive,Lynn,Sloe Green,North,9
18:45,4433,Beatrix,Hartley,Hartwell,North,16
18:45,4641,Joan,Keel,Elderbrook,North,29
18:45,4769,Wilfred,Wren,Elderbrook,North,9
18:45,4881,Mavis,Bramwell,Emberfield,South,16
18:45,5069,Monty,Hobbs,Pennywick,North,22
18:45,5076,Gilbert,Sykes,Emberfield,South,13
18:45,5271,Edmund,Reeve,Oakhurst,North,15
18:45,5414,Xavier,Tennyson,Kestrel Bay,North,27
18:46,0053,Barnaby,Abbott,Ashcombe,North,19
18:46,0080,Una,Starling,Emberfield,North,15
18:46,0338,Violet,Hayward,Kestrel Bay,North,2
18:46,0523,Freda,Dunn,Emberfield,West,29
18:46,0726,Tobias,Pym,Kestrel Bay,West,24
18:46,0896,Clara,Hobbs,Emberfield,North,33
18:46,0935,Ada,Carver,Dunmoor,North,11
18:46,1461,Ned,Brook,Ashcombe,North,28
18:46,1465,Maud,Yeoman,Emberfield,West,15
18:46,1524,Frances,Barrett,Sloe Green,East,13
18:46,1718,Muriel,Pryce,Greyhaven,South,25
18:46,1860,Hazel,Bramwell,Copperwell,East,20
18:46,1978,Rhoda,Fell,Foxhollow,East,30
18:46,2237,Olive,Moss,Oakhurst,West,20
18:46,2986,Olive,Wren,Hartwell,South,11
18:46,3584,Mavis,Denny,Dunmoor,East,7
18:46,3883,Winnie,Hill,Greyhaven,South,1
18:46,4020,Lena,Fell,Greyhaven,East,13
18:46,4281,Alice,Pryce,Kestrel Bay,North,5
18:46,4285,Oscar,Pettit,Copperwell,East,29
18:46,4378,Zelda,Wells,Nettlefold,East,33
18:46,4577,Fenella,Nash,Kestrel Bay,North,10
18:46,4938,Emily,Winnard,Copperwell,West,1
18:46,4953,Bernard,Tyler,Emberfield,West,7
18:46,5116,Mabel,Hale,Marrowby,West,32
18:46,5145,Cecil,Skerritt,Emberfield,North,30
18:46,5215,Imogen,Perrin,Emberfield,North,29
18:46,5372,Archie,Lark,Kestrel Bay,West,35
18:46,5628,Edgar,Quill,Nettlefold,North,19
18:46,5757,Myrtle,Sheppard,Greyhaven,South,26
18:46,5890,Quentin,Vesey,Emberfield,North,10
18:46,5895,Milo,Glass,Juniper Cross,North,12
18:47,0008,Agnes,Nuttall,Emberfield,South,9
18:47,0214,Hugo,Hobbs,Kestrel Bay,South,8
18:47,0330,Nora,Dunn,Nettlefold,West,24
18:47,0396,Ned,Lark,Hartwell,West,22
18:47,0399,Mabel,Goodall,Copperwell,North,6
18:47,1094,Olive,Crane,Ashcombe,North,16
18:47,1257,Ida,Reeve,Greyhaven,South,23
18:47,1457,Ottilie,Venning,Greyhaven,West,20
18:47,1602,Bella,Hayward,Greyhaven,North,20
18:47,1686,Bella,Pym,Emberfield,West,19
18:47,2077,Dora,Burrows,Hartwell,North,30
18:47,2121,Joan,Hayward,Ashcombe,North,6
18:47,2130,Albert,Minns,Kestrel Bay,East,12
18:47,2196,Mavis,Barrett,Ashcombe,West,31
18:47,2424,Esther,Minns,Marrowby,West,7
18:47,2504,Edmund,Merritt,Emberfield,South,7
18:47,2542,Arthur,Pryce,Hartwell,West,14
18:47,2568,Phoebe,Venning,Copperwell,West,20
18:47,3144,Una,Harker,Brambleford,West,6
18:47,3183,Bella,Kemp,Pennywick,East,33
18:47,3440,Cecil,Pinnock,Dunmoor,South,20
18:47,3723,Molly,Minns,Emberfield,North,4
18:47,3996,Ada,Lytton,Emberfield,West,5
18:47,4149,Otto,Gray,Pennywick,North,9
18:47,4188,Lydia,Walker,Emberfield,West,16
18:47,4197,Ethel,Reeve,Oakhurst,North,14
18:47,4214,Quentin,Harrell,Dunmoor,West,17
18:47,4279,Ned,Dunn,Juniper Cross,North,4
18:47,4519,Ada,Dell,Emberfield,North,27
18:47,4632,Audrey,Hendry,Kestrel Bay,East,27
18:47,4714,Stella,Chandler,Greyhaven,South,3
18:47,4716,Thea,Crane,Sloe Green,North,4
18:47,5049,Frances,Sallow,Emberfield,South,22
18:47,5338,Barnaby,Walker,Hartwell,West,12
18:47,5742,Molly,Cobb,Marrowby,East,10
18:47,5910,Stanley,Lynn,Emberfield,West,12
18:48,0209,Archie,Pryce,Greyhaven,North,8
18:48,0299,Gwen,Quill,Foxhollow,West,21
18:48,0315,Joan,Gray,Emberfield,North,32
18:48,0478,Alice,Carrell,Ashcombe,West,10
18:48,0571,Audrey,Hale,Foxhollow,South,9
18:48,0696,Olive,Wrenn,Dunmoor,South,29
18:48,0833,Bernard,Walker,Emberfield,North,34
18:48,1055,Margot,Jewell,Emberfield,West,12
18:48,1288,Arthur,Kemp,Pennywick,North,20
18:48,1447,Effie,Farrell,Emberfield,West,2
18:48,1693,Ida,Innes,Brambleford,South,19
18:48,1726,Cyril,Starling,Emberfield,North,27
18:48,2021,Mavis,Selby,Sloe Green,North,19
18:48,2118,Minnie,Crane,Greyhaven,South,18
18:48,2148,Timothy,Nash,Emberfield,East,29
18:48,2294,Pip,Venning,Nettlefold,West,15
18:48,2402,Jasper,Gray,Greyhaven,East,16
18:48,2525,Lena,Neville,Emberfield,North,2
18:48,2529,Ernest,Finch,Brambleford,West,34
18:48,2632,Una,Cobb,Kestrel Bay,North,19
18:48,2633,Thea,Marsh,Dunmoor,West,32
18:48,2797,Muriel,Selby,Nettlefold,West,20
18:48,3289,Olive,Tully,Greyhaven,West,4
18:48,3294,Imogen,Chandler,Ashcombe,North,10
18:48,3330,Arthur,Tully,Emberfield,North,17
18:48,3513,Fenella,Linnell,Marrowby,East,29
18:48,3575,Ivor,Nuttall,Emberfield,South,1
18:48,3654,Martha,Dunn,Kestrel Bay,East,33
18:48,4042,Margot,Warrender,Juniper Cross,West,36
18:48,4099,Minnie,Hartley,Copperwell,North,25
18:48,4101,Sybil,Varley,Sloe Green,North,32
18:48,4258,Ottilie,Bennett,Sloe Green,East,27
18:48,4272,Thea,Whitt,Juniper Cross,South,26
18:48,4457,Celia,Trask,Emberfield,North,34
18:48,4469,Maud,Tennyson,Juniper Cross,West,1
18:48,4569,Ned,Pike,Pennywick,North,12
18:48,4640,Milo,Neville,Emberfield,East,24
18:48,4895,Rosa,Jenner,Juniper Cross,South,23
18:48,5204,Sybil,Dell,Emberfield,North,22
18:48,5455,Esther,Linnell,Oakhurst,North,14
18:48,5671,Ray,Mercer,Brambleford,North,32
18:48,5726,Dorothy,Dell,Brambleford,North,17
18:49,0484,Elsie,Kettle,Copperwell,South,3
18:49,0559,Edgar,Burrows,Emberfield,South,15
18:49,0567,Mabel,Quill,Emberfield,West,7
18:49,0620,Nora,Warrender,Juniper Cross,South,14
18:49,0624,Harvey,Selby,Emberfield,West,2
18:49,0820,Tobias,Bell,Greyhaven,North,36
18:49,1087,Iris,Carver,Emberfield,West,13
18:49,1114,Evelyn,Thackery,Nettlefold,East,25
18:49,1203,Edmund,Pike,Elderbrook,South,17
18:49,1414,Enid,Quill,Nettlefold,North,14
18:49,1561,Lydia,Vesey,Emberfield,East,8
18:49,1600,Agnes,Starling,Copperwell,West,8
18:49,1773,Winnie,Kerrigan,Emberfield,North,10
18:49,1853,Mabel,Gull,Emberfield,West,19
18:49,1867,Dora,Chandler,Emberfield,East,1
18:49,2037,Ivor,Drake,Pennywick,South,2
18:49,2359,Milo,Yeoman,Foxhollow,South,24
18:49,2628,Timothy,Kemp,Elderbrook,North,12
18:49,2651,Rowena,Selby,Sloe Green,North,2
18:49,3021,Lena,Kidd,Pennywick,East,11
18:49,3037,Kit,Gibbs,Pennywick,West,20
18:49,3069,Leonard,Ainsley,Ashcombe,South,34
18:49,3218,Violet,Lennard,Emberfield,South,5
18:49,3358,Lydia,Hill,Brambleford,West,21
18:49,3468,Teddy,Walker,Greyhaven,East,11
18:49,3538,Kit,Ferrand,Emberfield,West,13
18:49,3962,Ruth,Cobb,Ashcombe,North,22
18:49,4114,Isla,Kennett,Ashcombe,West,2
18:49,4366,Bernard,Starling,Ashcombe,South,22
18:49,4368,Imogen,Bell,Sloe Green,East,36
18:49,4897,Alice,Kerrigan,Copperwell,North,18
18:49,5103,Nora,Sparrow,Marrowby,South,6
18:49,5340,Elsie,Gray,Brambleford,North,2
18:49,5396,Emily,Trask,Emberfield,East,30
18:49,5407,Ned,Winnard,Emberfield,West,15
18:49,5435,Pip,Bramwell,Oakhurst,West,26
18:49,5605,Frances,Pettit,Emberfield,East,11
18:49,5676,Muriel,Blackwood,Emberfield,North,12
18:49,5701,Vera,Crane,Pennywick,North,14
18:49,5717,Martha,Hayward,Copperwell,East,16
18:49,5805,Dorothy,Kemp,Greyhaven,South,35
18:49,5911,Frances,Hobbs,Pennywick,West,4
18:50,0120,Effie,Harker,Emberfield,South,20
18:50,0270,Kit,Thatcher,Nettlefold,East,6
18:50,0452,Hugo,Bramwell,Emberfield,North,8
18:50,0951,Ada,Burrows,Brambleford,South,1
18:50,1035,Muriel,Miller,Hartwell,North,28
18:50,1471,Pip,Hadley,Elderbrook,South,22
18:50,1846,Fenella,Tennyson,Hartwell,East,28
18:50,1894,Esther,Pollard,Emberfield,South,25
18:50,2063,Emily,Mayhew,Emberfield,North,22
18:50,2096,Ethel,Teller,Marrowby,East,22
18:50,2264,Ray,Mallet,Dunmoor,East,16
18:50,2546,Quentin,Miller,Copperwell,West,16
18:50,2864,Dolly,Vesey,Emberfield,South,13
18:50,2923,Alfred,Barrow,Oakhurst,South,24
18:50,2957,Celia,Bennett,Foxhollow,East,5
18:50,3066,Hugo,Bennett,Sloe Green,East,20
18:50,3517,Quentin,Yeoman,Greyhaven,East,24
18:50,3578,Amos,Hollins,Kestrel Bay,East,2
18:50,4051,Edith,Hazell,Brambleford,East,3
18:50,4237,Sidney,Thatcher,Hartwell,East,6
18:50,4260,Leonard,Jarrett,Brambleford,South,10
18:50,4532,Annie,Hale,Sloe Green,North,20
18:50,4549,Hilda,Rainer,Emberfield,South,16
18:50,4838,Stella,Lytton,Ashcombe,South,2
18:50,4907,Hugo,Kemp,Oakhurst,East,14
18:50,5123,Agnes,Elwood,Marrowby,West,20
18:50,5475,Wilfred,Webb,Emberfield,West,22
18:50,5566,Vera,Jarrett,Brambleford,North,3
18:50,5652,Isla,Dunn,Juniper Cross,West,28
18:51,0192,Dora,Hayward,Emberfield,North,13
18:51,0201,Vera,Hartley,Kestrel Bay,North,16
18:51,0636,Greta,Oakes,Dunmoor,East,11
18:51,0780,Rupert,Sheppard,Ashcombe,South,12
18:51,0989,Edie,Reeve,Emberfield,South,2
18:51,1030,Lena,Cobb,Sloe Green,East,10
18:51,1357,Barnaby,Merritt,Juniper Cross,South,14
18:51,1515,Sadie,Varley,Emberfield,North,26
18:51,1843,Violet,Hill,Foxhollow,West,32
18:51,2285,Dolly,Chandler,Kestrel Bay,North,15
18:51,2330,Bernard,Barrett,Oakhurst,North,10
18:51,2381,Evelyn,Kerrigan,Ashcombe,South,17
18:51,2481,Myrtle,Warrender,Emberfield,North,31
18:51,2707,Nora,Kennett,Copperwell,South,15
18:51,2710,Kit,Lark,Emberfield,East,2
18:51,3061,Edmund,Grange,Emberfield,East,36
18:51,3716,Leonard,Thackery,Kestrel Bay,North,33
18:51,3863,Imogen,Denny,Dunmoor,West,31
18:51,3878,Amos,Hartley,Emberfield,North,36
18:51,3902,Hazel,Sallow,Hartwell,East,23
18:51,3917,Lionel,Teller,Hartwell,North,28
18:51,3936,Otto,Lennard,Marrowby,East,11
18:51,4183,Amos,Denny,Dunmoor,South,22
18:51,4545,Jasper,Tinsley,Sloe Green,East,16
18:51,4617,Lottie,Wadding,Emberfield,East,13
18:51,4633,Alice,Vesey,Kestrel Bay,West,10
18:51,4870,Xavier,Bell,Emberfield,North,15
18:51,4905,Evelyn,Tully,Emberfield,North,27
18:51,5008,Evelyn,Trask,Pennywick,West,24
18:51,5185,Monty,Yardley,Emberfield,North,15
18:51,5456,Winnie,Farrell,Kestrel Bay,East,19
18:51,5663,Isla,Marsh,Brambleford,South,7
18:51,5719,Hilda,Barrett,Brambleford,North,17
18:52,0204,Gilbert,Starling,Emberfield,North,28
18:52,0639,Myrtle,Cutler,Emberfield,North,33
18:52,0788,Kit,Darrow,Foxhollow,North,5
18:52,0855,Annie,Venning,Ashcombe,North,34
18:52,0865,Ottilie,Chandler,Foxhollow,North,18
18:52,0923,Ernest,Harrell,Nettlefold,South,31
18:52,1058,Sadie,Lynn,Oakhurst,West,23
18:52,1398,Abigail,Varley,Greyhaven,West,16
18:52,1440,Iris,Oakes,Brambleford,East,24
18:52,1701,Una,Nash,Emberfield,South,6
18:52,1707,Audrey,Sallow,Emberfield,South,23
18:52,1733,Daisy,Cutler,Dunmoor,North,19
18:52,1862,Rupert,Mallet,Kestrel Bay,South,3
18:52,2180,Phoebe,Reeve,Greyhaven,North,33
18:52,2512,Silas,Hayward,Ashcombe,South,11
18:52,2657,Ada,Hayward,Hartwell,East,13
18:52,2744,Emily,Lynn,Greyhaven,North,8
18:52,2985,Ida,Whitt,Greyhaven,East,16
18:52,3138,Margot,Linnell,Emberfield,West,30
18:52,3164,Harriet,Ferrand,Emberfield,North,7
18:52,3525,Harold,Rainer,Emberfield,South,6
18:52,3877,Alfred,Harrell,Emberfield,East,27
18:52,3893,Cyril,Marsh,Sloe Green,North,19
18:52,3997,Sidney,Hurst,Emberfield,West,21
18:52,4463,Silas,Cobb,Sloe Green,West,30
18:52,4591,Florence,Nuttall,Foxhollow,South,25
18:52,5358,Rhoda,Kennett,Emberfield,East,21
18:52,5690,Dorothy,Hale,Dunmoor,South,21
18:52,5721,Jude,Ferrand,Marrowby,West,34
18:52,5722,Bernard,Sheppard,Ashcombe,South,22
18:52,5767,Otto,Oakes,Nettlefold,West,3
18:52,5813,Timothy,Harker,Emberfield,West,25
18:53,0171,Harold,Merritt,Sloe Green,South,22
18:53,0210,Vera,Starling,Kestrel Bay,South,26
18:53,0453,Ernest,Moss,Ashcombe,North,6
18:53,0522,Phoebe,Tebbutt,Greyhaven,North,27
18:53,0543,Dorothy,Jenner,Emberfield,North,10
18:53,0680,Lily,Bramwell,Brambleford,South,24
18:53,0717,Maud,Brook,Greyhaven,North,12
18:53,0826,Clement,Mayhew,Oakhurst,West,7
18:53,1047,Ruth,Tanner,Emberfield,North,17
18:53,1243,Lydia,Pinnock,Emberfield,East,31
18:53,1481,Sadie,Brook,Ashcombe,East,35
18:53,1795,Monty,Wheeler,Copperwell,South,31
18:53,2093,Cora,Dunn,Pennywick,North,8
18:53,2107,Florence,Bramwell,Greyhaven,West,36
18:53,2122,Abigail,Hill,Sloe Green,South,35
18:53,2208,Lydia,Birch,Marrowby,West,1
18:53,2466,Alice,Quill,Sloe Green,South,30
18:53,2537,Nell,Barrow,Emberfield,North,35
18:53,2801,Lydia,Grange,Greyhaven,South,27
18:53,2978,Sybil,Jewell,Hartwell,South,30
18:53,3298,Cyril,Skerritt,Dunmoor,North,7
18:53,3366,Greta,Jewell,Greyhaven,East,13
18:53,3456,Rosa,Skerritt,Kestrel Bay,West,35
18:53,3670,Timothy,Wrenn,Greyhaven,North,17
18:53,3752,Elsie,Wren,Foxhollow,West,27
18:53,3836,Clara,Tennyson,Emberfield,East,30
18:53,3867,Gilbert,Yeoman,Brambleford,South,13
18:53,3932,Wilfred,Tebbutt,Foxhollow,North,31
18:53,3939,Xavier,Tanner,Emberfield,West,20
18:53,4132,Molly,Brook,Dunmoor,North,7
18:53,4455,Agnes,Hendry,Emberfield,West,30
18:53,4588,Ottilie,Ellery,Greyhaven,West,4
18:53,4622,Elsie,Tuck,Emberfield,West,34
18:53,4934,Poppy,Pinnock,Kestrel Bay,East,8
18:53,5194,Edgar,Bell,Emberfield,South,20
18:53,5243,Otto,Kennett,Emberfield,East,33
18:53,5356,Agnes,Clay,Dunmoor,South,30
18:53,5360,Hugo,Birch,Pennywick,North,29
18:53,5488,Lily,Selby,Sloe Green,South,27
18:53,5616,Ivy,Minns,Sloe Green,South,6
18:53,5733,Clement,Winnard,Ashcombe,East,10
18:54,0112,Maud,Goodall,Sloe Green,South,31
18:54,0240,Una,Grange,Sloe Green,South,31
18:54,0553,Barnaby,Gull,Greyhaven,North,20
18:54,0732,Xavier,Dennett,Dunmoor,West,5
18:54,0817,Lily,Cutler,Emberfield,South,21
18:54,0885,Timothy,Finch,Oakhurst,North,18
18:54,1011,Muriel,Tebbutt,Emberfield,North,11
18:54,1117,Ivor,Finch,Pennywick,West,21
18:54,1388,Celia,Quill,Dunmoor,North,25
18:54,1482,Leonard,Bramwell,Emberfield,West,22
18:54,1506,Abigail,Starling,Emberfield,West,7
18:54,1779,Sybil,Webb,Brambleford,North,16
18:54,1842,Esther,Bell,Kestrel Bay,West,6
18:54,1979,Myrtle,Farrell,Emberfield,South,21
18:54,1992,Stanley,Whitt,Ashcombe,West,19
18:54,2031,Florence,Hale,Foxhollow,West,13
18:54,2163,Esther,Jenner,Kestrel Bay,North,7
18:54,2340,Josie,Wren,Brambleford,North,6
18:54,2394,Bernard,Hill,Emberfield,South,18
18:54,2678,Quentin,Cutler,Hartwell,North,17
18:54,2721,Percy,Minns,Emberfield,South,4
18:54,2733,Lionel,Neville,Emberfield,South,8
18:54,2803,Rosa,Tuck,Nettlefold,East,33
18:54,2880,Ada,Brook,Kestrel Bay,South,29
18:54,3387,Pip,Tuck,Elderbrook,South,30
18:54,3442,Amos,Platt,Emberfield,South,12
18:54,3745,Enid,Birch,Dunmoor,East,34
18:54,3775,Cora,Birch,Marrowby,North,5
18:54,3830,Iris,Russell,Hartwell,South,1
18:54,4169,Agnes,Cutler,Sloe Green,East,27
18:54,4180,Bella,Gibbs,Greyhaven,North,2
18:54,4295,Bella,Nash,Emberfield,South,28
18:54,4382,Joan,Minns,Greyhaven,West,9
18:54,4419,Rupert,Clay,Oakhurst,East,35
18:54,4669,Edgar,Crane,Dunmoor,West,34
18:54,4810,Nell,Ainsley,Brambleford,West,4
18:54,4917,Rowena,Hartley,Pennywick,North,7
18:54,4956,Isla,Hazell,Emberfield,East,35
18:54,5066,Rhoda,Russell,Emberfield,East,21
18:54,5195,Annie,Goodall,Marrowby,East,3
18:54,5523,Timothy,Crane,Emberfield,North,35
18:54,5623,Evelyn,Drake,Hartwell,West,33
18:54,5680,Maisie,Hartley,Emberfield,West,17
18:54,5746,Alice,Wells,Foxhollow,East,3
18:54,5779,Ivy,Hendry,Juniper Cross,West,8
18:54,5795,Joan,Tuck,Sloe Green,East,7
18:55,0441,Lionel,Linnell,Sloe Green,North,5
18:55,0845,Gwen,Brett,Juniper Cross,West,9
18:55,1060,Hazel,Kerrigan,Marrowby,North,18
18:55,1424,Xavier,Wheeler,Dunmoor,North,35
18:55,1436,Fenella,Mallet,Emberfield,West,27
18:55,1835,Myrtle,Mallet,Emberfield,West,20
18:55,2032,Rowena,Carver,Sloe Green,West,9
18:55,2038,Ruth,Wrenn,Dunmoor,North,33
18:55,2271,Bernard,Denny,Oakhurst,North,15
18:55,2344,Lionel,Harrell,Emberfield,East,11
18:55,2362,Fenella,Kerrigan,Hartwell,South,24
18:55,2414,Tobias,Sparrow,Pennywick,North,35
18:55,2524,Jude,Nash,Emberfield,North,7
18:55,2645,Xavier,Varley,Kestrel Bay,East,35
18:55,2856,Milo,Hill,Oakhurst,South,24
18:55,3011,Oscar,Hendry,Emberfield,West,12
18:55,3015,Bernard,Chandler,Dunmoor,South,4
18:55,3065,Clement,Hendry,Greyhaven,East,19
18:55,3077,Iris,Penny,Sloe Green,North,27
18:55,3271,Esther,Thatcher,Elderbrook,South,32
18:55,3275,Lydia,Whitt,Emberfield,West,1
18:55,3280,Tobias,Reeve,Emberfield,North,12
18:55,3494,Evelyn,Kemp,Ashcombe,North,17
18:55,3815,Evelyn,Dunn,Nettlefold,North,34
18:55,3935,Ida,Terrell,Juniper Cross,North,15
18:55,4108,Jasper,Bramwell,Emberfield,North,11
18:55,4176,Maud,Minns,Sloe Green,West,6
18:55,4216,Lionel,Lennard,Nettlefold,West,25
18:55,4310,Una,Tidwell,Marrowby,South,22
18:55,4405,Ivy,Hale,Brambleford,East,32
18:55,5120,Timothy,Hazell,Emberfield,North,13
18:55,5283,Edmund,Sykes,Emberfield,North,18
18:55,5366,Poppy,Thackery,Elderbrook,West,2
18:55,5521,Timothy,Winnard,Brambleford,South,25
18:56,0061,Iris,Winnard,Emberfield,North,32
18:56,0144,Ada,Lark,Marrowby,North,32
18:56,0169,Milo,Pollard,Brambleford,West,13
18:56,0235,Effie,Venning,Emberfield,North,23
18:56,0273,Teddy,Neville,Sloe Green,West,11
18:56,0365,Ned,Gray,Emberfield,West,25
18:56,0369,Alice,Wren,Kestrel Bay,South,2
18:56,0970,Ruth,Vesey,Pennywick,East,12
18:56,1660,Molly,Penny,Juniper Cross,East,18
18:56,1806,Xavier,Wren,Nettlefold,East,18
18:56,2170,Jasper,Harker,Emberfield,West,11
18:56,2207,Lionel,Penny,Hartwell,East,6
18:56,2263,Quentin,Finch,Oakhurst,North,33
18:56,2267,Ida,Hurst,Hartwell,West,32
18:56,2450,Ada,Yeoman,Kestrel Bay,North,23
18:56,2483,Hilda,Goodall,Juniper Cross,North,15
18:56,2550,Stanley,Mayhew,Nettlefold,North,33
18:56,2601,Ivy,Wrenn,Dunmoor,South,17
18:56,2635,Amos,Nuttall,Pennywick,North,32
18:56,2702,Ralph,Sheppard,Ashcombe,South,22
18:56,2905,Arthur,Miller,Emberfield,South,22
18:56,3029,Una,Linnell,Emberfield,East,8
18:56,3128,Wilfred,Denny,Brambleford,North,8
18:56,3166,Stella,Hadley,Emberfield,North,28
18:56,3314,Minnie,Trask,Pennywick,West,35
18:56,3329,Agnes,Hill,Copperwell,North,2
18:56,3439,Cora,Kettle,Emberfield,West,22
18:56,3665,Ruth,Pike,Emberfield,West,10
18:56,4713,Ida,Burrows,Emberfield,South,6
18:56,4812,Lottie,Gray,Dunmoor,South,20
18:56,4833,Rowena,Lark,Juniper Cross,East,20
18:56,4908,Ottilie,Hobbs,Brambleford,South,1
18:56,4962,Archie,Pennell,Hartwell,West,25
18:56,5040,Jude,Tinsley,Pennywick,North,9
18:56,5088,Hilda,Glass,Hartwell,East,4
18:56,5393,Percy,Thackery,Juniper Cross,North,5
18:56,5735,Stanley,Denny,Emberfield,North,29
18:56,5999,Annie,Sallow,Elderbrook,West,36
18:57,0158,Bernard,Glass,Copperwell,West,3
18:57,0406,Hazel,Walker,Nettlefold,East,18
18:57,0460,Olive,Pryce,Brambleford,North,21
18:57,0514,Myrtle,Whitt,Dunmoor,South,33
18:57,0972,Harvey,Blackwood,Ashcombe,North,18
18:57,1214,Harvey,Vesey,Greyhaven,West,18
18:57,1308,Cora,Vesey,Emberfield,West,12
18:57,1328,Enid,Carrell,Nettlefold,South,20
18:57,1489,Oscar,Innes,Brambleford,North,33
18:57,1576,Abigail,Scott,Ashcombe,North,17
18:57,1856,Bertie,Hadley,Ashcombe,South,16
18:57,2079,Tobias,Miller,Emberfield,South,19
18:57,2161,Amos,Brett,Copperwell,West,32
18:57,2191,Imogen,Gibbs,Dunmoor,West,7
18:57,3535,Otto,Penny,Dunmoor,West,17
18:57,3623,Pip,Mallet,Foxhollow,South,31
18:57,4268,Ivy,Fell,Emberfield,South,21
18:57,4401,Edgar,Platt,Elderbrook,West,23
18:57,4861,Lottie,Hollins,Oakhurst,South,4
18:57,4979,Evelyn,Starling,Hartwell,West,16
18:57,5171,Teddy,Marsh,Foxhollow,East,14
18:57,5291,Celia,Dennett,Elderbrook,South,10
18:58,0277,Nell,Vesey,Emberfield,South,7
18:58,0505,Bridget,Trask,Juniper Cross,West,1
18:58,0545,Nora,Hendry,Ashcombe,North,7
18:58,0547,Molly,Pettit,Emberfield,West,22
18:58,0710,Edith,Denny,Emberfield,North,4
18:58,1024,Thea,Innes,Nettlefold,West,24
18:58,1160,Beatrix,Penny,Emberfield,South,35
18:58,1274,Harold,Harker,Sloe Green,West,8
18:58,1309,Harold,Ellery,Foxhollow,South,16
18:58,1313,Ernest,Pennell,Elderbrook,East,33
18:58,1438,Beatrix,Lennard,Emberfield,North,12
18:58,1523,Daisy,Hendry,Emberfield,South,25
18:58,1586,Rowena,Hobbs,Emberfield,East,14
18:58,1663,Nora,Winnard,Dunmoor,East,2
18:58,1952,Molly,Dennett,Dunmoor,East,35
18:58,2127,Frances,Starling,Elderbrook,North,13
18:58,2478,Henry,Jenner,Emberfield,South,8
18:58,2618,Evelyn,Crane,Emberfield,West,22
18:58,2684,Archie,Bennett,Greyhaven,North,15
18:58,2823,Zelda,Sallow,Brambleford,North,12
18:58,3044,Minnie,Hadley,Elderbrook,South,23
18:58,3071,Martha,Minns,Sloe Green,North,21
18:58,3269,Beatrix,Walker,Emberfield,North,7
18:58,3688,Abigail,Carrell,Greyhaven,North,24
18:58,3880,Wilfred,Thatcher,Pennywick,South,2
18:58,3911,Ethel,Pollard,Oakhurst,South,2
18:58,4038,Barnaby,Whitt,Copperwell,West,35
18:58,4332,Stanley,Reeve,Sloe Green,South,1
18:58,4518,Lydia,Farrell,Kestrel Bay,East,11
18:58,4662,Jasper,Abbott,Greyhaven,West,29
18:58,4703,Dora,Hill,Juniper Cross,North,20
18:58,4822,Isla,Rainer,Emberfield,East,29
18:58,4834,Albert,Barrett,Sloe Green,South,33
18:58,4884,Henry,Wells,Ashcombe,North,29
18:58,4996,Margot,Gray,Dunmoor,West,6
18:58,5148,Emily,Sallow,Sloe Green,North,2
18:58,5279,Isla,Nash,Foxhollow,South,17
18:58,5506,Maud,Nash,Juniper Cross,East,34
18:58,5789,Molly,Skerritt,Ashcombe,North,31
18:58,5849,Ada,Birch,Foxhollow,East,32
18:59,0081,Jude,Brook,Marrowby,North,16
18:59,0231,Muriel,Lynn,Oakhurst,North,7
18:59,0233,Abigail,Thackery,Copperwell,East,34
18:59,0245,Agnes,Burrows,Emberfield,North,35
18:59,0321,Martha,Barrett,Emberfield,North,10
18:59,0508,Beatrix,Pike,Hartwell,North,27
18:59,0645,Wilfred,Jewell,Hartwell,South,31
18:59,0693,Gilbert,Blackwood,Juniper Cross,East,13
18:59,0883,Tobias,Kettle,Marrowby,North,16
18:59,1031,Bridget,Bell,Dunmoor,West,14
18:59,1421,Phoebe,Pettit,Juniper Cross,North,24
18:59,1623,Martha,Wadding,Foxhollow,North,17
18:59,1632,Silas,Innes,Emberfield,East,30
18:59,1909,Tobias,Sallow,Emberfield,West,26
18:59,1995,Timothy,Oakes,Nettlefold,South,33
18:59,2108,Jude,Fennell,Greyhaven,West,29
18:59,2132,Martha,Selby,Greyhaven,West,21
18:59,2142,Xavier,Moss,Elderbrook,East,6
18:59,2400,Isla,Pym,Kestrel Bay,East,12
18:59,2487,Vera,Tidwell,Emberfield,East,12
18:59,2562,Ethel,Mercer,Emberfield,South,10
18:59,2571,Ivy,Reeve,Emberfield,East,16
18:59,3687,Dolly,Tyler,Hartwell,West,19
18:59,4050,Rosa,Sparrow,Brambleford,North,21
18:59,4074,Lionel,Trask,Emberfield,South,21
18:59,4124,Hazel,Ferrand,Ashcombe,East,10
18:59,4131,Clement,Pollard,Elderbrook,North,24
18:59,4351,Edie,Pinnock,Emberfield,South,9
18:59,4480,Lily,Warrender,Brambleford,North,9
18:59,4603,Rosa,Clay,Kestrel Bay,North,17
18:59,4680,Edith,Crane,Juniper Cross,East,5
18:59,4743,Bertie,Birch,Juniper Cross,West,10
18:59,4771,Joan,Glass,Emberfield,North,5
18:59,4852,Hilda,Sheppard,Kestrel Bay,West,9
18:59,4867,Iris,Yardley,Marrowby,West,32
18:59,5082,Cora,Gray,Emberfield,East,22
18:59,5320,Teddy,Starling,Emberfield,West,15
18:59,5368,Arthur,Jenner,Emberfield,East,8
18:59,5399,Archie,Penny,Emberfield,East,9
18:59,5647,Esther,Perrin,Juniper Cross,West,18
18:59,5810,Hilda,Russell,Kestrel Bay,East,12
18:59,5955,Ivor,Venning,Emberfield,North,5
19:00,0049,Leonard,Hale,Oakhurst,North,16
19:00,0077,Molly,Rainer,Sloe Green,East,35
19:00,0471,Elsie,Hobbs,Elderbrook,East,34
19:00,0831,Clement,Grange,Juniper Cross,South,20
19:00,0888,Dorothy,Oakes,Greyhaven,West,19
19:00,0911,Evelyn,Bennett,Brambleford,West,33
19:00,0941,Celia,Gibbs,Greyhaven,West,2
19:00,0978,Jasper,Ainsley,Emberfield,North,36
19:00,1076,Lena,Hendry,Kestrel Bay,North,27
19:00,1095,Sadie,Rainer,Foxhollow,West,35
19:00,1185,Joan,Pryce,Kestrel Bay,South,27
19:00,1550,Alice,Crane,Kestrel Bay,North,8
19:00,1667,Evelyn,Penny,Ashcombe,North,2
19:00,2179,Enid,Abbott,Ashcombe,South,12
19:00,2326,Clement,Brook,Emberfield,North,5
19:00,2535,Ralph,Walker,Elderbrook,South,3
19:00,2929,Lily,Platt,Oakhurst,East,23
19:00,3198,Harold,Dennett,Sloe Green,South,35
19:00,3255,Edie,Webb,Sloe Green,East,17
19:00,3414,Myrtle,Blackwood,Kestrel Bay,West,26
19:00,3418,Leonard,Wells,Hartwell,West,10
19:00,3463,Nell,Birch,Hartwell,North,28
19:00,3541,Evelyn,Hartley,Foxhollow,East,26
19:00,3626,Jasper,Thatcher,Emberfield,East,24
19:00,3721,Jasper,Wheeler,Greyhaven,South,2
19:00,3751,Cyril,Terrell,Sloe Green,North,17
19:00,3777,Harriet,Scott,Emberfield,East,8
19:00,3838,Edie,Jenner,Greyhaven,West,20
19:00,4073,Jude,Gray,Dunmoor,East,23
19:00,4648,Maud,Oakes,Emberfield,West,32
19:00,4914,Freda,Elwood,Pennywick,East,14
19:00,5046,Florence,Kerrigan,Foxhollow,North,19
19:00,5311,Silas,Hurst,Kestrel Bay,South,15
19:00,5353,Lily,Linnell,Foxhollow,East,24
19:00,5454,Winnie,Jarrett,Emberfield,West,1
19:00,5741,Florence,Sparrow,Emberfield,West,20
19:01,0236,Ralph,Kemp,Ashcombe,North,35
19:01,0311,Zelda,Pettit,Juniper Cross,West,18
19:01,0616,Arthur,Kettle,Juniper Cross,North,35
19:01,0763,Rhoda,Warrender,Dunmoor,South,34
19:01,0801,Harvey,Yeoman,Sloe Green,West,24
19:01,0806,Cecil,Harker,Oakhurst,North,3
19:01,0936,Ottilie,Winnard,Oakhurst,East,26
19:01,1145,Ray,Fell,Oakhurst,North,8
19:01,1538,Beatrix,Kerrigan,Emberfield,North,11
19:01,1579,Frances,Russell,Greyhaven,East,30
19:01,1907,Hilda,Quill,Ashcombe,North,10
19:01,2204,Dorothy,Starling,Elderbrook,West,6
19:01,2314,Phoebe,Tinsley,Hartwell,West,16
19:01,2350,Ernest,Reeve,Oakhurst,North,28
19:01,2462,Imogen,Drake,Emberfield,North,5
19:01,2785,Phoebe,Hartley,Emberfield,East,33
19:01,3685,Greta,Trask,Foxhollow,West,34
19:01,3819,Clement,Cobb,Nettlefold,West,28
19:01,3844,Hugo,Lennard,Juniper Cross,North,11
19:01,4008,Ivor,Hill,Marrowby,West,18
19:01,4061,Rowena,Varley,Emberfield,North,16
19:01,4269,Winnie,Copper,Elderbrook,North,8
19:01,4454,Hilda,Tully,Emberfield,West,13
19:01,4490,Edmund,Winnard,Ashcombe,North,7
19:01,4533,Muriel,Whitt,Foxhollow,West,29
19:01,4671,Martha,Wren,Nettlefold,North,4
19:01,4800,Freda,Tennyson,Hartwell,North,2
19:01,5096,Kit,Venning,Nettlefold,West,31
19:01,5249,Abigail,Glass,Emberfield,South,14
19:01,5502,Sidney,Innes,Juniper Cross,North,5
19:01,5545,Hilda,Vesey,Dunmoor,West,11
19:01,5617,Poppy,Hartley,Emberfield,West,21
19:02,0031,Elsie,Brett,Dunmoor,North,4
19:02,0161,Molly,Moss,Sloe Green,West,4
19:02,0364,Esther,Sallow,Emberfield,South,22
19:02,0374,Annie,Pennell,Foxhollow,West,13
19:02,0708,Joan,Varley,Dunmoor,West,26
19:02,0772,Hazel,Darrow,Marrowby,North,5
19:02,0791,Hazel,Nash,Emberfield,South,11
19:02,0835,Clara,Barrett,Ashcombe,South,1
19:02,0879,Muriel,Hazell,Dunmoor,East,27
19:02,0991,Quentin,Mayhew,Copperwell,South,16
19:02,1246,Esther,Hurst,Emberfield,North,32
19:02,1318,Lena,Tanner,Marrowby,South,35
19:02,1564,Cora,Hurst,Emberfield,North,18
19:02,1683,Daisy,Dell,Ashcombe,West,10
19:02,1684,Maisie,Miller,Dunmoor,South,17
19:02,2034,Audrey,Pettit,Oakhurst,East,20
19:02,2126,Ivy,Bramwell,Oakhurst,East,17
19:02,2213,Gwen,Jarrett,Sloe Green,North,11
19:02,2425,Kit,Hobbs,Kestrel Bay,South,10
19:02,2563,Cyril,Hartley,Emberfield,North,12
19:02,2946,Zelda,Harker,Hartwell,South,25
19:02,3163,Milo,Ellery,Pennywick,East,30
19:02,3573,Rosa,Pryce,Oakhurst,North,26
19:02,3686,Sadie,Walker,Ashcombe,West,13
19:02,3740,Isla,Pettit,Dunmoor,North,32
19:02,3907,Xavier,Sykes,Emberfield,West,19
19:02,4032,Nell,Brett,Foxhollow,West,32
19:02,4083,Lily,Reeve,Copperwell,West,15
19:02,4211,Martha,Oakes,Ashcombe,East,19
19:02,5036,Cyril,Lynn,Hartwell,West,6
19:02,5144,Kit,Starling,Elderbrook,West,10
19:02,5306,Dolly,Innes,Ashcombe,South,3
19:02,5438,Joan,Blackwood,Emberfield,East,35
19:02,5622,Henry,Grange,Juniper Cross,North,14
19:02,5823,Frances,Mallet,Greyhaven,South,6
19:02,5837,Edie,Tuck,Hartwell,West,23
19:02,5845,Bertie,Lark,Dunmoor,East,32
19:02,5931,Alfred,Scott,Copperwell,West,31
19:03,0015,Mabel,Hadley,Pennywick,South,27
19:03,0067,Lily,Finch,Foxhollow,West,19
19:03,0088,Xavier,Teller,Copperwell,East,15
19:03,0496,Rupert,Carver,Greyhaven,North,2
19:03,0719,Maud,Tebbutt,Emberfield,North,32
19:03,1007,Elsie,Barrow,Marrowby,West,26
19:03,1321,Ida,Yardley,Copperwell,West,1
19:03,1412,Thea,Sallow,Copperwell,North,8
19:03,1463,Winnie,Sallow,Emberfield,North,33
19:03,1508,Enid,Tully,Copperwell,West,32
19:03,1553,Quentin,Tennyson,Brambleford,West,10
19:03,1870,Pip,Thatcher,Nettlefold,North,24
19:03,1893,Joan,Penny,Emberfield,East,29
19:03,2001,Enid,Varley,Emberfield,East,11
19:03,2141,Barnaby,Pinnock,Dunmoor,North,16
19:03,2219,Xavier,Grange,Emberfield,East,2
19:03,2269,Ray,Crane,Emberfield,North,15
19:03,2303,Silas,Brook,Brambleford,East,27
19:03,2376,Archie,Grange,Foxhollow,North,36
19:03,2514,Ralph,Grange,Brambleford,South,22
19:03,2578,Bella,Teller,Emberfield,West,4
19:03,2943,Sidney,Starling,Marrowby,North,29
19:03,3059,Percy,Miller,Elderbrook,South,3
19:03,3212,Henry,Chandler,Emberfield,West,28
19:03,3400,Frances,Hazell,Ashcombe,North,31
19:03,3498,Bella,Hill,Brambleford,North,30
19:03,3698,Abigail,Walker,Dunmoor,West,12
19:03,3703,Phoebe,Parrish,Emberfield,South,33
19:03,3842,Clement,Yardley,Emberfield,East,24
19:03,3967,Ruth,Linnell,Greyhaven,West,27
19:03,4047,Dora,Carver,Oakhurst,North,25
19:03,4233,Edie,Nash,Sloe Green,North,25
19:03,4524,Ivy,Scott,Brambleford,North,5
19:03,4635,Harriet,Pettit,Kestrel Bay,West,24
19:03,4827,Celia,Venning,Pennywick,North,17
19:03,5269,Stella,Linnell,Sloe Green,South,3
19:03,5386,Esther,Kemp,Emberfield,North,16
19:03,5401,Dorothy,Hartley,Hartwell,North,4
19:03,5405,Thea,Hill,Elderbrook,East,13
19:03,5674,Monty,Webb,Copperwell,North,4
19:03,5979,Una,Nuttall,Sloe Green,North,5
19:04,0017,Ralph,Yardley,Kestrel Bay,North,17
19:04,0022,Harvey,Pryce,Emberfield,South,1
19:04,0332,Phoebe,Pinnock,Brambleford,East,11
19:04,0341,Wilfred,Sellers,Marrowby,South,24
19:04,0421,Alice,Bennett,Copperwell,North,34
19:04,0465,Sybil,Teller,Sloe Green,East,31
19:04,0617,Otto,Brett,Nettlefold,East,32
19:04,1247,Mabel,Hazell,Brambleford,East,8
19:04,1255,Audrey,Barrett,Pennywick,East,3
19:04,2012,Arthur,Darrow,Emberfield,South,36
19:04,2178,Albert,Kennett,Emberfield,West,24
19:04,2579,Thea,Ainsley,Emberfield,North,21
19:04,2892,Nell,Walker,Emberfield,South,35
19:04,3056,Alice,Hazell,Marrowby,East,9
19:04,3666,Lily,Gull,Foxhollow,West,11
19:04,3795,Gwen,Merritt,Juniper Cross,East,23
19:04,3983,Evelyn,Whitt,Sloe Green,North,28
19:04,4013,Lily,Kennett,Brambleford,East,13
19:04,4283,Archie,Denny,Pennywick,East,1
19:04,4426,Monty,Rainer,Dunmoor,West,26
19:04,4781,Zelda,Kerrigan,Elderbrook,North,16
19:04,4790,Bella,Hendry,Emberfield,South,25
19:04,4828,Agnes,Terrell,Brambleford,North,29
19:04,4942,Ivor,Teller,Sloe Green,North,12
19:04,5051,Lydia,Tuck,Dunmoor,West,24
19:04,5397,Ralph,Thatcher,Brambleford,South,23
19:04,5922,Lottie,Yardley,Hartwell,South,12
19:05,0011,Stanley,Tidwell,Brambleford,West,28
19:05,0343,Cecil,Carver,Dunmoor,South,8
19:05,0566,Monty,Birch,Emberfield,North,26
19:05,0568,Mavis,Gray,Emberfield,East,23
19:05,0604,Muriel,Merritt,Emberfield,North,24
19:05,0683,Barnaby,Tidwell,Emberfield,South,34
19:05,0889,Rhoda,Crane,Oakhurst,West,7
19:05,1065,Fenella,Harrell,Ashcombe,West,22
19:05,1232,Edgar,Nash,Copperwell,South,24
19:05,1242,Rhoda,Wadding,Pennywick,West,31
19:05,1263,Mabel,Barrett,Copperwell,South,4
19:05,1335,Lydia,Brook,Emberfield,East,12
19:05,1594,Xavier,Innes,Emberfield,East,31
19:05,1637,Lottie,Kidd,Emberfield,South,27
19:05,1713,Clement,Dennett,Sloe Green,North,26
19:05,1737,Ruth,Brook,Foxhollow,North,24
19:05,1824,Clement,Cutler,Ashcombe,South,9
19:05,1871,Ernest,Tennyson,Greyhaven,North,25
19:05,1889,Percy,Lennard,Foxhollow,North,7
19:05,2286,Jude,Tyler,Nettlefold,East,3
19:05,2335,Josie,Thatcher,Nettlefold,South,18
19:05,2731,Bridget,Tennyson,Juniper Cross,East,26
19:05,2858,Ruth,Oakes,Sloe Green,West,8
19:05,3094,Mabel,Elwood,Nettlefold,East,31
19:05,3337,Isla,Pinnock,Emberfield,South,36
19:05,3633,Margot,Garnett,Foxhollow,North,22
19:05,3735,Agnes,Brett,Emberfield,North,29
19:05,3866,Xavier,Tidwell,Emberfield,South,35
19:05,3990,Stella,Vesey,Emberfield,South,21
19:05,4160,Percy,Hazell,Nettlefold,North,26
19:05,4491,Poppy,Hill,Kestrel Bay,East,17
19:05,5756,Timothy,Carver,Marrowby,North,8
19:05,5768,Amos,Lynn,Juniper Cross,West,6
19:06,0232,Lena,Kerrigan,Kestrel Bay,West,36
19:06,0323,Oscar,Cutler,Foxhollow,South,26
19:06,0326,Ernest,Hill,Dunmoor,North,9
19:06,0390,Bella,Garnett,Sloe Green,West,6
19:06,0591,Fenella,Keel,Brambleford,East,30
19:06,0722,Beatrix,Pollard,Dunmoor,North,24
19:06,1184,Ivor,Jarrett,Dunmoor,West,12
19:06,1805,Lottie,Kennett,Juniper Cross,West,15
19:06,1911,Albert,Farrell,Foxhollow,East,17
19:06,2041,Ned,Merritt,Ashcombe,North,28
19:06,2125,Ivor,Lytton,Brambleford,North,8
19:06,2144,Henry,Bell,Nettlefold,East,28
19:06,2674,Percy,Dunn,Marrowby,North,25
19:06,3208,Lena,Teller,Nettlefold,North,25
19:06,3245,Cora,Pennell,Ashcombe,North,5
19:06,3528,Henry,Hadley,Juniper Cross,North,1
19:06,3555,Winnie,Brook,Elderbrook,North,2
19:06,4307,Gilbert,Grange,Sloe Green,East,34
19:06,4623,Audrey,Tennyson,Emberfield,South,14
19:06,5317,Pip,Merritt,Nettlefold,East,30
19:06,5377,Mavis,Yardley,Emberfield,East,3
19:06,5389,Ivor,Warrender,Hartwell,West,3
19:06,5428,Greta,Sallow,Oakhurst,West,7
19:06,5468,Olive,Pollard,Ashcombe,North,1
19:06,5509,Clement,Yeoman,Dunmoor,North,3
19:06,5655,Lily,Fell,Brambleford,North,26
19:06,5749,Amos,Dell,Emberfield,West,5
19:06,5977,Stella,Crane,Juniper Cross,North,33
19:07,0068,Margot,Walker,Sloe Green,West,24
19:07,0079,Mavis,Winnard,Foxhollow,West,11
19:07,0149,Mabel,Terrell,Emberfield,West,24
19:07,0195,Ida,Pike,Copperwell,North,13
19:07,0211,Leonard,Burrows,Emberfield,West,6
19:07,0238,Hugo,Hurst,Juniper Cross,North,21
19:07,0422,Cora,Tuck,Hartwell,North,29
19:07,0472,Arthur,Brook,Dunmoor,South,20
19:07,0649,Edgar,Brett,Brambleford,North,32
19:07,0829,Jasper,Quill,Foxhollow,South,30
19:07,0988,Isla,Harrell,Copperwell,West,1
19:07,1267,Greta,Marsh,Elderbrook,North,23
19:07,1462,Wilfred,Yeoman,Kestrel Bay,South,6
19:07,2051,Dorothy,Winnard,Greyhaven,North,27
19:07,2062,Xavier,Yardley,Sloe Green,South,36
19:07,2329,Ivy,Selby,Emberfield,North,17
19:07,2372,Hilda,Kidd,Marrowby,South,36
19:07,2494,Una,Perrin,Elderbrook,West,30
19:07,3222,Oscar,Nuttall,Oakhurst,South,28
19:07,3313,Rupert,Drake,Foxhollow,South,26
19:07,3765,Archie,Fennell,Emberfield,South,23
19:07,3855,Ethel,Farrell,Pennywick,South,22
19:07,3919,Barnaby,Hale,Emberfield,North,15
19:07,3976,Alfred,Teller,Hartwell,South,11
19:07,4359,Cecil,Wadding,Copperwell,North,17
19:07,4610,Evelyn,Abbott,Greyhaven,West,28
19:07,4752,Una,Pym,Nettlefold,East,4
19:07,4921,Bella,Carver,Oakhurst,West,21
19:07,4950,Alice,Lark,Hartwell,East,31
19:07,5885,Violet,Fell,Sloe Green,North,24
19:08,0114,Mabel,Starling,Emberfield,East,14
19:08,0132,Cora,Cobb,Brambleford,North,2
19:08,0199,Bella,Brook,Dunmoor,West,16
19:08,0397,Quentin,Skerritt,Greyhaven,West,17
19:08,1105,Cecil,Abbott,Brambleford,North,29
19:08,1148,Agnes,Pryce,Hartwell,West,26
19:08,1306,Zelda,Linnell,Dunmoor,North,21
19:08,1839,Clement,Penny,Greyhaven,North,28
19:08,1960,Edith,Rainer,Pennywick,North,15
19:08,2150,Quentin,Perrin,Juniper Cross,West,29
19:08,2185,Rowena,Chandler,Oakhurst,West,22
19:08,2276,Ernest,Wadding,Copperwell,South,28
19:08,2313,Freda,Lynn,Greyhaven,East,9
19:08,2387,Ruth,Garnett,Ashcombe,North,26
19:08,2570,Una,Oakes,Kestrel Bay,West,16
19:08,3254,Rowena,Fell,Emberfield,North,21
19:08,3339,Jasper,Brook,Emberfield,West,20
19:08,3398,Frances,Selby,Emberfield,West,18
19:08,3793,Jasper,Rainer,Brambleford,North,20
19:08,3897,Joan,Tinsley,Emberfield,East,30
19:08,4140,Edgar,Drake,Dunmoor,South,9
19:08,4397,Bella,Drake,Juniper Cross,East,24
19:08,4415,Clara,Grange,Dunmoor,West,18
19:08,4546,Imogen,Miller,Ashcombe,South,7
19:08,4649,Lily,Nuttall,Elderbrook,South,14
19:08,4666,Molly,Pollard,Brambleford,North,35
19:08,4719,Harvey,Hollins,Emberfield,North,31
19:08,4811,Frances,Tennyson,Emberfield,North,35
19:08,4957,Iris,Hazell,Brambleford,South,23
19:08,5180,Henry,Tebbutt,Ashcombe,East,25
19:08,5266,Lionel,Kemp,Elderbrook,North,26
19:08,5418,Isla,Vesey,Foxhollow,West,1
19:08,5672,Lottie,Hobbs,Marrowby,East,9
19:08,5703,Leonard,Fennell,Dunmoor,West,20
19:09,0063,Pip,Gibbs,Foxhollow,West,4
19:09,0124,Monty,Tebbutt,Ashcombe,North,2
19:09,0601,Emily,Jarrett,Dunmoor,East,20
19:09,0635,Josie,Birch,Elderbrook,West,20
19:09,0793,Poppy,Pym,Emberfield,East,23
19:09,1191,Percy,Parrish,Juniper Cross,North,31
19:09,1249,Stella,Kennett,Oakhurst,West,32
19:09,1295,Ivor,Merritt,Sloe Green,North,18
19:09,1337,Tobias,Kemp,Brambleford,South,4
19:09,1392,Lottie,Hadley,Foxhollow,East,17
19:09,1614,Ada,Garnett,Juniper Cross,West,11
19:09,1655,Una,Lynn,Oakhurst,East,17
19:09,2158,Effie,Fell,Marrowby,East,24
19:09,2231,Martha,Parrish,Hartwell,North,12
19:09,2365,Wilfred,Brett,Foxhollow,South,11
19:09,3039,Ralph,Pettit,Kestrel Bay,East,31
19:09,3349,Barnaby,Hobbs,Copperwell,West,32
19:09,3427,Lena,Chandler,Juniper Cross,North,34
19:09,3449,Sidney,Dunn,Emberfield,North,10
19:09,4036,Jasper,Ferrand,Emberfield,West,12
19:09,4355,Greta,Blackwood,Pennywick,North,34
19:09,5105,Sybil,Neville,Emberfield,East,14
19:09,5322,Imogen,Hadley,Ashcombe,East,32
19:09,5495,Amos,Marsh,Sloe Green,West,36
19:09,5528,Hilda,Bennett,Pennywick,North,1
19:09,5571,Monty,Clay,Ashcombe,South,8
19:09,5633,Otto,Jewell,Brambleford,North,19
19:09,5706,Ida,Blackwood,Emberfield,East,4
19:09,5755,Cecil,Sykes,Emberfield,North,21
19:09,5833,Edgar,Bramwell,Nettlefold,West,14
19:09,5854,Tobias,Barrow,Sloe Green,East,30
19:09,5982,Edie,Kidd,Emberfield,West,25
19:10,0381,Rupert,Moss,Brambleford,East,27
19:10,0585,Lily,Kemp,Nettlefold,North,35
19:10,0758,Ivor,Quill,Juniper Cross,West,4
19:10,0778,Winnie,Yardley,Ashcombe,West,35
19:10,0804,Mavis,Platt,Nettlefold,East,18
19:10,1079,Alice,Nuttall,Emberfield,East,20
19:10,1390,Clara,Wadding,Emberfield,West,30
19:10,1711,Freda,Dennett,Kestrel Bay,North,2
19:10,2199,Arthur,Pike,Sloe Green,West,27
19:10,2361,Josie,Yeoman,Kestrel Bay,North,36
19:10,2420,Una,Hale,Nettlefold,South,17
19:10,2446,Vera,Wadding,Brambleford,West,34
19:10,2605,Bernard,Miller,Hartwell,South,18
19:10,2805,Fenella,Dell,Marrowby,East,33
19:10,2819,Lottie,Fennell,Nettlefold,North,8
19:10,3451,Bertie,Mallet,Ashcombe,North,13
19:10,3545,Olive,Harrell,Emberfield,East,26
19:10,3727,Lydia,Terrell,Emberfield,East,12
19:10,4232,Nell,Finch,Hartwell,South,20
19:10,4583,Edith,Bell,Marrowby,North,22
19:10,4722,Rhoda,Hale,Sloe Green,South,12
19:10,4750,Esther,Kettle,Sloe Green,East,32
19:10,4766,Silas,Platt,Emberfield,North,18
19:10,4809,Gwen,Carrell,Sloe Green,East,16
19:10,4848,Elsie,Harrell,Marrowby,East,12
19:10,4912,Cyril,Farrell,Hartwell,West,19
19:10,4973,Daisy,Keel,Emberfield,West,14
19:10,5056,Enid,Fell,Greyhaven,South,2
19:10,5262,Maud,Tinsley,Emberfield,East,29
19:10,5773,Cecil,Blackwood,Dunmoor,South,12
19:10,5841,Mavis,Ferrand,Copperwell,North,7
19:10,5897,Tobias,Terrell,Emberfield,South,32
19:11,0145,Joan,Gibbs,Ashcombe,West,33
19:11,0415,Zelda,Kemp,Dunmoor,South,17
19:11,0623,Josie,Lytton,Emberfield,East,2
19:11,0745,Amos,Harker,Greyhaven,North,18
19:11,0825,Sidney,Reeve,Nettlefold,North,11
19:11,1101,Celia,Yardley,Sloe Green,South,30
19:11,1144,Monty,Pym,Brambleford,South,17
19:11,1356,Ivor,Dell,Oakhurst,North,9
19:11,2068,Pip,Tyler,Foxhollow,North,31
19:11,2090,Amos,Sheppard,Emberfield,North,23
19:11,2442,Bernard,Crane,Foxhollow,East,33
19:11,2491,Elsie,Elwood,Foxhollow,East,12
19:11,2544,Emily,Carrell,Hartwell,East,14
19:11,2729,Lottie,Brook,Emberfield,West,1
19:11,2965,Una,Mercer,Emberfield,East,6
19:11,3112,Xavier,Abbott,Marrowby,North,8
19:11,3219,Jude,Pym,Sloe Green,West,36
19:11,3225,Florence,Scott,Dunmoor,South,36
19:11,3455,Pip,Clay,Brambleford,South,12
19:11,3620,Mabel,Jarrett,Copperwell,West,28
19:11,3829,Ivy,Harrell,Oakhurst,East,36
19:11,4544,Jude,Russell,Kestrel Bay,East,15
19:11,4597,Bernard,Hazell,Kestrel Bay,West,4
19:11,4985,Lionel,Tanner,Foxhollow,East,21
19:11,5609,Lionel,Oakes,Nettlefold,East,27
19:11,5956,Imogen,Lytton,Juniper Cross,West,17
19:12,0309,Greta,Hayward,Elderbrook,West,24
19:12,0387,Clement,Fell,Pennywick,West,21
19:12,0699,Rupert,Penny,Copperwell,West,15
19:12,0771,Mabel,Nash,Greyhaven,West,18
19:12,0834,Albert,Grange,Pennywick,East,9
19:12,1066,Harold,Sallow,Emberfield,North,8
19:12,1192,Tobias,Teller,Hartwell,North,14
19:12,1808,Fenella,Wrenn,Hartwell,South,10
19:12,2327,Rowena,Wrenn,Marrowby,South,28
19:12,2966,Percy,Ainsley,Emberfield,West,13
19:12,3299,Isla,Wadding,Nettlefold,West,33
19:12,3927,Lena,Warrender,Foxhollow,East,36
19:12,4147,Ernest,Hendry,Pennywick,East,15
19:12,4350,Effie,Finch,Pennywick,South,12
19:12,4565,Jasper,Carrell,Elderbrook,East,36
19:12,4702,Gilbert,Neville,Greyhaven,East,15
19:12,4761,Olive,Kerrigan,Emberfield,North,16
19:12,5054,Celia,Ellery,Ashcombe,North,12
19:12,5402,Evelyn,Glass,Dunmoor,North,35
19:12,5608,Esther,Harrell,Kestrel Bay,East,36
19:12,5875,Percy,Kidd,Sloe Green,South,18
19:13,0433,Ada,Kennett,Pennywick,North,6
19:13,0524,Iris,Copper,Kestrel Bay,South,23
19:13,0590,Fenella,Hartley,Emberfield,West,31
19:13,0777,Cecil,Nash,Dunmoor,South,16
19:13,0959,Edith,Walker,Ashcombe,North,5
19:13,1096,Daisy,Lennard,Kestrel Bay,West,25
19:13,1115,Stella,Nash,Ashcombe,East,35
19:13,1425,Lottie,Harker,Ashcombe,North,36
19:13,1666,Cyril,Perrin,Ashcombe,South,22
19:13,1722,Gwen,Tidwell,Pennywick,East,29
19:13,1769,Albert,Trask,Emberfield,South,28
19:13,1903,Ernest,Farrell,Ashcombe,North,16
19:13,2315,Myrtle,Clay,Oakhurst,North,19
19:13,2409,Timothy,Reeve,Emberfield,East,20
19:13,2719,Evelyn,Hazell,Hartwell,West,11
19:13,2723,Abigail,Kennett,Nettlefold,North,35
19:13,2751,Bernard,Wheeler,Emberfield,West,18
19:13,2792,Ernest,Glass,Greyhaven,North,28
19:13,2853,Jude,Tuck,Foxhollow,West,34
19:13,3317,Clement,Tebbutt,Brambleford,West,9
19:13,3364,Abigail,Farrell,Sloe Green,South,12
19:13,3585,Olive,Barrett,Copperwell,West,7
19:13,3985,Edmund,Teller,Copperwell,North,4
19:13,4235,Stella,Drake,Emberfield,West,8
19:13,4254,Kit,Finch,Dunmoor,South,11
19:13,4399,Maisie,Rainer,Dunmoor,West,1
19:13,4404,Vera,Barrow,Foxhollow,East,20
19:13,4589,Teddy,Minns,Juniper Cross,East,32
19:13,4849,Poppy,Farrell,Nettlefold,North,34
19:13,5034,Rhoda,Scott,Pennywick,West,28
19:13,5151,Ray,Dunn,Juniper Cross,South,6
19:13,5936,Martha,Gull,Emberfield,East,17
19:13,5960,Pip,Moss,Foxhollow,South,27
19:13,5980,Albert,Venning,Pennywick,South,25
19:14,0042,Wilfred,Starling,Brambleford,North,21
19:14,0128,Harvey,Clay,Greyhaven,West,20
19:14,0229,Myrtle,Russell,Emberfield,West,11
19:14,0360,Dolly,Bell,Emberfield,North,21
19:14,0493,Teddy,Jarrett,Ashcombe,South,36
19:14,0549,Stella,Yardley,Juniper Cross,West,4
19:14,0607,Ivy,Tully,Greyhaven,West,33
19:14,0647,Margot,Scott,Dunmoor,North,5
19:14,0711,Imogen,Birch,Emberfield,North,27
19:14,0728,Molly,Innes,Pennywick,South,33
19:14,0910,Beatrix,Parrish,Marrowby,South,4
19:14,1044,Dora,Pym,Dunmoor,North,26
19:14,1332,Elsie,Wheeler,Emberfield,South,13
19:14,1455,Xavier,Kerrigan,Ashcombe,West,7
19:14,1665,Ivor,Skerritt,Emberfield,West,25
19:14,1761,Edith,Wells,Emberfield,West,12
19:14,2009,Zelda,Nuttall,Emberfield,East,20
19:14,2058,Evelyn,Minns,Emberfield,South,20
19:14,2091,Arthur,Sellers,Dunmoor,West,33
19:14,2408,Sybil,Starling,Emberfield,West,24
19:14,2541,Edith,Dell,Ashcombe,West,3
19:14,2614,Nora,Thatcher,Marrowby,South,20
19:14,3390,Alfred,Bennett,Greyhaven,East,34
19:14,3402,Amos,Hobbs,Sloe Green,East,9
19:14,3428,Harold,Thatcher,Emberfield,North,19
19:14,3479,Lydia,Gray,Kestrel Bay,West,35
19:14,3586,Florence,Lennard,Brambleford,East,17
19:14,3587,Iris,Venning,Marrowby,West,30
19:14,3639,Minnie,Clay,Brambleford,North,29
19:14,3674,Ralph,Minns,Emberfield,South,20
19:14,3690,Maisie,Starling,Brambleford,North,3
19:14,3941,Gilbert,Pinnock,Nettlefold,West,23
19:14,3970,Ethel,Thatcher,Emberfield,West,21
19:14,4082,Minnie,Finch,Emberfield,North,4
19:14,4336,Otto,Grange,Emberfield,North,13
19:14,4428,Isla,Pollard,Emberfield,North,31
19:14,4677,Rosa,Whitt,Brambleford,South,10
19:14,4817,Jasper,Wren,Emberfield,North,20
19:14,4835,Lily,Thackery,Marrowby,East,14
19:14,4932,Bernard,Ainsley,Ashcombe,North,26
19:14,4964,Daisy,Tebbutt,Elderbrook,East,30
19:14,5246,Edgar,Tuck,Ashcombe,South,14
19:14,5775,Ernest,Thackery,Foxhollow,North,6
19:14,5839,Fenella,Brook,Marrowby,West,8
19:14,5997,Mavis,Innes,Sloe Green,South,17
19:15,0317,Ruth,Hollins,Emberfield,West,15
19:15,0569,Henry,Ellery,Kestrel Bay,West,7
19:15,0627,Mavis,Teller,Marrowby,West,6
19:15,0648,Rupert,Carrell,Emberfield,West,2
19:15,1003,Sadie,Hadley,Dunmoor,South,1
19:15,1029,Hazel,Crane,Brambleford,South,2
19:15,1250,Lydia,Barrow,Brambleford,East,13
19:15,1300,Otto,Fennell,Kestrel Bay,North,35
19:15,1348,Effie,Wheeler,Hartwell,North,20
19:15,1671,Archie,Vesey,Emberfield,South,34
19:15,1963,Monty,Jewell,Brambleford,North,5
19:15,2759,Jasper,Pryce,Brambleford,West,26
19:15,2816,Daisy,Skerritt,Elderbrook,South,2
19:15,2831,Violet,Pym,Nettlefold,South,34
19:15,3002,Stanley,Winnard,Emberfield,North,14
19:15,3145,Ruth,Carrell,Emberfield,West,6
19:15,3354,Edgar,Innes,Ashcombe,South,17
19:15,3423,Hilda,Keel,Dunmoor,West,5
19:15,3789,Dora,Gray,Copperwell,West,7
19:15,3964,Rupert,Blackwood,Emberfield,East,35
19:15,4225,Violet,Tinsley,Dunmoor,West,2
19:15,4262,Ernest,Marsh,Emberfield,North,29
19:15,4341,Sybil,Yeoman,Marrowby,East,2
19:15,4418,Xavier,Ferrand,Emberfield,East,10
19:15,4746,Molly,Wren,Copperwell,South,6
19:15,4795,Daisy,Winnard,Emberfield,South,3
19:15,4925,Joan,Tennyson,Marrowby,East,29
19:15,5411,Enid,Sykes,Juniper Cross,East,4
19:15,5682,Sadie,Ellery,Kestrel Bay,South,34
19:15,5917,Lydia,Miller,Emberfield,South,20
19:15,5968,Mabel,Tinsley,Emberfield,West,3
19:16,0153,Sadie,Wells,Emberfield,South,10
19:16,0292,Xavier,Walker,Brambleford,West,28
19:16,0562,Sidney,Barrow,Emberfield,East,2
19:16,0665,Silas,Wells,Pennywick,East,28
19:16,1244,Tobias,Burrows,Emberfield,North,30
19:16,1820,Otto,Whitt,Elderbrook,North,18
19:16,2099,Bella,Oakes,Marrowby,South,30
19:16,2112,Ottilie,Warrender,Elderbrook,West,18
19:16,2397,Hilda,Dennett,Brambleford,South,22
19:16,3106,Greta,Pike,Elderbrook,North,23
19:16,3367,Ernest,Lynn,Nettlefold,West,26
19:16,3469,Frances,Blackwood,Dunmoor,South,28
19:16,3652,Gilbert,Wren,Oakhurst,South,3
19:16,3681,Imogen,Tully,Emberfield,North,19
19:16,4205,Joan,Hill,Pennywick,West,18
19:16,4338,Ida,Hayward,Emberfield,North,15
19:16,4729,Ottilie,Barrett,Foxhollow,North,34
19:16,4808,Lionel,Barrett,Foxhollow,West,33
19:16,4858,Lena,Gull,Dunmoor,East,34
19:16,5427,Martha,Kettle,Brambleford,East,10
19:16,5692,Barnaby,Marsh,Emberfield,South,29
19:17,0094,Josie,Thackery,Dunmoor,South,11
19:17,0459,Emily,Finch,Marrowby,North,3
19:17,1059,Archie,Tyler,Oakhurst,North,1
19:17,1354,Iris,Parrish,Foxhollow,East,19
19:17,1411,Audrey,Tidwell,Emberfield,East,18
19:17,1578,Martha,Ellery,Brambleford,East,3
19:17,1818,Mabel,Hendry,Emberfield,North,33
19:17,1838,Joan,Warrender,Emberfield,North,33
19:17,1924,Sybil,Yardley,Dunmoor,East,17
19:17,1935,Lena,Minns,Emberfield,North,17
19:17,2184,Elsie,Marsh,Sloe Green,South,36
19:17,2691,Jasper,Dennett,Sloe Green,East,32
19:17,2983,Violet,Kennett,Copperwell,East,7
19:17,2999,Freda,Fennell,Emberfield,North,34
19:17,3165,Harold,Penny,Pennywick,South,4
19:17,3305,Lena,Quill,Greyhaven,North,6
19:17,3488,Teddy,Thackery,Emberfield,South,1
19:17,3544,Freda,Vesey,Emberfield,South,31
19:17,4402,Ivy,Jewell,Marrowby,North,26
19:17,4780,Gwen,Mayhew,Marrowby,South,5
19:17,4872,Florence,Bell,Dunmoor,North,9
19:17,5270,Emily,Parrish,Emberfield,South,9
19:17,5329,Agnes,Linnell,Hartwell,South,24
19:17,5477,Una,Venning,Kestrel Bay,East,18
19:17,5592,Arthur,Cutler,Kestrel Bay,South,24
19:17,5729,Dora,Fell,Kestrel Bay,East,15
19:17,5958,Harriet,Chandler,Marrowby,South,2
19:18,0034,Ottilie,Cobb,Greyhaven,West,11
19:18,0046,Una,Lennard,Juniper Cross,West,12
19:18,0166,Ethel,Fell,Emberfield,North,23
19:18,0237,Violet,Gibbs,Oakhurst,North,33
19:18,0244,Clement,Mercer,Oakhurst,North,5
19:18,0351,Thea,Barrow,Greyhaven,South,27
19:18,0373,Rupert,Hartley,Elderbrook,East,36
19:18,0513,Thea,Pike,Hartwell,North,34
19:18,0876,Wilfred,Skerritt,Greyhaven,South,28
19:18,1100,Ivy,Sellers,Sloe Green,West,30
19:18,1121,Leonard,Tidwell,Kestrel Bay,West,13
19:18,1334,Abigail,Birch,Emberfield,North,4
19:18,2210,Pip,Wells,Greyhaven,North,31
19:18,2445,Phoebe,Thatcher,Foxhollow,South,3
19:18,2549,Thea,Lytton,Pennywick,South,10
19:18,2559,Wilfred,Mercer,Elderbrook,South,9
19:18,2701,Jasper,Garnett,Pennywick,West,22
19:18,2742,Clement,Parrish,Elderbrook,East,17
19:18,2784,Pip,Fell,Greyhaven,West,3
19:18,3247,Emily,Neville,Greyhaven,South,13
19:18,3540,Edie,Brett,Pennywick,East,8
19:18,3800,Una,Hartley,Emberfield,South,26
19:18,3828,Ada,Walker,Pennywick,East,14
19:18,3901,Thea,Oakes,Emberfield,East,6
19:18,3928,Stanley,Crane,Oakhurst,North,2
19:18,4163,Minnie,Glass,Copperwell,South,4
19:18,4510,Joan,Hurst,Ashcombe,East,24
19:18,4624,Minnie,Sparrow,Emberfield,South,24
19:18,5093,Daisy,Dennett,Greyhaven,South,2
19:18,5132,Edith,Venning,Hartwell,East,14
19:18,5152,Henry,Brett,Sloe Green,West,1
19:18,5209,Elsie,Hollins,Emberfield,West,13
19:18,5264,Ernest,Gray,Emberfield,North,1
19:18,5421,Maud,Cobb,Marrowby,South,20
19:18,5493,Bella,Blackwood,Copperwell,South,30
19:18,5723,Mabel,Tully,Emberfield,East,12
19:18,5842,Abigail,Nash,Kestrel Bay,North,1
19:18,5865,Greta,Pinnock,Emberfield,East,14
19:18,5886,Celia,Hendry,Emberfield,North,18
19:18,5888,Isla,Brook,Pennywick,North,26
19:18,5908,Bridget,Elwood,Pennywick,West,32
19:18,5990,Ivy,Linnell,Emberfield,West,33
19:19,0105,Cyril,Barrett,Brambleford,West,31
19:19,0316,Bernard,Innes,Foxhollow,East,8
19:19,0353,Greta,Lennard,Sloe Green,North,7
19:19,0880,Gilbert,Barrow,Marrowby,North,7
19:19,0906,Timothy,Yardley,Brambleford,West,5
19:19,0946,Celia,Mallet,Ashcombe,North,19
19:19,1413,Greta,Merritt,Elderbrook,North,13
19:19,1419,Fenella,Webb,Pennywick,South,18
19:19,2027,Phoebe,Lark,Marrowby,West,6
19:19,2102,Effie,Tanner,Greyhaven,North,17
19:19,2343,Ivy,Pike,Copperwell,West,22
19:19,2505,Esther,Clay,Foxhollow,South,30
19:19,3032,Beatrix,Sparrow,Nettlefold,North,32
19:19,3033,Milo,Tully,Foxhollow,North,1
19:19,3129,Iris,Thatcher,Dunmoor,East,34
19:19,3135,Margot,Kerrigan,Dunmoor,North,7
19:19,3306,Bella,Tully,Emberfield,West,26
19:19,3504,Stella,Gull,Sloe Green,East,11
19:19,3742,Dolly,Tidwell,Emberfield,North,30
19:19,3809,Oscar,Denny,Dunmoor,North,21
19:19,4067,Rhoda,Hazell,Pennywick,North,27
19:19,4316,Hazel,Vesey,Hartwell,North,6
19:19,5343,Wilfred,Hurst,Emberfield,West,34
19:19,5481,Ralph,Yeoman,Hartwell,West,5
19:19,5607,Ruth,Perrin,Kestrel Bay,East,33
19:19,5612,Silas,Teller,Sloe Green,North,15
19:19,5635,Rosa,Fell,Greyhaven,South,33
19:19,5639,Margot,Hartley,Brambleford,North,36
19:19,5728,Ottilie,Hartley,Greyhaven,North,10
19:19,5940,Greta,Elwood,Ashcombe,North,25
19:20,0133,Ray,Hendry,Ashcombe,East,11
19:20,0377,Audrey,Elwood,Hartwell,South,10
19:20,0501,Lottie,Glass,Copperwell,South,35
19:20,0544,Elsie,Lytton,Oakhurst,South,13
19:20,0584,Lydia,Blackwood,Foxhollow,North,19
19:20,0927,Ivor,Grange,Oakhurst,South,19
19:20,1819,Rhoda,Platt,Copperwell,North,8
19:20,1920,Alfred,Hill,Emberfield,East,35
19:20,2070,Kit,Tanner,Marrowby,East,20
19:20,2085,Annie,Varley,Emberfield,North,33
19:20,2087,Jasper,Birch,Foxhollow,South,29
19:20,2230,Ida,Mayhew,Marrowby,North,6
19:20,2240,Edie,Yeoman,Emberfield,East,1
19:20,2299,Edith,Whitt,Sloe Green,West,36
19:20,2347,Bella,Lytton,Oakhurst,North,1
19:20,2352,Cora,Hendry,Dunmoor,South,34
19:20,2382,Nora,Jenner,Brambleford,South,3
19:20,3137,Arthur,Gray,Pennywick,North,12
19:20,3244,Bridget,Lennard,Emberfield,South,20
19:20,3286,Kit,Quill,Kestrel Bay,West,11
19:20,3459,Xavier,Carver,Emberfield,East,15
19:20,3951,Quentin,Pym,Emberfield,North,4
19:20,3952,Sybil,Tanner,Pennywick,South,9
19:20,4004,Elsie,Finch,Dunmoor,North,32
19:20,4248,Lily,Drake,Emberfield,East,18
19:20,4423,Emily,Gull,Ashcombe,West,8
19:20,5167,Ray,Gull,Emberfield,South,34
19:20,5507,Mabel,Mallet,Hartwell,West,32
19:20,5714,Ida,Darrow,Emberfield,West,32
19:20,5881,Nell,Crane,Brambleford,South,21
19:21,0314,Fenella,Miller,Brambleford,West,13
19:21,0392,Ernest,Kemp,Foxhollow,South,30
19:21,0476,Lionel,Winnard,Emberfield,West,7
19:21,0492,Bertie,Crane,Emberfield,North,4
19:21,0670,Zelda,Fell,Foxhollow,East,5
19:21,0695,Otto,Winnard,Kestrel Bay,West,30
19:21,0789,Barnaby,Brook,Copperwell,East,14
19:21,0905,Kit,Fell,Greyhaven,North,26
19:21,0926,Sidney,Ellery,Ashcombe,South,21
19:21,1358,Agnes,Barrow,Nettlefold,West,33
19:21,1540,Cora,Thatcher,Kestrel Bay,North,36
19:21,2369,Una,Kettle,Dunmoor,East,34
19:21,2634,Sybil,Jarrett,Elderbrook,North,22
19:21,2839,Edie,Gray,Copperwell,West,11
19:21,3424,Oscar,Ainsley,Dunmoor,North,25
19:21,3552,Jasper,Wrenn,Elderbrook,North,36
19:21,3710,Stella,Starling,Dunmoor,North,34
19:21,4161,Clara,Reeve,Oakhurst,South,28
19:21,4177,Phoebe,Dennett,Sloe Green,West,21
19:21,4215,Dorothy,Innes,Emberfield,West,9
19:21,4334,Oscar,Parrish,Oakhurst,South,20
19:21,4853,Ernest,Jenner,Greyhaven,North,31
19:21,4911,Bernard,Lynn,Pennywick,East,2
19:21,4960,Isla,Mercer,Oakhurst,West,15
19:21,5230,Wilfred,Selby,Dunmoor,North,26
19:21,5400,Bella,Kerrigan,Dunmoor,West,28
19:21,5567,Isla,Cutler,Ashcombe,West,14
19:21,5664,Elsie,Hadley,Emberfield,North,26
19:21,5670,Wilfred,Wrenn,Emberfield,South,27
19:21,5694,Teddy,Ferrand,Copperwell,South,22
19:21,5745,Edmund,Scott,Hartwell,North,19
19:22,0069,Gilbert,Tidwell,Kestrel Bay,West,15
19:22,0102,Ned,Tyler,Dunmoor,West,24
19:22,0448,Molly,Tidwell,Marrowby,North,36
19:22,0698,Nora,Barrett,Emberfield,West,21
19:22,0898,Leonard,Sheppard,Emberfield,South,15
19:22,1830,Arthur,Denny,Marrowby,East,31
19:22,2154,Isla,Goodall,Marrowby,North,25
19:22,2297,Josie,Minns,Dunmoor,South,33
19:22,2308,Pip,Russell,Juniper Cross,South,7
19:22,2486,Minnie,Scott,Emberfield,East,6
19:22,2687,Mavis,Vesey,Copperwell,North,13
19:22,2883,Joan,Hendry,Oakhurst,South,9
19:22,2932,Ernest,Crane,Emberfield,North,19
19:22,3072,Percy,Wren,Emberfield,West,14
19:22,3304,Celia,Ferrand,Emberfield,East,19
19:22,3415,Hilda,Mayhew,Marrowby,North,23
19:22,3433,Emily,Russell,Emberfield,East,8
19:22,3509,Minnie,Denny,Greyhaven,South,3
19:22,3769,Lottie,Skerritt,Hartwell,East,8
19:22,4048,Bridget,Blackwood,Hartwell,South,9
19:22,4427,Hazel,Hobbs,Oakhurst,West,32
19:22,4645,Ada,Lennard,Oakhurst,South,3
19:22,4751,Sybil,Skerritt,Dunmoor,West,23
19:22,4948,Mabel,Blackwood,Brambleford,North,36
19:22,5010,Esther,Pettit,Brambleford,West,13
19:22,5037,Elsie,Ferrand,Foxhollow,West,36
19:22,5229,Ray,Darrow,Juniper Cross,North,22
19:22,5273,Effie,Denny,Elderbrook,North,13
19:22,5369,Olive,Tennyson,Emberfield,West,33
19:22,5484,Elsie,Pinnock,Hartwell,North,3
19:22,5536,Josie,Tanner,Emberfield,South,27
19:22,5561,Cyril,Tinsley,Greyhaven,North,13
19:23,0424,Lottie,Garnett,Sloe Green,East,17
19:23,0464,Dora,Yeoman,Emberfield,North,17
19:23,0558,Pip,Dell,Oakhurst,West,13
19:23,0602,Monty,Elwood,Marrowby,South,27
19:23,0690,Minnie,Jenner,Greyhaven,West,27
19:23,0968,Dora,Elwood,Emberfield,West,10
19:23,1207,Dorothy,Carrell,Marrowby,South,31
19:23,1400,Nora,Hollins,Marrowby,North,24
19:23,1467,Edgar,Finch,Brambleford,South,9
19:23,2337,Jude,Sallow,Emberfield,East,2
19:23,2515,Sidney,Grange,Dunmoor,North,18
19:23,3051,Daisy,Thatcher,Emberfield,West,30
19:23,3119,Edmund,Keel,Oakhurst,North,23
19:23,3185,Margot,Harrell,Nettlefold,North,27
19:23,3272,Monty,Kennett,Greyhaven,North,1
19:23,3357,Imogen,Hurst,Juniper Cross,South,12
19:23,3512,Harold,Varley,Dunmoor,West,1
19:23,3536,Harvey,Tully,Sloe Green,East,26
19:23,3599,Joan,Tebbutt,Emberfield,West,12
19:23,3628,Violet,Dennett,Sloe Green,North,23
19:23,3646,Alice,Pettit,Emberfield,West,16
19:23,3857,Hazel,Russell,Marrowby,South,22
19:23,4400,Abigail,Wheeler,Foxhollow,North,23
19:23,4512,Josie,Gibbs,Emberfield,West,14
19:23,4531,Annie,Abbott,Ashcombe,North,36
19:23,4814,Ethel,Tebbutt,Dunmoor,South,11
19:23,5039,Xavier,Burrows,Pennywick,East,11
19:23,5348,Sidney,Bennett,Emberfield,North,15
19:23,5470,Florence,Lark,Kestrel Bay,West,14
19:23,5938,Winnie,Ferrand,Ashcombe,East,2
19:23,5986,Archie,Barrett,Pennywick,South,20
19:24,0050,Edmund,Lynn,Foxhollow,West,16
19:24,0318,Joan,Chandler,Kestrel Bay,South,20
19:24,0331,Harvey,Crane,Emberfield,East,5
19:24,0462,Harvey,Kemp,Kestrel Bay,West,27
19:24,0481,Lily,Kerrigan,Marrowby,East,8
19:24,0928,Joan,Gull,Foxhollow,South,18
19:24,1516,Audrey,Pryce,Marrowby,West,19
19:24,1582,Imogen,Mayhew,Greyhaven,West,18
19:24,1609,Silas,Mayhew,Marrowby,West,27
19:24,1706,Timothy,Venning,Emberfield,East,28
19:24,1891,Gwen,Sallow,Pennywick,South,3
19:24,2076,Bertie,Hill,Brambleford,North,32
19:24,2348,Enid,Moss,Oakhurst,West,33
19:24,2367,Maud,Elwood,Hartwell,North,11
19:24,2496,Maisie,Marsh,Greyhaven,South,8
19:24,2642,Pip,Copper,Foxhollow,North,28
19:24,2749,Edmund,Rainer,Foxhollow,East,27
19:24,3210,Percy,Russell,Brambleford,West,36
19:24,3841,Nell,Wrenn,Hartwell,North,35
19:24,4981,Xavier,Keel,Brambleford,West,31
19:24,5552,Leonard,Webb,Emberfield,West,26
19:24,5573,Bertie,Pettit,Greyhaven,North,25
19:24,5727,Wilfred,Tanner,Oakhurst,West,26
19:24,5793,Tobias,Lennard,Kestrel Bay,South,10
19:25,0216,Isla,Nuttall,Oakhurst,West,6
19:25,0307,Maud,Hill,Sloe Green,North,10
19:25,0436,Iris,Farrell,Copperwell,East,27
19:25,0483,Arthur,Oakes,Emberfield,West,28
19:25,0576,Freda,Quill,Ashcombe,South,29
19:25,0684,Ned,Kennett,Pennywick,North,17
19:25,0795,Iris,Dell,Emberfield,South,31
19:25,1235,Elsie,Yeoman,Pennywick,West,33
19:25,2188,Celia,Lynn,Emberfield,North,7
19:25,2663,Greta,Hartley,Brambleford,South,8
19:25,2800,Edmund,Thatcher,Greyhaven,West,31
19:25,3090,Vera,Tinsley,Brambleford,East,24
19:25,3376,Hugo,Mayhew,Emberfield,North,14
19:25,3518,Dorothy,Webb,Marrowby,North,2
19:25,3950,Fenella,Starling,Oakhurst,East,27
19:25,3960,Martha,Pettit,Juniper Cross,East,28
19:25,3968,Esther,Grange,Emberfield,East,31
19:25,4581,Ethel,Sparrow,Hartwell,East,31
19:25,4626,Bella,Tyler,Marrowby,East,14
19:25,4758,Oscar,Mercer,Hartwell,West,31
19:25,4873,Edie,Tidwell,Sloe Green,East,1
19:25,4970,Lionel,Tidwell,Juniper Cross,North,17
19:25,5026,Abigail,Bramwell,Nettlefold,South,20
19:25,5307,Monty,Fell,Emberfield,South,20
19:25,5327,Isla,Chandler,Emberfield,South,28
19:25,5529,Emily,Barrett,Foxhollow,South,34
19:25,5610,Dolly,Hobbs,Marrowby,North,16
19:25,5646,Lydia,Cobb,Greyhaven,West,17
19:26,0251,Nora,Birch,Sloe Green,West,32
19:26,0324,Jude,Kemp,Pennywick,West,11
19:26,0355,Esther,Teller,Oakhurst,South,3
19:26,0542,Poppy,Terrell,Elderbrook,East,5
19:26,0608,Rowena,Mercer,Sloe Green,West,22
19:26,1254,Albert,Wheeler,Dunmoor,South,4
19:26,1397,Ottilie,Fell,Emberfield,West,25
19:26,1691,Rhoda,Garnett,Nettlefold,North,16
19:26,1710,Kit,Kidd,Emberfield,East,14
19:26,1729,Edgar,Barrett,Emberfield,West,30
19:26,2221,Ida,Sellers,Emberfield,East,24
19:26,2716,Monty,Hill,Foxhollow,East,18
19:26,2820,Hilda,Wrenn,Emberfield,South,18
19:26,3048,Zelda,Drake,Emberfield,East,5
19:26,3549,Zelda,Hollins,Juniper Cross,North,25
19:26,3610,Rowena,Merritt,Marrowby,West,32
19:26,4064,Sadie,Harker,Greyhaven,West,28
19:26,4128,Ottilie,Russell,Oakhurst,North,34
19:26,4247,Lydia,Tebbutt,Emberfield,West,23
19:26,4299,Dolly,Tuck,Brambleford,North,16
19:26,5819,Ray,Gibbs,Brambleford,East,6
19:27,0001,Olive,Yardley,Juniper Cross,South,7
19:27,0196,Alice,Jenner,Greyhaven,East,4
19:27,0271,Dorothy,Copper,Emberfield,East,22
19:27,0674,Dora,Mallet,Emberfield,West,24
19:27,0846,Zelda,Bramwell,Emberfield,South,4
19:27,1023,Winnie,Clay,Emberfield,South,24
19:27,1033,Cora,Pollard,Pennywick,South,34
19:27,1307,Rosa,Crane,Juniper Cross,North,31
19:27,1474,Agnes,Whitt,Greyhaven,South,30
19:27,1598,Alfred,Walker,Emberfield,West,17
19:27,1599,Myrtle,Ellery,Elderbrook,East,18
19:27,2018,Lionel,Goodall,Emberfield,South,32
19:27,2123,Winnie,Whitt,Kestrel Bay,West,1
19:27,2177,Teddy,Parrish,Hartwell,North,8
19:27,2554,Florence,Hollins,Emberfield,South,21
19:27,2895,Ralph,Hale,Nettlefold,North,17
19:27,2903,Beatrix,Mallet,Emberfield,North,29
19:27,2948,Beatrix,Sallow,Juniper Cross,North,29
19:27,3034,Minnie,Tidwell,Emberfield,West,28
19:27,3087,Lily,Wren,Marrowby,East,21
19:27,3461,Dorothy,Lytton,Foxhollow,South,32
19:27,3595,Gilbert,Thatcher,Elderbrook,North,17
19:27,3973,Kit,Whitt,Hartwell,North,7
19:27,4417,Ottilie,Wadding,Emberfield,West,2
19:27,4458,Hugo,Oakes,Dunmoor,North,7
19:27,4721,Winnie,Oakes,Hartwell,East,32
19:27,4855,Xavier,Hobbs,Emberfield,West,12
19:27,4878,Silas,Wheeler,Ashcombe,South,22
19:27,4982,Annie,Pollard,Juniper Cross,East,2
19:27,5202,Rosa,Hollins,Sloe Green,South,4
19:27,5416,Cora,Starling,Greyhaven,East,30
19:27,5525,Henry,Starling,Emberfield,East,17
19:27,5645,Rupert,Glass,Brambleford,North,32
19:27,5661,Milo,Fell,Emberfield,West,6
19:27,5753,Evelyn,Vesey,Emberfield,South,29
19:27,5859,Imogen,Neville,Emberfield,East,3
19:28,0205,Hugo,Clay,Pennywick,East,29
19:28,0537,Martha,Webb,Foxhollow,East,35
19:28,0709,Silas,Glass,Oakhurst,North,27
19:28,1109,Cecil,Wells,Ashcombe,South,14
19:28,1286,Lily,Abbott,Emberfield,North,9
19:28,1373,Florence,Tuck,Dunmoor,South,19
19:28,1742,Lena,Kettle,Emberfield,North,32
19:28,1755,Ned,Rainer,Emberfield,West,11
19:28,2518,Ottilie,Pike,Greyhaven,West,6
19:28,2573,Vera,Jenner,Emberfield,West,27
19:28,2799,Beatrix,Pinnock,Kestrel Bay,North,32
19:28,3101,Annie,Rainer,Greyhaven,North,29
19:28,3124,Harold,Pryce,Juniper Cross,West,5
19:28,3277,Rhoda,Sallow,Emberfield,North,16
19:28,3348,Milo,Harker,Elderbrook,South,26
19:28,4373,Winnie,Mallet,Dunmoor,East,25
19:28,4539,Bridget,Penny,Kestrel Bay,South,4
19:28,4845,Harvey,Venning,Emberfield,East,15
19:28,5333,Agnes,Gray,Emberfield,West,5
19:28,5689,Martha,Harker,Emberfield,North,27
19:28,5868,Alice,Hadley,Greyhaven,West,32
19:29,0403,Enid,Nuttall,Emberfield,East,5
19:29,0651,Emily,Kerrigan,Emberfield,South,25
19:29,0660,Jude,Parrish,Emberfield,South,9
19:29,0819,Cyril,Carrell,Nettlefold,East,24
19:29,1629,Ivy,Kennett,Copperwell,West,22
19:29,1641,Pip,Lytton,Hartwell,North,6
19:29,1678,Teddy,Gibbs,Elderbrook,East,1
19:29,1716,Frances,Clay,Dunmoor,South,23
19:29,2206,Poppy,Grange,Elderbrook,East,13
19:29,3384,Frances,Scott,Copperwell,West,23
19:29,3470,Jasper,Linnell,Kestrel Bay,West,9
19:29,3520,Maisie,Carver,Foxhollow,North,2
19:29,4031,Arthur,Hartley,Emberfield,West,25
19:29,4078,Zelda,Venning,Kestrel Bay,East,17
19:29,5330,Milo,Russell,Nettlefold,North,22
19:29,5685,Iris,Lynn,Greyhaven,West,17
19:29,5710,Thea,Minns,Juniper Cross,East,33
19:29,5847,Bridget,Pryce,Foxhollow,West,32
19:29,5923,Minnie,Hayward,Emberfield,East,16
19:30,0075,Sidney,Copper,Hartwell,East,23
19:30,0157,Sidney,Ainsley,Greyhaven,South,29
19:30,0187,Ruth,Darrow,Emberfield,East,24
19:30,0420,Maisie,Fell,Emberfield,West,27
19:30,0445,Gwen,Pym,Dunmoor,North,19
19:30,0612,Enid,Hobbs,Ashcombe,North,14
19:30,0761,Poppy,Skerritt,Copperwell,South,33
19:30,0937,Elsie,Tanner,Hartwell,West,2
19:30,1086,Rupert,Hadley,Kestrel Bay,South,19
19:30,1319,Margot,Goodall,Sloe Green,South,16
19:30,1512,Harvey,Jewell,Emberfield,North,25
19:30,1673,Winnie,Wren,Dunmoor,North,28
19:30,2026,Hazel,Lennard,Emberfield,North,29
19:30,2067,Frances,Goodall,Marrowby,East,26
19:30,2270,Pip,Reeve,Copperwell,North,9
19:30,2395,Winnie,Sheppard,Foxhollow,West,4
19:30,2436,Stella,Trask,Juniper Cross,South,8
19:30,2455,Harvey,Walker,Sloe Green,North,34
19:30,2500,Nora,Yeoman,Kestrel Bay,North,6
19:30,2649,Nell,Farrell,Greyhaven,South,24
19:30,2758,Leonard,Thatcher,Emberfield,East,4
19:30,3085,Myrtle,Jenner,Foxhollow,South,26
19:30,3296,Zelda,Pryce,Ashcombe,West,24
19:30,3582,Alfred,Merritt,Greyhaven,West,20
19:30,3676,Xavier,Platt,Oakhurst,West,2
19:30,3691,Jude,Perrin,Emberfield,South,27
19:30,3814,Tobias,Yeoman,Brambleford,North,13
19:30,4520,Lottie,Mercer,Emberfield,North,19
19:30,4692,Celia,Dell,Emberfield,South,29
19:30,5014,Ivor,Gibbs,Marrowby,West,4
19:30,5498,Bella,Minns,Copperwell,South,9
19:30,5943,Iris,Mallet,Emberfield,North,4
19:30,5976,Rhoda,Kerrigan,Nettlefold,South,13
19:30,5981,Ethel,Warrender,Dunmoor,North,33
19:31,0043,Ned,Tidwell,Marrowby,South,34
19:31,0100,Muriel,Platt,Pennywick,North,14
19:31,0193,Barnaby,Pym,Greyhaven,North,5
19:31,0294,Leonard,Hobbs,Ashcombe,East,36
19:31,0643,Quentin,Nash,Hartwell,East,2
19:31,0809,Lionel,Thatcher,Emberfield,South,25
19:31,1082,Harvey,Keel,Emberfield,West,24
19:31,1198,Ottilie,Mallet,Nettlefold,East,25
19:31,1399,Maud,Pinnock,Elderbrook,North,32
19:31,2476,Hugo,Pollard,Pennywick,West,20
19:31,3903,Henry,Gibbs,Pennywick,North,8
19:31,4016,Leonard,Sparrow,Pennywick,South,17
19:31,4517,Ottilie,Nash,Pennywick,North,24
19:31,5101,Pip,Glass,Foxhollow,South,29
19:31,5817,Cora,Trask,Ashcombe,West,13
19:31,5953,Thea,Lark,Dunmoor,East,8
19:32,0089,Sybil,Sellers,Oakhurst,North,30
19:32,0773,Harvey,Sheppard,Sloe Green,North,20
19:32,0964,Dolly,Garnett,Emberfield,East,32
19:32,1154,Vera,Lark,Kestrel Bay,West,9
19:32,1158,Harvey,Rainer,Emberfield,South,1
19:32,1202,Lena,Kennett,Dunmoor,West,2
19:32,1325,Freda,Ainsley,Emberfield,East,5
19:32,1434,Barnaby,Mallet,Kestrel Bay,East,27
19:32,1559,Ottilie,Clay,Emberfield,West,5
19:32,1628,Molly,Wadding,Foxhollow,West,29
19:32,1703,Gilbert,Tyler,Foxhollow,East,27
19:32,1762,Henry,Dell,Juniper Cross,North,2
19:32,1816,Isla,Hadley,Greyhaven,South,35
19:32,2111,Cyril,Russell,Nettlefold,West,27
19:32,2234,Milo,Sellers,Emberfield,East,16
19:32,2700,Iris,Kidd,Elderbrook,South,16
19:32,2703,Emily,Whitt,Oakhurst,East,19
19:32,2727,Imogen,Ferrand,Foxhollow,South,11
19:32,3281,Zelda,Platt,Brambleford,East,20
19:32,3333,Archie,Darrow,Oakhurst,North,5
19:32,3486,Myrtle,Parrish,Nettlefold,North,27
19:32,3547,Cyril,Sykes,Marrowby,East,31
19:32,3899,Rupert,Mayhew,Foxhollow,South,25
19:32,4505,Pip,Grange,Brambleford,North,28
19:32,5011,Ned,Carrell,Brambleford,North,26
19:32,5143,Kit,Jarrett,Marrowby,North,26
19:32,5168,Annie,Kettle,Emberfield,South,27
19:32,5275,Harvey,Tyler,Oakhurst,North,19
19:32,5394,Tobias,Webb,Emberfield,North,4
19:32,5988,Daisy,Platt,Hartwell,West,27
19:33,0293,Sadie,Mercer,Dunmoor,South,10
19:33,0350,Alfred,Goodall,Emberfield,South,29
19:33,0692,Agnes,Gull,Dunmoor,South,13
19:33,0854,Ethel,Gray,Ashcombe,North,4
19:33,0981,Edie,Jarrett,Oakhurst,East,31
19:33,1131,Lottie,Clay,Dunmoor,North,21
19:33,1194,Amos,Tebbutt,Oakhurst,West,14
19:33,2251,Milo,Kidd,Emberfield,North,15
19:33,2339,Teddy,Mercer,Hartwell,North,35
19:33,2670,Freda,Tanner,Elderbrook,West,23
19:33,2705,Dolly,Thackery,Foxhollow,North,7
19:33,2941,Minnie,Bell,Nettlefold,West,34
19:33,3099,Harriet,Hurst,Emberfield,South,9
19:33,3239,Celia,Wells,Copperwell,North,12
19:33,3292,Beatrix,Barrow,Brambleford,East,3
19:33,4095,Dora,Drake,Dunmoor,East,15
19:33,4467,Ernest,Ferrand,Emberfield,South,19
19:33,4568,Ottilie,Kerrigan,Emberfield,North,19
19:33,5009,Bella,Hale,Marrowby,East,21
19:33,5038,Leonard,Glass,Ashcombe,West,31
19:33,5070,Nora,Starling,Copperwell,North,12
19:33,5517,Elsie,Platt,Emberfield,South,33
19:34,0442,Nora,Quill,Greyhaven,South,10
19:34,1364,Bella,Starling,Elderbrook,South,17
19:34,1517,Edith,Wren,Juniper Cross,North,30
19:34,1981,Una,Glass,Sloe Green,North,26
19:34,2232,Molly,Sparrow,Ashcombe,East,5
19:34,2333,Clement,Wrenn,Greyhaven,East,27
19:34,2865,Minnie,Sallow,Emberfield,West,6
19:34,2878,Bridget,Kennett,Foxhollow,North,2
19:34,3241,Archie,Nash,Emberfield,South,26
19:34,3340,Elsie,Fell,Emberfield,West,4
19:34,3491,Minnie,Innes,Sloe Green,West,23
19:34,3701,Isla,Webb,Greyhaven,South,18
19:34,3831,Hugo,Carrell,Emberfield,North,36
19:34,3884,Isla,Ellery,Emberfield,West,10
19:34,4113,Alfred,Venning,Brambleford,South,35
19:34,4145,Lena,Marsh,Emberfield,South,17
19:34,4492,Sadie,Moss,Marrowby,North,14
19:34,4497,Alfred,Pettit,Hartwell,South,10
19:34,4902,Harriet,Gibbs,Dunmoor,North,25
19:34,5916,Ada,Hartley,Oakhurst,South,21
19:34,5970,Albert,Kemp,Emberfield,North,11
19:35,0036,Archie,Mallet,Emberfield,South,28
19:35,0577,Zelda,Tebbutt,Emberfield,North,1
19:35,0881,Edie,Lark,Copperwell,South,13
19:35,1088,Henry,Yeoman,Copperwell,North,19
19:35,1098,Effie,Brook,Pennywick,North,18
19:35,1169,Elsie,Webb,Emberfield,West,11
19:35,1387,Muriel,Starling,Greyhaven,East,34
19:35,1402,Gwen,Burrows,Copperwell,West,12
19:35,1478,Josie,Jenner,Pennywick,West,15
19:35,1495,Thea,Dell,Emberfield,East,10
19:35,1535,Stanley,Barrett,Emberfield,North,34
19:35,1585,Monty,Pryce,Ashcombe,West,15
19:35,1946,Alfred,Thatcher,Dunmoor,East,20
19:35,2621,Xavier,Harker,Sloe Green,East,32
19:35,2669,Vera,Bell,Emberfield,East,6
19:35,2834,Tobias,Fennell,Copperwell,South,14
19:35,3288,Lionel,Sparrow,Nettlefold,East,31
19:35,3629,Teddy,Harker,Emberfield,North,24
19:35,3659,Freda,Gull,Foxhollow,South,35
19:35,4174,Edith,Farrell,Ashcombe,South,30
19:35,4333,Ruth,Hazell,Nettlefold,North,22
19:35,4437,Ray,Russell,Emberfield,East,5
19:35,4552,Maisie,Cutler,Elderbrook,East,17
19:35,4676,Molly,Finch,Emberfield,West,19
19:35,5177,Mabel,Linnell,Elderbrook,South,34
19:35,5364,Hazel,Pinnock,Greyhaven,West,25
19:35,5764,Percy,Warrender,Emberfield,North,36
19:36,0087,Rowena,Farrell,Brambleford,East,6
19:36,0517,Harvey,Webb,Emberfield,West,16
19:36,0836,Edmund,Farrell,Juniper Cross,East,22
19:36,0901,Gwen,Terrell,Nettlefold,West,8
19:36,1008,Alice,Wadding,Ashcombe,South,18
19:36,1111,Molly,Neville,Elderbrook,South,29
19:36,1139,Kit,Rainer,Emberfield,North,28
19:36,1428,Nora,Neville,Copperwell,East,6
19:36,1800,Daisy,Pollard,Kestrel Bay,East,6
19:36,1999,Emily,Harker,Emberfield,West,8
19:36,2876,Rupert,Harker,Dunmoor,East,29
19:36,2928,Dora,Starling,Sloe Green,North,29
19:36,3464,Edith,Kidd,Emberfield,East,14
19:36,4059,Florence,Tanner,Ashcombe,South,9
19:36,4388,Monty,Scott,Juniper Cross,North,18
19:36,4464,Pip,Tinsley,Emberfield,West,24
19:36,4580,Ralph,Lennard,Emberfield,North,31
19:36,4718,Wilfred,Harrell,Elderbrook,East,32
19:36,4954,Hugo,Kerrigan,Pennywick,North,13
19:36,5511,Gwen,Starling,Emberfield,West,11
19:37,0048,Margot,Pinnock,Sloe Green,East,2
19:37,0468,Gilbert,Pike,Dunmoor,West,15
19:37,0503,Zelda,Tinsley,Foxhollow,East,10
19:37,0786,Abigail,Keel,Pennywick,North,31
19:37,0942,Leonard,Trask,Emberfield,South,33
19:37,1240,Bella,Tinsley,Dunmoor,South,18
19:37,1339,Monty,Harrell,Hartwell,South,28
19:37,2145,Olive,Terrell,Ashcombe,East,14
19:37,2753,Leonard,Skerritt,Kestrel Bay,South,20
19:37,2781,Annie,Hill,Oakhurst,West,33
19:37,2798,Isla,Yeoman,Marrowby,North,4
19:37,2964,Lydia,Lytton,Emberfield,East,34
19:37,3122,Teddy,Pryce,Emberfield,North,24
19:37,3312,Sybil,Lynn,Marrowby,North,8
19:37,3363,Poppy,Neville,Emberfield,South,20
19:37,3467,Josie,Hartley,Emberfield,West,15
19:37,3492,Rosa,Penny,Pennywick,North,26
19:37,3560,Wilfred,Minns,Brambleford,East,5
19:37,4213,Rupert,Innes,Foxhollow,South,32
19:37,4357,Phoebe,Hollins,Brambleford,North,10
19:37,4429,Mabel,Cobb,Brambleford,East,7
19:37,4561,Teddy,Varley,Pennywick,West,31
19:37,4943,Stanley,Thackery,Elderbrook,West,3
19:37,5158,Pip,Skerritt,Oakhurst,North,11
19:37,5929,Harriet,Garnett,Emberfield,East,1
19:38,0054,Phoebe,Gray,Marrowby,West,14
19:38,0378,Timothy,Minns,Emberfield,West,14
19:38,0573,Nora,Trask,Greyhaven,East,4
19:38,0872,Joan,Kemp,Brambleford,West,2
19:38,1068,Alfred,Marsh,Emberfield,East,35
19:38,1201,Cora,Parrish,Marrowby,South,25
19:38,2166,Zelda,Jenner,Ashcombe,West,31
19:38,2606,Ernest,Venning,Ashcombe,South,20
19:38,2807,Dora,Yardley,Greyhaven,West,18
19:38,4347,Rhoda,Marsh,Emberfield,South,10
19:38,4481,Kit,Skerritt,Copperwell,North,16
19:38,4659,Edith,Tanner,Emberfield,South,24
19:38,4709,Clara,Parrish,Juniper Cross,East,8
19:38,4791,Ruth,Innes,Foxhollow,North,26
19:38,5909,Arthur,Sykes,Hartwell,West,5
19:39,0082,Iris,Lark,Copperwell,East,27
19:39,0249,Timothy,Copper,Emberfield,West,2
19:39,0383,Joan,Cobb,Emberfield,West,25
19:39,0944,Rhoda,Teller,Foxhollow,North,29
19:39,1009,Milo,Vesey,Emberfield,South,33
19:39,1261,Henry,Fennell,Greyhaven,East,11
19:39,1930,Dorothy,Warrender,Copperwell,West,17
19:39,1940,Hilda,Fell,Emberfield,South,3
19:39,2283,Silas,Kemp,Emberfield,South,10
19:39,2360,Muriel,Penny,Dunmoor,North,13
19:39,2531,Leonard,Hazell,Juniper Cross,East,28
19:39,2886,Isla,Russell,Pennywick,North,31
19:39,3227,Vera,Teller,Hartwell,South,25
19:39,3567,Monty,Mercer,Pennywick,North,13
19:39,3572,Ned,Fennell,Emberfield,South,34
19:39,3909,Winnie,Innes,Kestrel Bay,East,9
19:39,3924,Violet,Tanner,Kestrel Bay,West,28
19:39,4135,Freda,Innes,Dunmoor,West,8
19:39,4179,Bertie,Tanner,Emberfield,North,3
19:39,4328,Xavier,Bramwell,Greyhaven,North,29
19:39,4354,Amos,Kemp,Emberfield,East,33
19:39,4514,Ethel,Carver,Dunmoor,South,12
19:39,4579,Evelyn,Yardley,Dunmoor,North,30
19:39,4772,Bernard,Hurst,Brambleford,South,26
19:39,4898,Silas,Fennell,Emberfield,North,36
19:39,5362,Agnes,Kemp,Elderbrook,South,25
19:39,5433,Daisy,Ferrand,Emberfield,South,22
19:39,5613,Quentin,Chandler,Dunmoor,North,14
19:39,5657,Ivor,Perrin,Elderbrook,East,19
19:40,0285,Hugo,Darrow,Pennywick,West,23
19:40,0851,Mabel,Pryce,Hartwell,West,35
19:40,0953,Wilfred,Thackery,Ashcombe,North,22
19:40,1544,Lydia,Hazell,Emberfield,East,25
19:40,1759,Poppy,Oakes,Emberfield,West,24
19:40,1765,Nell,Bramwell,Greyhaven,North,13
19:40,1951,Stella,Tinsley,Emberfield,East,14
19:40,2110,Ralph,Starling,Sloe Green,North,21
19:40,2443,Celia,Glass,Oakhurst,South,20
19:40,2474,Iris,Chandler,Brambleford,North,10
19:40,2608,Celia,Ainsley,Foxhollow,North,1
19:40,2735,Pip,Perrin,Kestrel Bay,North,26
19:40,2761,Lydia,Jenner,Marrowby,East,27
19:40,2762,Zelda,Tyler,Kestrel Bay,North,33
19:40,2881,Margot,Pym,Marrowby,West,16
19:40,2945,Ruth,Sheppard,Ashcombe,North,32
19:40,3123,Bertie,Jenner,Marrowby,North,10
19:40,3242,Ethel,Clay,Oakhurst,West,17
19:40,3368,Gwen,Goodall,Nettlefold,South,12
19:40,3702,Zelda,Bell,Emberfield,South,5
19:40,3734,Leonard,Tyler,Dunmoor,South,1
19:40,4022,Alfred,Penny,Greyhaven,West,34
19:40,4159,Ada,Webb,Nettlefold,West,10
19:40,4432,Edgar,Kidd,Hartwell,North,8
19:40,4655,Cecil,Scott,Oakhurst,North,30
19:40,4715,Edgar,Jarrett,Emberfield,North,1
19:40,4749,Kit,Parrish,Nettlefold,East,31
19:40,4803,Fenella,Hale,Hartwell,North,20
19:40,5085,Rupert,Lytton,Emberfield,East,18
19:40,5090,Cecil,Hayward,Marrowby,South,28
19:40,5205,Gwen,Sykes,Dunmoor,North,20
19:40,5287,Vera,Pinnock,Greyhaven,East,27
19:40,5376,Clara,Carrell,Hartwell,East,15
19:40,5395,Myrtle,Ferrand,Greyhaven,East,33
19:40,5424,Silas,Carver,Copperwell,West,35
19:40,5460,Ethel,Hill,Emberfield,East,23
19:40,5487,Esther,Keel,Marrowby,South,18
19:40,5503,Josie,Perrin,Greyhaven,East,4
19:40,5520,Edgar,Hobbs,Foxhollow,East,35
19:40,5802,Xavier,Jewell,Emberfield,West,25
19:41,0059,Ivor,Barrett,Brambleford,West,35
19:41,0139,Enid,Cutler,Greyhaven,South,14
19:41,0167,Freda,Oakes,Hartwell,West,29
19:41,0181,Tobias,Grange,Juniper Cross,West,34
19:41,0208,Rosa,Drake,Greyhaven,East,31
19:41,0254,Ernest,Vesey,Emberfield,North,9
19:41,0739,Ivor,Wadding,Pennywick,West,7
19:41,0890,Ernest,Varley,Brambleford,South,13
19:41,1590,Ada,Winnard,Emberfield,North,25
19:41,2415,Sadie,Pryce,Hartwell,South,4
19:41,2590,Olive,Kettle,Brambleford,South,31
19:41,2609,Nora,Chandler,Ashcombe,South,12
19:41,2827,Maisie,Trask,Emberfield,South,7
19:41,3092,Lily,Hill,Emberfield,East,13
19:41,3444,Ethel,Bennett,Emberfield,South,7
19:41,4203,Monty,Farrell,Foxhollow,South,30
19:41,4222,Esther,Abbott,Brambleford,South,20
19:41,5141,Sidney,Winnard,Emberfield,East,7
19:41,5286,Timothy,Starling,Elderbrook,West,14
19:41,5406,Elsie,Walker,Elderbrook,East,2
19:41,5515,Clara,Sellers,Foxhollow,North,34
19:41,5611,Silas,Hill,Copperwell,South,23
19:42,0938,Florence,Blackwood,Emberfield,South,27
19:42,1081,Quentin,Oakes,Ashcombe,West,28
19:42,1360,Greta,Burrows,Brambleford,North,3
19:42,1597,Margot,Mercer,Oakhurst,West,32
19:42,1669,Lionel,Yeoman,Elderbrook,East,28
19:42,1832,Hilda,Jewell,Oakhurst,East,1
19:42,2390,Alfred,Wren,Emberfield,West,21
19:42,2488,Kit,Harrell,Kestrel Bay,East,32
19:42,2489,Phoebe,Cobb,Elderbrook,South,29
19:42,2804,Teddy,Dunn,Ashcombe,West,16
19:42,3565,Phoebe,Nash,Elderbrook,West,35
19:42,3645,Esther,Sparrow,Emberfield,South,3
19:42,3820,Rupert,Perrin,Dunmoor,West,11
19:42,3825,Fenella,Lynn,Ashcombe,North,8
19:42,4103,Myrtle,Marsh,Foxhollow,South,6
19:42,4182,Mavis,Blackwood,Hartwell,West,36
19:42,4656,Sadie,Pennell,Nettlefold,North,16
19:42,4708,Edmund,Harker,Greyhaven,East,31
19:42,5130,Stella,Sykes,Ashcombe,West,11
19:42,5267,Evelyn,Miller,Juniper Cross,East,26
19:42,5437,Frances,Dunn,Brambleford,South,24
19:42,5541,Nora,Jarrett,Elderbrook,East,7
19:43,0313,Rowena,Marsh,Hartwell,North,26
19:43,0388,Ray,Pinnock,Nettlefold,West,26
19:43,0407,Joan,Ellery,Copperwell,North,36
19:43,0502,Rhoda,Hill,Brambleford,North,20
19:43,0556,Agnes,Wells,Emberfield,West,25
19:43,0609,Lily,Ainsley,Kestrel Bay,South,14
19:43,0759,Ottilie,Sellers,Hartwell,West,19
19:43,1032,Dora,Harker,Dunmoor,East,34
19:43,1054,Sybil,Abbott,Dunmoor,West,36
19:43,1140,Olive,Mercer,Emberfield,East,7
19:43,1296,Violet,Hadley,Juniper Cross,East,3
19:43,1386,Tobias,Farrell,Kestrel Bay,West,19
19:43,1753,Cora,Moss,Emberfield,East,17
19:43,1902,Phoebe,Hale,Emberfield,North,33
19:43,2181,Thea,Jenner,Elderbrook,West,24
19:43,2235,Ray,Bramwell,Emberfield,South,30
19:43,2519,Iris,Moss,Ashcombe,West,32
19:43,2557,Bertie,Quill,Foxhollow,North,30
19:43,2791,Tobias,Hendry,Emberfield,South,26
19:43,2861,Evelyn,Dell,Emberfield,South,29
19:43,2976,Rosa,Sellers,Greyhaven,North,24
19:43,3047,Audrey,Sparrow,Elderbrook,South,28
19:43,3420,Ned,Garnett,Dunmoor,South,22
19:43,3760,Beatrix,Perrin,Oakhurst,West,25
19:43,3803,Ralph,Tidwell,Juniper Cross,North,21
19:43,4217,Violet,Innes,Kestrel Bay,West,25
19:43,4241,Enid,Sellers,Marrowby,West,17
19:43,4379,Dorothy,Hendry,Marrowby,North,20
19:43,4392,Myrtle,Jewell,Kestrel Bay,East,8
19:43,4411,Daisy,Parrish,Sloe Green,East,16
19:43,4472,Stanley,Venning,Hartwell,North,28
19:43,4516,Annie,Gull,Emberfield,South,12
19:43,4634,Annie,Brook,Dunmoor,North,14
19:43,4695,Sadie,Linnell,Emberfield,South,20
19:43,4837,Cecil,Platt,Copperwell,North,14
19:43,5175,Bella,Kennett,Emberfield,South,21
19:43,5198,Teddy,Blackwood,Kestrel Bay,North,27
19:43,5318,Sybil,Wadding,Dunmoor,South,34
19:43,5553,Ivy,Thackery,Kestrel Bay,South,10
19:43,5643,Ottilie,Kemp,Foxhollow,North,27
19:43,5712,Una,Blackwood,Ashcombe,West,17
19:43,5807,Greta,Selby,Emberfield,South,26
19:44,0060,Xavier,Winnard,Nettlefold,East,26
19:44,0125,Edmund,Clay,Sloe Green,East,2
19:44,0253,Clara,Burrows,Emberfield,East,21
19:44,0255,Phoebe,Rainer,Oakhurst,South,28
19:44,0755,Rupert,Hendry,Copperwell,South,11
19:44,0974,Zelda,Goodall,Nettlefold,South,10
19:44,2258,Alice,Hartley,Hartwell,West,27
19:44,2437,Mavis,Minns,Ashcombe,South,33
19:44,2440,Lily,Dell,Marrowby,North,33
19:44,2862,Monty,Tennyson,Dunmoor,North,19
19:44,2951,Edgar,Reeve,Dunmoor,North,34
19:44,4753,Timothy,Mayhew,Hartwell,East,18
19:44,4824,Sidney,Kennett,Copperwell,West,30
19:44,5133,Timothy,Mercer,Marrowby,South,29
19:44,5248,Evelyn,Quill,Sloe Green,West,29
19:44,5526,Dorothy,Terrell,Elderbrook,West,8
19:44,5730,Alfred,Hale,Juniper Cross,North,36
19:45,0057,Otto,Fell,Emberfield,North,33
19:45,0342,Lena,Varley,Emberfield,North,29
19:45,0630,Oscar,Lytton,Dunmoor,North,7
19:45,0766,Thea,Chandler,Nettlefold,North,6
19:45,0984,Violet,Elwood,Foxhollow,North,24
19:45,1072,Tobias,Yardley,Brambleford,North,30
19:45,1236,Wilfred,Tyler,Kestrel Bay,North,34
19:45,1349,Esther,Pryce,Emberfield,North,25
19:45,1441,Cecil,Wrenn,Ashcombe,East,25
19:45,1849,Zelda,Parrish,Foxhollow,North,26
19:45,2183,Hazel,Clay,Sloe Green,East,17
19:45,2378,Monty,Tuck,Oakhurst,North,22
19:45,2451,Edie,Sparrow,Copperwell,South,33
19:45,2567,Lionel,Nash,Emberfield,North,14
19:45,2806,Rowena,Grange,Emberfield,North,33
19:45,2817,Molly,Teller,Oakhurst,East,14
19:45,2859,Myrtle,Pinnock,Ashcombe,South,14
19:45,3191,Thea,Pettit,Kestrel Bay,West,23
19:45,3389,Rowena,Pennell,Emberfield,North,6
19:45,3615,Ida,Jarrett,Juniper Cross,East,22
19:45,3784,Stanley,Jewell,Emberfield,East,25
19:45,3988,Cora,Drake,Ashcombe,North,5
19:45,4257,Clement,Perrin,Pennywick,North,28
19:45,4639,Clara,Trask,Ashcombe,East,4
19:45,4710,Dolly,Sparrow,Copperwell,North,21
19:45,4926,Vera,Neville,Emberfield,East,19
19:45,4946,Nell,Lark,Kestrel Bay,West,21
19:45,4952,Enid,Tidwell,Foxhollow,West,12
19:45,5080,Greta,Pym,Emberfield,South,33
19:45,5228,Myrtle,Gray,Pennywick,South,6
19:45,5457,Tobias,Crane,Foxhollow,North,19
19:45,5469,Violet,Pettit,Oakhurst,North,10
19:45,5512,Iris,Hurst,Foxhollow,North,8
19:45,5650,Rhoda,Terrell,Foxhollow,East,29
19:45,5668,Edmund,Perrin,Elderbrook,North,18
19:46,0138,Vera,Bramwell,Pennywick,North,6
19:46,0261,Rosa,Merritt,Emberfield,North,36
19:46,0490,Mabel,Ellery,Dunmoor,North,27
19:46,0856,Ida,Dunn,Elderbrook,East,22
19:46,0976,Dora,Hadley,Foxhollow,North,27
19:46,1245,Rupert,Bennett,Dunmoor,North,12
19:46,1511,Otto,Sykes,Emberfield,West,5
19:46,1603,Cecil,Bell,Dunmoor,West,3
19:46,1953,Josie,Ellery,Foxhollow,North,2
19:46,2139,Harriet,Venning,Emberfield,East,2
19:46,2305,Ida,Walker,Brambleford,South,16
19:46,2676,Albert,Nash,Elderbrook,North,31
19:46,2693,Imogen,Tyler,Marrowby,North,30
19:46,2772,Sidney,Sparrow,Pennywick,West,16
19:46,3073,Annie,Pryce,Emberfield,South,26
19:46,3174,Leonard,Tebbutt,Foxhollow,South,27
19:46,3235,Ada,Selby,Nettlefold,North,19
19:46,3267,Violet,Pike,Emberfield,South,24
19:46,3401,Minnie,Goodall,Dunmoor,West,15
19:46,3426,Greta,Quill,Brambleford,West,9
19:46,3574,Cora,Gull,Greyhaven,West,16
19:46,3641,Cyril,Pike,Emberfield,North,28
19:46,3767,Ruth,Sallow,Copperwell,South,28
19:46,4555,Celia,Merritt,Hartwell,North,1
19:46,4723,Amos,Webb,Emberfield,West,33
19:46,4730,Elsie,Tyler,Nettlefold,North,19
19:46,5504,Edie,Harrell,Hartwell,East,19
19:46,5627,Molly,Winnard,Oakhurst,North,11
19:46,5769,Olive,Wadding,Juniper Cross,West,5
19:46,5848,Ray,Hill,Sloe Green,West,21
19:46,5873,Audrey,Sellers,Dunmoor,South,15
19:46,5950,Greta,Warrender,Foxhollow,North,34
19:47,0329,Una,Gull,Brambleford,North,29
19:47,0546,Myrtle,Fennell,Pennywick,North,20
19:47,0751,Lena,Goodall,Elderbrook,West,15
19:47,1522,Milo,Walker,Emberfield,East,14
19:47,1539,Henry,Russell,Pennywick,South,17
19:47,2266,Daisy,Reeve,Elderbrook,North,14
19:47,2353,Kit,Oakes,Nettlefold,East,17
19:47,2413,Arthur,Gibbs,Emberfield,East,7
19:47,2936,Ned,Lytton,Oakhurst,North,20
19:47,3505,Edith,Burrows,Emberfield,North,36
19:47,3579,Bernard,Lytton,Emberfield,East,21
19:47,3677,Silas,Thatcher,Brambleford,West,9
19:47,3827,Sidney,Tyler,Hartwell,South,8
19:47,3837,Milo,Dennett,Emberfield,North,29
19:47,3850,Imogen,Wrenn,Marrowby,South,15
19:47,3853,Maud,Vesey,Greyhaven,East,1
19:47,3856,Cecil,Trask,Emberfield,West,30
19:47,4199,Clement,Kemp,Nettlefold,North,4
19:47,4296,Maud,Kettle,Ashcombe,West,15
19:47,4450,Milo,Warrender,Sloe Green,North,20
19:47,5000,Hilda,Sparrow,Emberfield,South,20
19:47,5172,Daisy,Kerrigan,Nettlefold,South,21
19:47,5216,Milo,Ferrand,Brambleford,East,22
19:47,5408,Esther,Jarrett,Marrowby,South,22
19:48,0047,Esther,Cutler,Ashcombe,West,1
19:48,0107,Alice,Pym,Hartwell,North,14
19:48,0979,Una,Finch,Emberfield,West,36
19:48,0997,Ray,Moss,Hartwell,West,15
19:48,1136,Milo,Mercer,Emberfield,South,34
19:48,1180,Imogen,Thatcher,Foxhollow,South,6
19:48,1446,Imogen,Pym,Foxhollow,North,25
19:48,1977,Maud,Sparrow,Brambleford,West,30
19:48,2083,Cecil,Barrow,Brambleford,West,29
19:48,2092,Emily,Thackery,Ashcombe,North,28
19:48,2317,Dolly,Burrows,Brambleford,South,10
19:48,2421,Greta,Parrish,Ashcombe,South,27
19:48,2602,Otto,Keel,Juniper Cross,South,6
19:48,2746,Beatrix,Varley,Kestrel Bay,North,20
19:48,3008,Harvey,Wren,Foxhollow,West,27
19:48,3041,Gwen,Scott,Marrowby,West,3
19:48,3321,Lydia,Minns,Pennywick,West,13
19:48,4864,Gilbert,Keel,Emberfield,West,3
19:48,5361,Olive,Hadley,Nettlefold,West,12
19:48,5720,Archie,Venning,Sloe Green,East,20
19:49,0175,Ida,Abbott,Emberfield,West,10
19:49,0200,Ruth,Tully,Emberfield,North,31
19:49,0955,Greta,Copper,Ashcombe,North,28
19:49,1056,Ray,Blackwood,Ashcombe,West,15
19:49,1812,Nell,Kemp,Pennywick,South,16
19:49,2205,Martha,Brook,Sloe Green,South,7
19:49,2280,Ned,Starling,Emberfield,West,14
19:49,2461,Cora,Perrin,Oakhurst,North,33
19:49,2774,Gilbert,Abbott,Nettlefold,South,35
19:49,3345,Mabel,Vesey,Pennywick,North,7
19:49,3643,Audrey,Denny,Marrowby,North,12
19:49,3785,Kit,Miller,Ashcombe,South,22
19:49,4118,Joan,Burrows,Emberfield,West,9
19:49,4383,Gilbert,Birch,Emberfield,North,5
19:49,4670,Xavier,Lynn,Greyhaven,North,17
19:49,4734,Thea,Hobbs,Elderbrook,North,21
19:49,4874,Fenella,Quill,Sloe Green,East,27
19:49,4879,Esther,Wadding,Juniper Cross,East,23
19:49,4967,Dolly,Oakes,Emberfield,West,13
19:49,5092,Molly,Burrows,Greyhaven,North,9
19:49,5161,Ray,Venning,Hartwell,South,24
19:49,5233,Dorothy,Reeve,Ashcombe,South,34
19:49,5296,Ottilie,Webb,Hartwell,West,16
19:49,5375,Ivor,Mallet,Dunmoor,South,22
19:49,5439,Edie,Kerrigan,Marrowby,East,14
19:49,5704,Nell,Tebbutt,Greyhaven,West,11
19:49,5797,Bertie,Moss,Emberfield,North,1
19:50,0146,Bridget,Tanner,Ashcombe,North,11
19:50,0563,Ethel,Hobbs,Emberfield,West,15
19:50,1932,Evelyn,Merritt,Sloe Green,East,24
19:50,1973,Stanley,Sparrow,Kestrel Bay,North,12
19:50,2789,Sadie,Elwood,Oakhurst,North,3
19:50,3445,Bertie,Thatcher,Hartwell,South,25
19:50,3655,Ivor,Dunn,Sloe Green,West,9
19:50,4010,Alice,Kennett,Marrowby,East,1
19:50,4243,Ivor,Abbott,Nettlefold,South,19
19:50,5448,Harold,Hurst,Emberfield,North,3
19:51,0334,Ivy,Finch,Emberfield,West,28
19:51,0401,Olive,Penny,Emberfield,West,35
19:51,0799,Edie,Tyler,Greyhaven,North,13
19:51,0823,Teddy,Barrow,Pennywick,West,16
19:51,1013,Mavis,Scott,Emberfield,East,3
19:51,1454,Emily,Tebbutt,Hartwell,West,22
19:51,1583,Myrtle,Reeve,Ashcombe,South,30
19:51,1823,Timothy,Drake,Marrowby,North,23
19:51,1959,Lydia,Neville,Nettlefold,West,14
19:51,1965,Freda,Linnell,Brambleford,West,29
19:51,2279,Pip,Minns,Emberfield,West,16
19:51,3148,Maud,Carver,Emberfield,East,30
19:51,3290,Ernest,Barrow,Brambleford,East,31
19:51,3411,Frances,Abbott,Hartwell,West,32
19:51,3519,Evelyn,Sellers,Elderbrook,North,23
19:51,4663,Henry,Keel,Emberfield,South,28
19:51,5546,Arthur,Terrell,Emberfield,West,9
19:51,5791,Lydia,Barrett,Emberfield,East,4
19:52,0111,Mabel,Varley,Copperwell,West,21
19:52,0337,Frances,Hill,Emberfield,East,36
19:52,1209,Kit,Burrows,Emberfield,East,17
19:52,1639,Minnie,Thackery,Hartwell,North,15
19:52,2389,Myrtle,Scott,Emberfield,West,31
19:52,2644,Amos,Linnell,Juniper Cross,South,6
19:52,3184,Fenella,Sykes,Nettlefold,East,27
19:52,3351,Enid,Kennett,Emberfield,North,2
19:52,3501,Wilfred,Jarrett,Emberfield,South,1
19:52,3607,Daisy,Lark,Kestrel Bay,East,27
19:52,3717,Olive,Burrows,Copperwell,South,19
19:52,3846,Ned,Oakes,Pennywick,West,13
19:52,4273,Joan,Barrett,Emberfield,South,36
19:52,4502,Pip,Finch,Ashcombe,West,28
19:52,4526,Enid,Carver,Brambleford,North,9
19:52,4563,Ivor,Bennett,Dunmoor,North,18
19:52,4694,Bella,Dell,Nettlefold,South,13
19:52,4698,Lena,Pollard,Elderbrook,North,22
19:52,4784,Iris,Kennett,Pennywick,West,8
19:52,4826,Barnaby,Jenner,Brambleford,East,27
19:52,5236,Tobias,Penny,Emberfield,North,17
19:53,0085,Otto,Ainsley,Kestrel Bay,North,23
19:53,0279,Rowena,Dell,Emberfield,North,16
19:53,0538,Nora,Wheeler,Elderbrook,East,15
19:53,0866,Ernest,Ellery,Ashcombe,South,3
19:53,0956,Bridget,Thackery,Dunmoor,North,16
19:53,0986,Celia,Tennyson,Brambleford,West,23
19:53,1080,Ada,Hurst,Pennywick,North,18
19:53,1299,Harvey,Brook,Marrowby,West,10
19:53,1376,Hugo,Pinnock,Elderbrook,East,8
19:53,1798,Minnie,Linnell,Ashcombe,East,7
19:53,1840,Tobias,Gibbs,Pennywick,West,13
19:53,2298,Milo,Blackwood,Greyhaven,North,4
19:53,2835,Teddy,Dell,Elderbrook,South,15
19:53,2987,Margot,Innes,Sloe Green,South,4
19:53,3515,Audrey,Dennett,Emberfield,West,20
19:53,4420,Winnie,Cobb,Emberfield,South,13
19:53,4482,Clement,Jewell,Copperwell,South,33
19:53,5186,Dora,Tanner,Sloe Green,West,32
19:53,5188,Thea,Mallet,Pennywick,East,21
19:53,5398,Sadie,Mallet,Foxhollow,South,4
19:53,5462,Martha,Sallow,Emberfield,West,24
19:53,5808,Bertie,Hayward,Marrowby,South,17
19:54,0119,Una,Pryce,Emberfield,West,27
19:54,0372,Kit,Winnard,Emberfield,West,24
19:54,0561,Sidney,Minns,Copperwell,South,12
19:54,1375,Albert,Dell,Elderbrook,South,32
19:54,1378,Cyril,Venning,Emberfield,North,5
19:54,1648,Margot,Crane,Ashcombe,South,24
19:54,2697,Mavis,Pennell,Foxhollow,North,21
19:54,2748,Lottie,Ainsley,Elderbrook,West,14
19:54,3076,Percy,Winnard,Nettlefold,West,8
19:54,4476,Olive,Neville,Greyhaven,East,13
19:54,4601,Edgar,Miller,Emberfield,North,2
19:54,4654,Hazel,Wheeler,Marrowby,South,13
19:54,5559,Una,Kemp,Brambleford,East,5
19:54,5718,Muriel,Glass,Marrowby,North,5
19:54,5800,Sidney,Tuck,Emberfield,West,14
19:54,5935,Josie,Vesey,Kestrel Bay,East,12
19:55,0098,Archie,Rainer,Marrowby,South,8
19:55,0470,Hilda,Webb,Marrowby,West,31
19:55,0579,Violet,Pollard,Emberfield,North,12
19:55,0762,Martha,Kerrigan,Brambleford,South,36
19:55,0909,Pip,Pennell,Emberfield,East,23
19:55,1022,Harold,Tully,Dunmoor,East,28
19:55,1048,Lydia,Gull,Oakhurst,South,12
19:55,1063,Martha,Ainsley,Copperwell,South,2
19:55,1183,Hugo,Quill,Emberfield,West,34
19:55,1626,Ray,Burrows,Hartwell,South,36
19:55,3178,Elsie,Trask,Emberfield,South,31
19:55,3342,Ada,Trask,Juniper Cross,North,31
19:55,3922,Nell,Merritt,Greyhaven,West,30
19:55,4204,Muriel,Mercer,Emberfield,North,2
19:55,4739,Myrtle,Rainer,Emberfield,South,5
19:55,4787,Esther,Hobbs,Nettlefold,East,32
19:55,4802,Josie,Harrell,Emberfield,North,3
19:55,5217,Lydia,Hale,Emberfield,East,14
19:55,5308,Ray,Keel,Copperwell,East,25
19:55,5780,Albert,Bell,Oakhurst,North,21
19:56,0412,Olive,Carrell,Ashcombe,South,18
19:56,0918,Bella,Copper,Dunmoor,South,30
19:56,1297,Ethel,Harrell,Hartwell,North,10
19:56,1591,Otto,Bell,Kestrel Bay,North,28
19:56,2855,Hazel,Bennett,Emberfield,East,35
19:56,3487,Henry,Neville,Nettlefold,North,24
19:56,4535,Jasper,Marsh,Dunmoor,West,24
19:56,4913,Effie,Wrenn,Greyhaven,East,35
19:56,5113,Lily,Moss,Foxhollow,East,18
19:56,5458,Wilfred,Lark,Juniper Cross,South,22
19:56,5798,Nora,Oakes,Oakhurst,West,33
19:57,0090,Oscar,Hollins,Emberfield,South,31
19:57,0275,Milo,Ainsley,Emberfield,East,34
19:57,0783,Fenella,Thatcher,Elderbrook,North,11
19:57,0916,Martha,Yeoman,Emberfield,North,35
19:57,1037,Archie,Brook,Greyhaven,East,34
19:57,1826,Bridget,Kemp,Juniper Cross,North,28
19:57,2167,Alice,Warrender,Sloe Green,South,19
19:57,2256,Bertie,Elwood,Emberfield,West,33
19:57,2953,Lydia,Ferrand,Juniper Cross,West,5
19:57,3359,Olive,Mallet,Foxhollow,North,3
19:57,3619,Nell,Jenner,Copperwell,North,1
19:57,4304,Hazel,Winnard,Emberfield,North,16
19:57,5347,Ivy,Oakes,Ashcombe,East,1
19:57,5354,Lionel,Warrender,Oakhurst,North,31
19:57,5634,Ruth,Hayward,Kestrel Bay,West,33
19:57,5700,Edith,Oakes,Dunmoor,East,1
19:57,5829,Molly,Miller,Brambleford,North,29
19:58,0152,Bella,Terrell,Oakhurst,East,28
19:58,0361,Mavis,Hollins,Sloe Green,South,19
19:58,0494,Ivor,Carrell,Greyhaven,South,27
19:58,0733,Kit,Clay,Greyhaven,East,27
19:58,1107,Ray,Sheppard,Oakhurst,West,35
19:58,1444,Jasper,Hobbs,Emberfield,West,9
19:58,1625,Alice,Yardley,Emberfield,South,16
19:58,1921,Xavier,Miller,Hartwell,East,20
19:58,2024,Sadie,Dunn,Emberfield,East,8
19:58,2793,Freda,Chandler,Emberfield,North,1
19:58,2813,Minnie,Merritt,Emberfield,South,31
19:58,2825,Ivy,Gibbs,Juniper Cross,East,17
19:58,2908,Esther,Blackwood,Nettlefold,North,27
19:58,3720,Percy,Farrell,Sloe Green,West,5
19:58,3741,Nora,Lark,Emberfield,West,12
19:58,4017,Ivy,Carrell,Sloe Green,South,23
19:58,5053,Ray,Mayhew,Pennywick,South,18
19:58,5276,Barnaby,Gray,Emberfield,West,7
19:58,5822,Freda,Sykes,Foxhollow,East,23
19:59,0510,Hazel,Oakes,Nettlefold,East,29
19:59,0599,Hugo,Parrish,Emberfield,West,29
19:59,0749,Stanley,Teller,Ashcombe,South,23
19:59,1108,Abigail,Tebbutt,Hartwell,South,19
19:59,2028,Mavis,Sykes,Pennywick,North,1
19:59,2216,Rhoda,Goodall,Elderbrook,South,16
19:59,2324,Nell,Quill,Foxhollow,South,20
19:59,2366,Otto,Sparrow,Ashcombe,North,19
19:59,2540,Maisie,Barrett,Greyhaven,West,25
19:59,2916,Ethel,Lytton,Oakhurst,West,17
19:59,3031,Poppy,Russell,Brambleford,North,5
19:59,3221,Ralph,Moss,Juniper Cross,West,10
19:59,3453,Leonard,Hadley,Pennywick,East,11
19:59,4098,Edgar,Pym,Copperwell,West,4
19:59,5464,Leonard,Pike,Emberfield,East,26
19:59,5770,Leonard,Walker,Emberfield,East,5
19:59,5905,Rupert,Gull,Emberfield,East,36
20:00,0118,Harriet,Trask,Dunmoor,East,17
20:00,1331,Edgar,Hollins,Dunmoor,East,35
20:00,1405,Lena,Webb,Greyhaven,South,16
20:00,1793,Annie,Ferrand,Foxhollow,East,30
20:00,1971,Edgar,Selby,Copperwell,North,22
20:00,2495,Hilda,Kemp,Dunmoor,North,9
20:00,2766,Otto,Darrow,Elderbrook,South,15
20:00,3480,Martha,Mayhew,Juniper Cross,South,14
20:00,3522,Molly,Yardley,Foxhollow,West,12
20:00,3889,Teddy,Copper,Kestrel Bay,East,30
20:00,4369,Annie,Pettit,Nettlefold,North,24
20:00,5298,Lily,Hazell,Kestrel Bay,East,36
20:00,5876,Ida,Nuttall,Nettlefold,North,19
20:00,5902,Maisie,Dunn,Foxhollow,West,2
20:01,0194,Harriet,Pym,Brambleford,East,17
20:01,0435,Ivy,Ainsley,Greyhaven,East,15
20:01,0486,Clement,Pennell,Sloe Green,South,26
20:01,0606,Edith,Bennett,Greyhaven,West,32
20:01,0723,Rhoda,Reeve,Juniper Cross,North,5
20:01,1089,Albert,Ferrand,Hartwell,West,14
20:01,1596,Bella,Cutler,Nettlefold,East,13
20:01,2053,Bertie,Teller,Brambleford,East,29
20:01,3024,Frances,Merritt,Oakhurst,North,10
20:01,3179,Cyril,Winnard,Brambleford,East,30
20:01,3270,Ray,Chandler,Marrowby,West,35
20:01,3507,Edgar,Denny,Ashcombe,North,17
20:01,3546,Cecil,Starling,Greyhaven,South,26
20:01,3680,Dolly,Venning,Emberfield,South,3
20:01,3852,Alfred,Kidd,Pennywick,South,1
20:01,3886,Effie,Hollins,Emberfield,North,7
20:01,3920,Ada,Hendry,Elderbrook,East,4
20:01,4658,Edie,Abbott,Emberfield,North,27
20:01,4945,Bertie,Copper,Sloe Green,West,12
20:01,4968,Kit,Ainsley,Ashcombe,West,17
20:01,5018,Rowena,Starling,Emberfield,West,9
20:01,5349,Joan,Nuttall,Foxhollow,North,19
20:01,5412,Zelda,Darrow,Juniper Cross,East,18
20:01,5584,Stanley,Platt,Hartwell,West,9
20:01,5602,Emily,Hendry,Emberfield,South,18
20:01,5752,Mavis,Wheeler,Emberfield,North,11
20:02,0062,Una,Crane,Marrowby,South,11
20:02,0853,Annie,Teller,Kestrel Bay,West,22
20:02,0857,Margot,Fell,Brambleford,North,24
20:02,1083,Ruth,Dell,Juniper Cross,West,30
20:02,1106,Una,Elwood,Foxhollow,North,8
20:02,1113,Ivor,Tully,Greyhaven,East,33
20:02,1178,Harold,Carver,Elderbrook,North,14
20:02,1187,Ivor,Sellers,Pennywick,North,35
20:02,1298,Bridget,Marsh,Emberfield,North,12
20:02,1656,Dolly,Warrender,Emberfield,East,33
20:02,2341,Martha,Glass,Emberfield,South,34
20:02,2441,Olive,Farrell,Sloe Green,North,4
20:02,2737,Ray,Tully,Nettlefold,North,26
20:02,3010,Clara,Tinsley,Elderbrook,North,10
20:02,3142,Vera,Dell,Hartwell,West,17
20:02,3406,Audrey,Carrell,Dunmoor,North,25
20:02,3729,Ernest,Hurst,Ashcombe,South,4
20:02,3786,Clement,Keel,Ashcombe,North,26
20:02,3887,Olive,Ferrand,Emberfield,South,26
20:02,5478,Muriel,Yardley,Emberfield,West,11
20:02,5494,Silas,Drake,Emberfield,East,11
20:02,5927,Sybil,Hayward,Emberfield,North,15
20:03,0637,Effie,Jewell,Nettlefold,East,23
20:03,1374,Ada,Tebbutt,Sloe Green,South,3
20:03,1426,Gilbert,Tuck,Emberfield,South,7
20:03,1528,Annie,Gibbs,Hartwell,South,24
20:03,1799,Gwen,Blackwood,Oakhurst,North,5
20:03,2047,Alice,Hale,Emberfield,North,35
20:03,2565,Nora,Kerrigan,Hartwell,East,15
20:03,2911,Percy,Vesey,Emberfield,North,28
20:03,3202,Ralph,Hendry,Greyhaven,West,10
20:03,4052,Greta,Wells,Greyhaven,West,27
20:03,4105,Thea,Hollins,Brambleford,North,4
20:03,4551,Bridget,Warrender,Ashcombe,South,5
20:03,4958,Daisy,Carrell,Emberfield,West,12
20:03,5831,Ivor,Fennell,Oakhurst,South,31
20:03,5882,Elsie,Kidd,Hartwell,North,32
20:04,0358,Edgar,Warrender,Elderbrook,West,20
20:04,0828,Otto,Brook,Marrowby,East,31
20:04,1051,Agnes,Sellers,Nettlefold,North,20
20:04,2065,Isla,Winnard,Emberfield,East,21
20:04,2534,Lottie,Crane,Copperwell,East,10
20:04,2783,Ivor,Elwood,Sloe Green,North,25
20:04,2874,Rowena,Oakes,Emberfield,North,32
20:04,3308,Wilfred,Grange,Elderbrook,West,24
20:04,3986,Frances,Garnett,Kestrel Bay,South,9
20:04,4148,Quentin,Tully,Juniper Cross,West,8
20:04,4291,Arthur,Hazell,Emberfield,South,9
20:04,5012,Rhoda,Burrows,Marrowby,North,22
20:04,5024,Archie,Abbott,Nettlefold,East,18
20:04,5514,Cecil,Yardley,Kestrel Bay,North,25
20:04,5544,Cora,Glass,Copperwell,East,29
20:04,5731,Thea,Bell,Emberfield,North,23
20:04,5998,Percy,Pollard,Greyhaven,West,33
20:05,0164,Monty,Dell,Foxhollow,South,1
20:05,0931,Leonard,Darrow,Copperwell,South,20
20:05,1322,Mabel,Mayhew,Hartwell,East,1
20:05,2432,Rosa,Keel,Elderbrook,West,17
20:05,2587,Mabel,Wrenn,Emberfield,East,16
20:05,2891,Stanley,Drake,Elderbrook,North,1
20:05,2967,Rowena,Fennell,Sloe Green,South,32
20:05,3132,Poppy,Warrender,Brambleford,South,11
20:05,3386,Bridget,Nuttall,Pennywick,North,30
20:05,3443,Silas,Wren,Copperwell,East,36
20:05,3675,Martha,Marsh,Marrowby,East,34
20:05,4816,Annie,Jewell,Ashcombe,West,15
20:05,4944,Josie,Tuck,Emberfield,East,35
20:05,4983,Dolly,Bramwell,Copperwell,East,20
20:06,0322,Muriel,Tidwell,Elderbrook,West,16
20:06,0455,Enid,Brett,Copperwell,North,34
20:06,1954,Rowena,Dunn,Dunmoor,West,31
20:06,2787,Gwen,Lytton,Pennywick,West,32
20:06,3918,Ernest,Birch,Nettlefold,East,24
20:06,4150,Emily,Keel,Emberfield,West,27
20:06,4255,Kit,Hill,Emberfield,North,18
20:06,4564,Kit,Wrenn,Copperwell,East,4
20:06,4782,Myrtle,Tully,Emberfield,North,36
20:06,5157,Bella,Barrow,Foxhollow,North,12
20:07,0091,Ernest,Jewell,Brambleford,West,5
20:07,0234,Barnaby,Cutler,Sloe Green,North,25
20:07,0363,Greta,Bell,Emberfield,West,5
20:07,0419,Ralph,Mayhew,Dunmoor,North,35
20:07,0775,Margot,Whitt,Emberfield,South,18
20:07,0785,Clara,Walker,Hartwell,East,12
20:07,0969,Lena,Hale,Pennywick,North,21
20:07,2233,Jasper,Hadley,Foxhollow,West,26
20:07,2282,Abigail,Finch,Ashcombe,North,13
20:07,2439,Harriet,Hadley,Emberfield,West,2
20:07,2564,Florence,Thatcher,Emberfield,South,33
20:07,3381,Ralph,Abbott,Greyhaven,East,32
20:07,3864,Vera,Reeve,Dunmoor,West,1
20:07,4027,Beatrix,Harrell,Juniper Cross,West,26
20:07,4106,Nell,Dell,Foxhollow,North,3
20:07,4249,Hilda,Carrell,Sloe Green,West,3
20:07,4804,Ottilie,Minns,Nettlefold,West,25
20:07,4877,Ned,Kemp,Kestrel Bay,North,15
20:07,5124,Lily,Burrows,Emberfield,West,9
20:07,5153,Maud,Venning,Foxhollow,South,12
20:07,5788,Kit,Sallow,Sloe Green,West,26
20:08,0140,Percy,Harrell,Foxhollow,East,27
20:08,0764,Stanley,Keel,Foxhollow,North,16
20:08,0822,Percy,Chandler,Emberfield,East,7
20:08,0837,Nora,Thackery,Emberfield,East,2
20:08,1162,Rupert,Hill,Emberfield,West,11
20:08,1204,Pip,Quill,Greyhaven,South,29
20:08,1443,Imogen,Farrell,Emberfield,West,19
20:08,1548,Timothy,Scott,Kestrel Bay,West,22
20:08,2152,Percy,Venning,Pennywick,West,24
20:08,2714,Harvey,Kerrigan,Copperwell,East,24
20:08,2992,Greta,Grange,Emberfield,South,12
20:08,3913,Rupert,Tyler,Juniper Cross,North,18
20:08,4265,Hilda,Scott,Elderbrook,North,15
20:08,4570,Edie,Jewell,Sloe Green,West,18
20:08,4638,Arthur,Pinnock,Emberfield,South,2
20:08,5028,Daisy,Miller,Sloe Green,North,28
20:08,5170,Mavis,Hadley,Emberfield,South,19
20:08,5359,Ernest,Denny,Ashcombe,South,14
20:08,5614,Stanley,Pettit,Nettlefold,South,14
20:09,0032,Rowena,Hill,Dunmoor,North,22
20:09,0268,Margot,Birch,Sloe Green,North,6
20:09,0339,Josie,Winnard,Elderbrook,South,3
20:09,0593,Stella,Winnard,Emberfield,South,30
20:09,0658,Alice,Russell,Greyhaven,North,14
20:09,0691,Poppy,Carrell,Nettlefold,North,26
20:09,1123,Ivy,Wheeler,Elderbrook,South,21
20:09,1423,Effie,Minns,Dunmoor,North,27
20:09,1588,Martha,Burrows,Emberfield,West,26
20:09,1619,Barnaby,Glass,Hartwell,East,32
20:09,1983,Muriel,Hartley,Greyhaven,West,26
20:09,3130,Monty,Nash,Sloe Green,North,22
20:09,3405,Silas,Parrish,Brambleford,West,30
20:09,3571,Edgar,Chandler,Brambleford,South,30
20:09,3594,Muriel,Pym,Oakhurst,West,32
20:09,3993,Annie,Gray,Emberfield,North,20
20:09,4289,Kit,Kennett,Greyhaven,West,8
20:09,4361,Cora,Ferrand,Dunmoor,East,20
20:09,4621,Bridget,Ainsley,Dunmoor,North,32
20:09,4789,Arthur,Skerritt,Greyhaven,South,33
20:09,4974,Nell,Hendry,Nettlefold,East,22
20:09,5725,Arthur,Webb,Ashcombe,East,18
20:09,5972,Poppy,Tyler,Greyhaven,East,3
20:10,0283,Celia,Barrett,Greyhaven,East,28
20:10,0437,Isla,Yardley,Oakhurst,South,34
20:10,0673,Sadie,Burrows,Emberfield,East,11
20:10,1289,Arthur,Pennell,Hartwell,East,35
20:10,1391,Maisie,Warrender,Emberfield,North,7
20:10,1448,Martha,Trask,Sloe Green,West,14
20:10,1581,Gwen,Tanner,Juniper Cross,South,26
20:10,2236,Stella,Neville,Emberfield,North,12
20:10,2528,Henry,Wren,Sloe Green,South,32
20:10,2681,Edie,Sheppard,Juniper Cross,North,20
20:10,2688,Barnaby,Nuttall,Foxhollow,South,7
20:10,2927,Minnie,Carrell,Oakhurst,North,20
20:10,3554,Beatrix,Yeoman,Sloe Green,North,27
20:10,4165,Gwen,Tinsley,Elderbrook,North,8
20:10,4686,Albert,Bennett,Emberfield,North,18
20:10,5589,Zelda,Sheppard,Oakhurst,South,7
20:10,5846,Gwen,Sparrow,Juniper Cross,West,5
20:11,0540,Monty,Skerritt,Emberfield,East,27
20:11,0640,Zelda,Wadding,Elderbrook,West,21
20:11,0971,Cora,Jenner,Juniper Cross,North,13
20:11,1069,Stanley,Miller,Emberfield,South,35
20:11,1346,Abigail,Dennett,Oakhurst,East,34
20:11,1365,Phoebe,Sallow,Emberfield,East,29
20:11,1491,Jude,Pike,Emberfield,North,14
20:11,1694,Florence,Harker,Emberfield,East,12
20:11,2692,Timothy,Warrender,Emberfield,North,8
20:11,3058,Dorothy,Glass,Emberfield,North,35
20:11,3263,Albert,Tanner,Oakhurst,West,23
20:11,3598,Jude,Barrow,Emberfield,East,3
20:11,3807,Cora,Scott,Emberfield,North,8
20:11,4097,Barnaby,Skerritt,Emberfield,East,34
20:11,4157,Harvey,Bennett,Sloe Green,East,23
20:11,4690,Olive,Hayward,Emberfield,North,29
20:11,5020,Joan,Ainsley,Juniper Cross,West,16
20:12,0143,Sidney,Pollard,Ashcombe,East,18
20:12,0263,Edith,Hendry,Kestrel Bay,South,27
20:12,0425,Quentin,Linnell,Emberfield,East,3
20:12,0628,Thea,Kerrigan,Dunmoor,West,14
20:12,2175,Amos,Jenner,Foxhollow,East,15
20:12,2322,Beatrix,Platt,Juniper Cross,North,25
20:12,2794,Ned,Linnell,Greyhaven,East,13
20:12,2841,Hilda,Garnett,Sloe Green,North,27
20:12,2942,Edmund,Fell,Elderbrook,North,28
20:12,2952,Kit,Yeoman,Emberfield,North,3
20:12,3326,Annie,Tuck,Sloe Green,South,17
20:12,3896,Lottie,Neville,Greyhaven,East,3
20:12,4206,Cecil,Jarrett,Emberfield,West,14
20:12,4293,Jasper,Tully,Emberfield,East,33
20:12,4629,Hazel,Bell,Brambleford,North,29
20:12,4799,Nora,Terrell,Kestrel Bay,South,35
20:12,4854,Winnie,Dennett,Emberfield,East,22
20:12,4886,Harriet,Barrow,Oakhurst,North,30
20:13,1181,Enid,Russell,Ashcombe,South,4
20:13,1778,Stanley,Fennell,Elderbrook,North,29
20:13,1864,Lily,Wheeler,Copperwell,West,23
20:13,1917,Florence,Neville,Ashcombe,East,23
20:13,1993,Cecil,Pryce,Oakhurst,North,9
20:13,2757,Lena,Cutler,Juniper Cross,South,16
20:13,2912,Ray,Pennell,Greyhaven,North,34
20:13,3049,Enid,Copper,Brambleford,South,23
20:13,3355,Imogen,Reeve,Emberfield,East,18
20:13,3570,Wilfred,Abbott,Hartwell,East,36
20:13,3696,Henry,Kemp,Emberfield,East,9
20:13,3966,Ottilie,Whitt,Hartwell,East,10
20:13,4314,Bernard,Hayward,Foxhollow,West,13
20:13,6000,Emily,Dennett,Kestrel Bay,South,31
20:14,2113,Barnaby,Sheppard,Emberfield,East,13
20:14,2915,Teddy,Merritt,Ashcombe,East,21
20:14,3199,Rupert,Bell,Dunmoor,South,16
20:14,3284,Ethel,Hurst,Juniper Cross,South,4
20:14,3700,Ray,Tanner,Oakhurst,West,23
20:14,4688,Audrey,Fennell,Elderbrook,South,32
20:14,5740,Cecil,Hendry,Emberfield,West,29
20:15,0475,Leonard,Goodall,Emberfield,East,29
20:15,0852,Abigail,Whitt,Juniper Cross,East,18
20:15,1122,Silas,Tanner,Kestrel Bay,South,24
20:15,1134,Agnes,Moss,Ashcombe,South,20
20:15,1316,Rosa,Chandler,Oakhurst,East,19
20:15,1558,Harvey,Harker,Hartwell,East,2
20:15,1926,Bertie,Dell,Sloe Green,South,28
20:15,3117,Clara,Platt,Ashcombe,North,15
20:15,3187,Lionel,Kettle,Nettlefold,South,12
20:15,3447,Emily,Harrell,Emberfield,North,22
20:15,3534,Ernest,Terrell,Hartwell,North,15
20:15,3930,Cyril,Wrenn,Greyhaven,East,22
20:15,4218,Mavis,Pryce,Emberfield,West,15
20:15,4280,Hugo,Pryce,Oakhurst,North,29
20:15,4558,Arthur,Hendry,Nettlefold,North,26
20:15,5535,Violet,Whitt,Dunmoor,East,17
20:15,5869,Mabel,Grange,Emberfield,West,35
20:15,5995,Xavier,Wells,Foxhollow,North,34
20:16,0177,Lydia,Sparrow,Juniper Cross,West,10
20:16,0548,Greta,Bramwell,Emberfield,West,33
20:16,2007,Rhoda,Vesey,Emberfield,South,18
20:16,2039,Ned,Tinsley,Nettlefold,East,17
20:16,3472,Stella,Kettle,Brambleford,South,2
20:16,3557,Elsie,Tidwell,Copperwell,West,36
20:16,4034,Tobias,Carver,Foxhollow,South,21
20:16,4389,Lydia,Merritt,Foxhollow,North,3
20:16,4599,Quentin,Winnard,Copperwell,East,14
20:16,4620,Joan,Hollins,Emberfield,West,15
20:16,5197,Edith,Finch,Dunmoor,West,29
20:16,5299,Olive,Kidd,Kestrel Bay,South,23
20:17,0121,Rosa,Hadley,Oakhurst,North,3
20:17,0385,Vera,Lennard,Emberfield,South,1
20:17,0578,Poppy,Burrows,Pennywick,North,21
20:17,0800,Lily,Nash,Pennywick,South,1
20:17,1947,Emily,Cobb,Emberfield,North,34
20:17,2010,Alice,Pinnock,Greyhaven,South,28
20:17,2615,Tobias,Jewell,Hartwell,East,36
20:17,2894,Lottie,Hartley,Marrowby,North,15
20:17,2977,Thea,Kennett,Hartwell,South,20
20:17,3682,Edie,Farrell,Greyhaven,South,23
20:17,3725,Dora,Nuttall,Emberfield,North,27
20:17,3851,Ethel,Penny,Emberfield,East,6
20:17,4002,Myrtle,Hartley,Copperwell,West,13
20:17,4057,Hugo,Copper,Emberfield,South,12
20:17,4890,Alfred,Platt,Emberfield,North,4
20:17,4933,Imogen,Carrell,Foxhollow,North,16
20:17,4966,Edith,Merritt,Emberfield,East,29
20:17,4980,Maisie,Hurst,Hartwell,West,24
20:17,5226,Ivor,Walker,Marrowby,South,20
20:17,5750,Sidney,Chandler,Juniper Cross,West,31
20:17,5894,Frances,Penny,Emberfield,East,28
20:18,0073,Mabel,Wheeler,Juniper Cross,North,18
20:18,0264,Archie,Hale,Emberfield,South,6
20:18,0379,Beatrix,Winnard,Kestrel Bay,South,17
20:18,0429,Timothy,Bennett,Kestrel Bay,West,13
20:18,0954,Alfred,Pike,Brambleford,South,26
20:18,1125,Hilda,Pym,Emberfield,South,14
20:18,1422,Albert,Jarrett,Dunmoor,North,32
20:18,1496,Otto,Dunn,Kestrel Bay,North,17
20:18,1668,Imogen,Hayward,Emberfield,South,27
20:18,1698,Greta,Ainsley,Ashcombe,North,20
20:18,2513,Effie,Sheppard,Greyhaven,North,33
20:18,2584,Rupert,Quill,Marrowby,West,18
20:18,2960,Maisie,Keel,Emberfield,North,2
20:18,3865,Iris,Gray,Emberfield,South,5
20:18,4829,Esther,Sheppard,Copperwell,North,10
20:18,5476,Freda,Neville,Emberfield,East,10
20:18,5485,Audrey,Burrows,Sloe Green,South,20
20:18,5540,Lily,Trask,Oakhurst,West,28
20:18,5583,Henry,Dennett,Juniper Cross,West,23
20:18,5762,Ivor,Wheeler,Elderbrook,West,8
20:18,5812,Silas,Elwood,Emberfield,North,19
20:19,0173,Henry,Garnett,Foxhollow,West,32
20:19,0180,Dorothy,Sykes,Dunmoor,West,11
20:19,0511,Elsie,Lark,Sloe Green,West,25
20:19,0882,Jude,Pinnock,Emberfield,South,3
20:19,1573,Josie,Marsh,Copperwell,East,5
20:19,1828,Jasper,Nash,Ashcombe,South,14
20:19,2043,Dolly,Kidd,Emberfield,North,34
20:19,2996,Silas,Penny,Emberfield,East,28
20:19,3393,Ethel,Sheppard,Dunmoor,East,16
20:19,4330,Xavier,Chandler,Elderbrook,North,6
20:19,4866,Clara,Drake,Greyhaven,West,8
20:19,5122,Harvey,Jarrett,Emberfield,North,34
20:20,0438,Archie,Cutler,Marrowby,East,28
20:20,0770,Jude,Lark,Foxhollow,North,19
20:20,0958,Ada,Sallow,Marrowby,South,20
20:20,1027,Ottilie,Terrell,Dunmoor,North,11
20:20,1164,Imogen,Platt,Greyhaven,East,16
20:20,1239,Wilfred,Pym,Copperwell,West,31
20:20,1362,Josie,Denny,Emberfield,East,31
20:20,1672,Cora,Ellery,Oakhurst,West,34
20:20,2730,Sybil,Kerrigan,Copperwell,North,6
20:20,2763,Barnaby,Dennett,Sloe Green,East,13
20:20,2989,Jude,Webb,Greyhaven,East,24
20:20,3648,Quentin,Kemp,Dunmoor,West,30
20:20,5126,Dorothy,Tennyson,Sloe Green,East,6
20:20,5222,Mavis,Birch,Juniper Cross,West,35
20:20,5385,Jude,Yardley,Kestrel Bay,East,10
20:20,5889,Bridget,Skerritt,Elderbrook,West,9
20:20,5907,Daisy,Venning,Foxhollow,North,18
20:21,0784,Lena,Lark,Juniper Cross,East,22
20:21,0900,Jude,Cutler,Emberfield,South,27
20:21,1179,Dora,Lennard,Dunmoor,South,23
20:21,1475,Clara,Kerrigan,Ashcombe,South,18
20:21,1519,Myrtle,Wren,Copperwell,West,8
20:21,1575,Edith,Mayhew,Kestrel Bay,East,22
20:21,1844,Mavis,Carver,Emberfield,South,14
20:21,1865,Cora,Mercer,Emberfield,East,30
20:21,1997,Hazel,Yardley,Sloe Green,North,21
20:21,2169,Jude,Burrows,Ashcombe,North,36
20:21,2325,Cora,Mayhew,Dunmoor,West,29
20:21,2338,Ethel,Ellery,Oakhurst,North,29
20:21,2407,Mavis,Carrell,Ashcombe,West,7
20:21,2683,Alfred,Winnard,Pennywick,West,5
20:21,3126,Frances,Elwood,Pennywick,East,19
20:21,3373,Nell,Venning,Emberfield,South,33
20:21,3588,Arthur,Wheeler,Emberfield,East,34
20:21,3780,Myrtle,Venning,Emberfield,West,10
20:21,3894,Albert,Denny,Emberfield,North,3
20:21,4093,Timothy,Nuttall,Brambleford,West,6
20:21,4335,Hilda,Tuck,Hartwell,South,36
20:21,4596,Bertie,Harrell,Brambleford,North,32
20:21,5959,Joan,Hadley,Ashcombe,North,11
20:22,0685,Nora,Gull,Emberfield,East,13
20:22,1085,Ivor,Yardley,Ashcombe,South,10
20:22,2591,Stella,Varley,Ashcombe,North,26
20:22,2963,Thea,Tanner,Emberfield,North,15
20:22,3291,Dora,Wren,Hartwell,East,31
20:22,3396,Alfred,Pollard,Emberfield,East,8
20:22,3637,Nora,Carver,Hartwell,East,15
20:22,4506,Dolly,Hadley,Dunmoor,North,3
20:22,4593,Xavier,Penny,Oakhurst,West,1
20:22,4775,Ivor,Crane,Nettlefold,North,11
20:22,5166,Beatrix,Hollins,Dunmoor,East,3
20:22,5190,Cecil,Tanner,Juniper Cross,East,11
20:23,0258,Maisie,Gibbs,Ashcombe,West,20
20:23,0987,Josie,Wheeler,Brambleford,East,28
20:23,1074,Gwen,Hollins,Elderbrook,North,21
20:23,2104,Frances,Finch,Sloe Green,West,19
20:23,2919,Poppy,Keel,Marrowby,East,10
20:23,2988,Ernest,Burrows,Brambleford,West,10
20:23,3006,Archie,Mercer,Emberfield,North,30
20:23,3217,Bertie,Denny,Hartwell,North,32
20:23,3399,Bertie,Sallow,Emberfield,East,3
20:23,3508,Lionel,Keel,Emberfield,East,14
20:23,4276,Ruth,Walker,Emberfield,North,5
20:23,4657,Joan,Bell,Ashcombe,North,13
20:23,4842,Nora,Ferrand,Elderbrook,North,5
20:23,4989,Ray,Rainer,Emberfield,West,24
20:23,5164,Sybil,Burrows,Greyhaven,South,2
20:24,0172,Iris,Crane,Juniper Cross,South,16
20:24,0393,Ned,Goodall,Elderbrook,North,33
20:24,1542,Percy,Hadley,Emberfield,East,5
20:24,1780,Leonard,Copper,Kestrel Bay,West,19
20:24,1814,Harold,Grange,Emberfield,North,25
20:24,1969,Kit,Brett,Copperwell,East,24
20:24,2427,Winnie,Pennell,Copperwell,West,2
20:24,2667,Quentin,Hendry,Elderbrook,North,20
20:24,2690,Harold,Ainsley,Greyhaven,South,35
20:24,2752,Pip,Fennell,Emberfield,South,22
20:24,3171,Effie,Reeve,Ashcombe,South,8
20:24,3606,Stanley,Hayward,Sloe Green,East,7
20:24,3611,Vera,Sheppard,Emberfield,South,18
20:24,3678,Fenella,Merritt,Emberfield,North,21
20:24,4244,Lydia,Starling,Elderbrook,South,31
20:24,5191,Rupert,Parrish,Emberfield,North,27
20:24,5447,Clement,Burrows,Kestrel Bay,East,35
20:24,5681,Jude,Whitt,Nettlefold,South,5
20:25,1340,Celia,Sellers,Ashcombe,North,12
20:25,1610,Nora,Pinnock,Dunmoor,North,23
20:25,1649,Ruth,Bramwell,Sloe Green,South,19
20:25,2472,Pip,Hazell,Sloe Green,North,30
20:25,2872,Fenella,Kemp,Foxhollow,South,6
20:25,3237,Violet,Thackery,Emberfield,West,2
20:25,3987,Edie,Nuttall,Emberfield,South,15
20:25,4069,Ruth,Pym,Hartwell,West,19
20:25,4326,Sybil,Copper,Foxhollow,West,31
20:25,4741,Cyril,Chandler,Brambleford,North,28
20:25,4975,Olive,Jarrett,Copperwell,South,10
20:25,5336,Amos,Garnett,Hartwell,South,3
20:25,5785,Jude,Denny,Greyhaven,North,5
20:26,1071,Joan,Lytton,Emberfield,West,21
20:26,1291,Lydia,Garnett,Emberfield,North,36
20:26,1687,Albert,Darrow,Juniper Cross,North,18
20:26,1834,Lena,Lytton,Marrowby,North,2
20:26,4309,Clement,Lark,Oakhurst,North,11
20:26,4393,Bridget,Sykes,Greyhaven,South,16
20:26,4652,Gilbert,Lytton,Emberfield,West,14
20:26,4727,Beatrix,Drake,Marrowby,North,9
20:26,5067,Abigail,Wren,Hartwell,South,11
20:26,5818,Esther,Gray,Ashcombe,West,26
20:27,0163,Molly,Bramwell,Juniper Cross,West,3
20:27,0671,Muriel,Scott,Pennywick,East,26
20:27,0914,Alfred,Hurst,Marrowby,East,11
20:27,1266,Stella,Sheppard,Pennywick,East,7
20:27,1611,Effie,Hayward,Copperwell,North,24
20:27,2469,Arthur,Tennyson,Ashcombe,East,2
20:27,2597,Annie,Brett,Dunmoor,South,17
20:27,2910,Nora,Tully,Ashcombe,North,6
20:27,3377,Fenella,Barrett,Emberfield,South,2
20:27,3421,Quentin,Cobb,Ashcombe,East,6
20:27,3602,Ralph,Bell,Emberfield,West,2
20:27,3679,Fenella,Trask,Ashcombe,South,1
20:27,4129,Esther,Tuck,Dunmoor,North,36
20:27,5651,Cyril,Wheeler,Emberfield,West,16
20:28,1372,Mavis,Kidd,Marrowby,North,16
20:28,1645,Gilbert,Pettit,Elderbrook,West,2
20:28,1723,Clement,Carrell,Oakhurst,East,1
20:28,2398,Phoebe,Hendry,Ashcombe,South,5
20:28,2430,Harriet,Darrow,Marrowby,South,18
20:28,2863,Ralph,Whitt,Marrowby,East,13
20:28,2917,Quentin,Keel,Ashcombe,East,31
20:28,3042,Dolly,Yardley,Dunmoor,North,4
20:28,3496,Audrey,Sykes,Greyhaven,North,9
20:28,3891,Molly,Dell,Elderbrook,West,9
20:28,4158,Edgar,Pollard,Hartwell,North,31
20:28,4371,Olive,Sallow,Greyhaven,North,3
20:28,4424,Otto,Varley,Oakhurst,North,11
20:28,4788,Mabel,Clay,Pennywick,East,22
20:28,4916,Greta,Teller,Juniper Cross,East,5
20:28,5225,Lydia,Bennett,Hartwell,North,30
20:28,5326,Rosa,Walker,Sloe Green,North,21
20:28,5371,Henry,Perrin,Emberfield,North,30
20:28,5490,Clara,Mallet,Sloe Green,East,14
20:29,0929,Pip,Denny,Elderbrook,South,10
20:29,1264,Molly,Copper,Ashcombe,West,34
20:29,1682,Isla,Merritt,Nettlefold,West,25
20:29,2499,Maisie,Pettit,Oakhurst,South,32
20:29,2713,Sadie,Fennell,Greyhaven,South,20
20:29,3121,Arthur,Pettit,Nettlefold,West,18
20:29,3425,Stanley,Cobb,Emberfield,North,31
20:29,3473,Molly,Jenner,Sloe Green,West,32
20:29,3502,Sadie,Thatcher,Dunmoor,North,2
20:29,4107,Greta,Lark,Oakhurst,West,21
20:29,4186,Bernard,Wren,Foxhollow,East,1
20:29,4584,Bella,Reeve,Emberfield,East,6
