entry,ticket,first,last,town,gate,stall
16:00,0322,Willa,Brock,Nettlebarrow,Mill,8
16:00,0729,Olive,Shilton,Wexley,Orchard,6
16:00,1333,Ivo,Ackroyd,Birchfold,Mill,23
16:00,2298,Effie,Edwards,Pennyholt,Church,23
16:00,3000,Amos,Cobbold,Morrowmere,Bramble,10
16:00,4001,Oona,Twigg,Morrowmere,Bramble,12
16:00,4502,Mabel,Osgood,Yarrowby,Bramble,24
16:01,0287,Philippa,Oldfield,Morrowmere,Mill,4
16:01,0901,Iris,Ramsay,Dunwold,Orchard,10
16:01,1055,Cyril,Pocock,Morrowmere,Orchard,18
16:01,1194,Martha,Oddie,Birchfold,Mill,24
16:01,1476,Vera,Ebdon,Kittlewick,Bramble,8
16:01,2543,Lena,Inchley,Morrowmere,Orchard,36
16:01,2947,Blanche,Ibbott,Ashcott Heath,Church,13
16:01,3053,Nina,Lowe,Rushcombe,Church,32
16:01,3710,Ruth,Ellwood,Morrowmere,Orchard,5
16:01,5150,Amos,Raikes,Yarrowby,Bramble,7
16:01,5154,Sadie,Monk,Owlhallow,Bramble,19
16:02,0044,Augusta,Underwood,Kittlewick,Orchard,19
16:02,0057,Edmund,Satchell,Dunwold,Church,5
16:02,0188,Ezra,Ellwood,Birchfold,Bramble,9
16:02,0551,Beatrix,Allsop,Wexley,Church,18
16:02,1766,Ezra,Bowden,Hatherby,Orchard,36
16:02,3079,Lena,Oakley,Rushcombe,Bramble,8
16:02,3644,Clement,Maddox,Rushcombe,Orchard,7
16:02,4244,Vera,Elgood,Morrowmere,Orchard,16
16:02,4965,Cora,Ashdown,Morrowmere,Bramble,21
16:02,5475,Arthur,Tyson,Morrowmere,Bramble,8
16:02,5692,Eden,Chilton,Thornby Cross,Orchard,26
16:03,0360,Orson,Upton,Ashcott Heath,Church,27
16:03,0399,Miriam,Satchell,Kittlewick,Orchard,6
16:03,1250,Walter,Kaye,Rushcombe,Church,20
16:03,1470,Alma,Blythe,Owlhallow,Church,13
16:03,2091,Emma,Bunting,Hatherby,Mill,18
16:03,2613,Oona,Fawcett,Hatherby,Orchard,5
16:03,2927,Inez,Oakley,Nettlebarrow,Orchard,7
16:03,3494,Willa,Usworth,Brackenhythe,Church,21
16:03,3811,Lucian,Winslow,Rushcombe,Bramble,18
16:03,3884,Percy,Enright,Hatherby,Bramble,5
16:03,4281,Orla,Fairley,Owlhallow,Bramble,28
16:03,5392,Nina,Plumb,Hatherby,Mill,6
16:03,5435,Morris,Monk,Brackenhythe,Mill,34
16:03,5706,Mabel,Chalk,Brackenhythe,Bramble,10
16:04,0800,Helena,Clegg,Morrowmere,Church,33
16:04,2860,Miriam,Fairley,Wexley,Orchard,14
16:04,4316,Harriet,Oldfield,Morrowmere,Mill,1
16:04,5608,Cyril,Haldane,Owlhallow,Mill,22
16:05,0052,Myrtle,Ilsley,Morrowmere,Orchard,13
16:05,3860,Pip,Heskett,Ashcott Heath,Church,33
16:05,5125,Cedric,Hobday,Pennyholt,Bramble,29
16:05,5943,Annabel,Chilton,Ashcott Heath,Orchard,30
16:06,0286,Bertha,Bainbridge,Morrowmere,Bramble,33
16:06,0452,Jude,Monk,Ashcott Heath,Bramble,33
16:06,1604,Rhoda,Yates,Morrowmere,Mill,24
16:06,1656,Etta,Napier,Rushcombe,Church,6
16:06,2360,Enoch,Yates,Morrowmere,Church,3
16:06,4086,Ivy,Aske,Morrowmere,Bramble,34
16:06,4653,Anna,Brock,Hatherby,Orchard,25
16:07,0424,Clement,Ellwood,Morrowmere,Mill,35
16:07,1034,Enoch,Oldroyd,Owlhallow,Bramble,6
16:07,1460,Mabel,Dabney,Birchfold,Bramble,11
16:07,1825,Orla,Pocock,Morrowmere,Mill,20
16:07,3853,Ida,Twigg,Hatherby,Bramble,25
16:07,4285,Sadie,Chalk,Kittlewick,Mill,1
16:07,4882,Bertha,Yates,Thornby Cross,Bramble,19
16:08,0073,Enid,Bunting,Thornby Cross,Church,4
16:08,1996,Ada,Ambler,Dunwold,Bramble,11
16:09,0906,Hector,Ashwell,Fernley,Bramble,4
16:09,1344,Gwen,Padley,Brackenhythe,Orchard,33
16:09,1354,Viola,Gale,Rushcombe,Orchard,17
16:09,4176,Dorian,Webley,Dunwold,Bramble,8
16:09,4747,Gideon,Clegg,Pennyholt,Church,27
16:10,2154,Pip,Wilmot,Pennyholt,Orchard,36
16:10,2849,Maud,Witton,Dunwold,Bramble,27
16:10,2871,Kit,Ilsley,Morrowmere,Orchard,15
16:10,3628,Helena,Openshaw,Fernley,Bramble,27
16:10,3681,Lena,Gosling,Kittlewick,Church,26
16:10,4135,Celia,Ulverton,Kittlewick,Orchard,2
16:10,5758,Harriet,Maddox,Morrowmere,Bramble,7
16:11,0997,Flora,Oakley,Ashcott Heath,Church,26
16:11,4402,Orson,Ebdon,Nettlebarrow,Bramble,23
16:11,5972,Augusta,Bowden,Birchfold,Orchard,22
16:12,0061,Dora,Ashworth,Hatherby,Orchard,30
16:12,0162,Opal,Pocock,Nettlebarrow,Mill,10
16:12,0203,Harriet,Quayle,Morrowmere,Bramble,28
16:12,0794,Bertha,Uttley,Birchfold,Church,6
16:12,0897,Arlo,Brock,Ashcott Heath,Orchard,5
16:12,2290,Annabel,Ashwell,Morrowmere,Orchard,23
16:12,4615,Vera,Oddie,Morrowmere,Bramble,15
16:12,5643,Clement,Pellow,Yarrowby,Bramble,19
16:13,1011,Freda,Eskdale,Morrowmere,Orchard,20
16:13,1411,Pearl,Aske,Brackenhythe,Bramble,31
16:13,1432,Ezra,Inchley,Dunwold,Bramble,15
16:13,2780,Uma,Chilton,Brackenhythe,Church,32
16:13,2894,Elva,Nuttall,Rushcombe,Orchard,19
16:13,4160,Blanche,Yelland,Owlhallow,Mill,34
16:13,5859,Una,Gale,Morrowmere,Bramble,21
16:14,1507,Elsie,Ilsley,Owlhallow,Church,30
16:14,1630,Ebba,Hobday,Wexley,Bramble,21
16:14,2585,Philippa,Ewart,Hatherby,Church,34
16:14,3391,Effie,Uttley,Larkspur Green,Mill,35
16:14,3667,Nina,Upton,Kittlewick,Bramble,6
16:14,3727,Ivy,Clegg,Birchfold,Church,32
16:14,4597,Willa,Rudd,Hatherby,Bramble,8
16:14,5197,Quentin,Ainsworth,Ashcott Heath,Bramble,13
16:14,5567,Celia,Bainbridge,Larkspur Green,Orchard,35
16:15,0603,Arthur,Oxenford,Morrowmere,Church,16
16:15,2143,Martha,Nettles,Dunwold,Mill,36
16:15,5672,Flora,Overton,Owlhallow,Bramble,24
16:16,1131,Augusta,Sefton,Morrowmere,Church,4
16:16,2098,Flora,Tasker,Morrowmere,Church,4
16:16,4366,Elsie,Phelps,Rushcombe,Orchard,1
16:16,4669,Lydia,Sutton,Nettlebarrow,Bramble,29
16:16,4812,Helena,Godwin,Morrowmere,Mill,7
16:16,5010,Dorian,Fawcett,Morrowmere,Bramble,29
16:16,5957,Basil,Cobbold,Dunwold,Bramble,13
16:17,0801,Ida,Quayle,Larkspur Green,Orchard,27
16:17,2220,Iris,Digby,Wexley,Bramble,35
16:17,2264,Bella,Arkell,Ashcott Heath,Orchard,18
16:17,3373,Dorian,Gale,Kittlewick,Bramble,17
16:17,3987,Leonard,Wallis,Hatherby,Bramble,10
16:17,4225,Otto,Bunting,Wexley,Mill,23
16:17,5638,Dorian,Noakes,Thornby Cross,Mill,35
16:18,0989,Lavinia,Pickles,Hatherby,Orchard,21
16:18,4870,Dahlia,Newbolt,Fernley,Church,30
16:19,0077,Ruth,Wilmot,Birchfold,Orchard,9
16:19,3390,Edmund,Usworth,Nettlebarrow,Orchard,11
16:19,4118,Lottie,Ramsay,Birchfold,Bramble,10
16:20,0720,Ansel,Enright,Morrowmere,Bramble,35
16:20,0803,Nina,Mellish,Brackenhythe,Mill,8
16:20,1305,Ella,Atherton,Yarrowby,Bramble,12
16:20,1474,Maisie,Sallis,Pennyholt,Mill,36
16:20,1824,Alba,Phelps,Birchfold,Orchard,25
16:20,1924,Kit,Dawes,Birchfold,Bramble,14
16:20,3862,Alma,Lumsden,Yarrowby,Bramble,30
16:20,4226,Abel,Oldfield,Dunwold,Bramble,3
16:20,5186,Bernard,Ebdon,Ashcott Heath,Mill,14
16:21,2303,Effie,Stokes,Dunwold,Church,29
16:21,2444,Fabian,Heskett,Pennyholt,Church,18
16:21,2776,Helena,Yelland,Pennyholt,Bramble,18
16:21,3097,Elva,Ormerod,Nettlebarrow,Mill,23
16:21,3708,Effie,Oldroyd,Morrowmere,Bramble,18
16:21,3953,Olga,Ilsley,Morrowmere,Bramble,21
16:21,4895,Enoch,Haldane,Dunwold,Church,12
16:21,4948,Ida,Burnell,Pennyholt,Orchard,4
16:21,5246,Bella,Ockley,Kittlewick,Mill,31
16:22,0581,Ansel,Yates,Ashcott Heath,Orchard,33
16:22,0980,Philippa,Arkwright,Morrowmere,Mill,20
16:22,1126,Kit,Ormerod,Owlhallow,Orchard,10
16:22,1199,Harriet,Thwaite,Wexley,Mill,36
16:22,3584,Pearl,Napier,Dunwold,Church,16
16:22,4661,Rosa,Quayle,Owlhallow,Orchard,20
16:23,0815,Viola,Ashwell,Nettlebarrow,Mill,25
16:23,1264,Lena,Edwards,Morrowmere,Bramble,5
16:23,1416,Magnus,Yates,Larkspur Green,Church,2
16:23,2598,Viola,Wilmot,Wexley,Orchard,11
16:23,4945,Willa,Inchley,Larkspur Green,Bramble,27
16:23,5208,Freda,Nettles,Larkspur Green,Orchard,36
16:23,5581,Cedric,Dabney,Morrowmere,Bramble,24
16:24,0471,Gwen,Jessop,Nettlebarrow,Bramble,29
16:24,0498,Arthur,Burnell,Ashcott Heath,Orchard,30
16:24,5665,Enid,Aske,Wexley,Mill,26
16:25,2714,Dorian,Hackett,Ashcott Heath,Orchard,18
16:25,4356,Lucian,Upton,Morrowmere,Bramble,5
16:25,5317,Una,Ambler,Ashcott Heath,Church,14
16:26,1509,Etta,Bowden,Morrowmere,Orchard,33
16:26,2169,Hannah,Ellingham,Thornby Cross,Bramble,9
16:26,2390,Lottie,Edwards,Thornby Cross,Church,5
16:26,4844,Milo,Atherton,Kittlewick,Bramble,8
16:26,4973,Arthur,Mellish,Thornby Cross,Orchard,34
16:26,5848,Clement,Yelland,Pennyholt,Bramble,9
16:27,0136,Freda,Oldroyd,Morrowmere,Church,16
16:27,1762,Maud,Thwaite,Brackenhythe,Bramble,28
16:27,3050,Jasper,Hamblin,Ashcott Heath,Church,36
16:27,3854,Cedric,Jessop,Hatherby,Church,28
16:27,4974,Wilbur,Eckford,Ashcott Heath,Mill,31
16:27,5053,Noel,Kitson,Morrowmere,Bramble,19
16:28,0432,Clement,Dabney,Morrowmere,Mill,17
16:28,0651,Freda,Ainsworth,Rushcombe,Bramble,9
16:28,0919,Edmund,Dawes,Owlhallow,Orchard,14
16:28,1257,Eden,Ormerod,Ashcott Heath,Church,35
16:28,1813,Clara,Maddox,Owlhallow,Mill,4
16:28,1918,Ebba,Inchley,Dunwold,Church,1
16:28,2316,Pearl,Allsop,Larkspur Green,Bramble,16
16:28,3197,Ivo,Ewart,Dunwold,Orchard,20
16:28,3398,Maisie,Wilmot,Thornby Cross,Church,27
16:28,4217,Magnus,Inchley,Ashcott Heath,Bramble,12
16:28,4837,Otto,Lowe,Wexley,Mill,2
16:29,0522,Mercy,Rudd,Pennyholt,Bramble,3
16:29,1144,Eden,Finlow,Birchfold,Bramble,2
16:29,1463,Enoch,Fairley,Pennyholt,Church,36
16:29,1707,Alma,Ashwell,Birchfold,Mill,12
16:29,1883,Hector,Keeling,Ashcott Heath,Church,16
16:29,3527,Bertha,Brock,Ashcott Heath,Church,18
16:29,4618,Nora,Eckford,Thornby Cross,Church,36
16:29,5151,Mercy,Larkin,Rushcombe,Church,22
16:29,5573,Oscar,Edgworth,Morrowmere,Church,19
16:30,0755,Edgar,Gale,Owlhallow,Mill,7
16:30,1713,Otto,Dabney,Larkspur Green,Church,16
16:30,2904,Bertha,Ashwell,Morrowmere,Bramble,7
16:30,3116,Martha,Fairley,Morrowmere,Bramble,31
16:30,3510,Amos,Oldfield,Rushcombe,Mill,20
16:30,3810,Myrtle,Witton,Wexley,Mill,13
16:31,2120,Cyril,Yelland,Nettlebarrow,Mill,10
16:31,2795,Delia,Monk,Morrowmere,Bramble,33
16:31,4248,Jasper,Yelland,Owlhallow,Orchard,17
16:31,4445,Bertha,Burnell,Brackenhythe,Orchard,21
16:31,4810,Wilbur,Godwin,Morrowmere,Mill,22
16:32,0408,Myrtle,Napier,Owlhallow,Orchard,12
16:32,3335,Augusta,Eckford,Pennyholt,Orchard,18
16:32,4236,Nina,Judd,Morrowmere,Church,29
16:32,5560,Lavinia,Bunting,Birchfold,Mill,26
16:32,5756,Fabian,Rook,Pennyholt,Bramble,18
16:33,0282,Wilbur,Edgworth,Morrowmere,Bramble,1
16:33,0829,Otto,Venables,Wexley,Orchard,12
16:33,1053,Viola,Sallis,Morrowmere,Orchard,24
16:33,2075,Ada,Anstey,Owlhallow,Orchard,21
16:33,4595,Josie,Ormerod,Morrowmere,Mill,34
16:33,4803,Martha,Quayle,Yarrowby,Bramble,30
16:33,4911,Walter,Elphick,Larkspur Green,Bramble,4
16:33,4963,Cedric,Anstey,Dunwold,Church,12
16:33,5358,Ivo,Upton,Fernley,Orchard,2
16:34,0004,Vera,Orme,Rushcombe,Bramble,11
16:34,1258,Myrtle,Finlow,Birchfold,Orchard,15
16:34,1348,Celia,Sefton,Thornby Cross,Bramble,28
16:34,2092,Gwen,Ireton,Birchfold,Orchard,6
16:34,2150,Myrtle,Meakin,Larkspur Green,Orchard,15
16:34,5116,Orson,Ulverton,Kittlewick,Bramble,20
16:34,5309,Gideon,Jessop,Hatherby,Orchard,5
16:35,0065,Hector,Chalk,Kittlewick,Orchard,36
16:35,0326,Grace,Pickles,Rushcombe,Orchard,32
16:35,0440,Edgar,Meakin,Morrowmere,Church,12
16:35,0443,Jude,Eastham,Owlhallow,Bramble,1
16:35,0588,Olive,Rudd,Birchfold,Mill,1
16:35,2635,Effie,Noakes,Morrowmere,Orchard,4
16:35,3376,Fabian,Fawcett,Wexley,Bramble,19
16:35,3416,Quentin,Sutton,Brackenhythe,Bramble,34
16:35,3591,Uma,Orme,Nettlebarrow,Bramble,2
16:35,3613,Cora,Vance,Larkspur Green,Orchard,5
16:35,3632,Mabel,Tyson,Pennyholt,Church,25
16:35,4373,Opal,Gale,Birchfold,Orchard,11
16:35,5321,Clara,Dabney,Morrowmere,Orchard,6
16:35,5379,Delia,Keeling,Kittlewick,Bramble,10
16:36,0896,Gideon,Phelps,Kittlewick,Church,22
16:36,0962,Ruth,Ashwell,Ashcott Heath,Church,26
16:36,1899,Dorian,Wallis,Ashcott Heath,Bramble,3
16:36,2516,Flora,Satchell,Rushcombe,Orchard,13
16:36,2840,Ansel,Twigg,Thornby Cross,Orchard,6
16:36,3966,Uma,Keeling,Wexley,Church,19
16:36,5264,Maud,Stokes,Yarrowby,Bramble,31
16:36,5416,Wilbur,Brock,Larkspur Green,Bramble,25
16:36,5927,Osric,Ashby,Morrowmere,Church,14
16:37,0486,Lucian,Gale,Yarrowby,Orchard,22
16:37,1541,Osric,Ewart,Larkspur Green,Orchard,14
16:37,2019,Freda,Edwards,Dunwold,Mill,18
16:37,2428,Lucian,Ormerod,Larkspur Green,Bramble,33
16:37,2476,Nora,Rudd,Rushcombe,Church,21
16:37,3106,Ezra,Aske,Morrowmere,Mill,23
16:37,3899,Ezra,Barlow,Morrowmere,Orchard,4
16:37,3931,Lavinia,Napier,Morrowmere,Church,12
16:37,4908,Flora,Pellow,Morrowmere,Mill,12
16:37,5126,Lena,Dunstan,Hatherby,Orchard,33
16:37,5248,Wilbur,Onslow,Owlhallow,Orchard,5
16:37,5285,Selma,Thwaite,Ashcott Heath,Bramble,13
16:37,5772,Alma,Ormerod,Birchfold,Mill,30
16:38,0478,Clara,Burnell,Morrowmere,Orchard,36
16:38,1266,Ella,Godwin,Hatherby,Church,36
16:38,1423,Anna,Mellish,Hatherby,Orchard,22
16:38,2732,Augusta,Arkwright,Larkspur Green,Orchard,5
16:38,3554,Effie,Sefton,Hatherby,Church,34
16:38,3972,Myrtle,Hamblin,Nettlebarrow,Orchard,14
16:38,4449,Cyril,Coates,Morrowmere,Bramble,18
16:38,4716,Vera,Eastham,Morrowmere,Bramble,21
16:38,5499,Ansel,Yelland,Fernley,Orchard,8
16:38,5724,Olive,Padley,Owlhallow,Bramble,18
16:39,1231,Isla,Yelland,Morrowmere,Mill,33
16:39,1547,Lottie,Gilbey,Dunwold,Church,29
16:39,1572,Martha,Napier,Morrowmere,Bramble,27
16:39,1729,Maud,Dunstan,Morrowmere,Church,9
16:39,3007,Sadie,Underwood,Ashcott Heath,Church,28
16:39,3331,Cedric,Lamb,Larkspur Green,Mill,24
16:39,3537,Lucian,Twigg,Hatherby,Orchard,9
16:39,4473,Helena,Swales,Rushcombe,Bramble,25
16:40,0204,Miriam,Elmore,Yarrowby,Bramble,5
16:40,0449,Philippa,Oxenford,Kittlewick,Mill,21
16:40,0710,Alma,Elphick,Dunwold,Mill,18
16:40,1562,Edgar,Allsop,Morrowmere,Church,36
16:40,2164,Philippa,Webley,Rushcombe,Orchard,2
16:40,2375,Orson,Vance,Morrowmere,Bramble,11
16:40,2566,Kit,Ashwell,Fernley,Mill,5
16:40,3794,Rhoda,Judd,Morrowmere,Church,30
16:40,3869,Ansel,Raikes,Larkspur Green,Orchard,13
16:40,4056,Gideon,Rook,Rushcombe,Church,23
16:40,4738,Bertha,Elphick,Thornby Cross,Bramble,23
16:40,5534,Hannah,Ashendon,Yarrowby,Mill,31
16:41,1296,Leonard,Elphick,Brackenhythe,Bramble,24
16:41,1865,Mercy,Elphick,Kittlewick,Bramble,34
16:41,2013,Edgar,Kaye,Rushcombe,Orchard,1
16:41,2318,Freda,Webley,Thornby Cross,Church,11
16:41,2798,Ruth,Napier,Dunwold,Church,32
16:41,4465,Isla,Ellwood,Fernley,Bramble,31
16:41,4959,Walter,Rook,Morrowmere,Bramble,33
16:41,5761,Ella,Fairley,Fernley,Church,34
16:41,5808,Cedric,Eastham,Dunwold,Orchard,34
16:42,0657,Marian,Webley,Hatherby,Orchard,18
16:42,2638,Abel,Fawcett,Brackenhythe,Orchard,28
16:42,3036,Walter,Onslow,Morrowmere,Bramble,30
16:42,3419,Ella,Newbolt,Yarrowby,Bramble,35
16:42,4108,Willa,Monk,Wexley,Church,29
16:42,4180,Miriam,Isherwood,Thornby Cross,Bramble,13
16:42,5369,Mercy,Allsop,Morrowmere,Bramble,7
16:42,5471,Maud,Clegg,Yarrowby,Orchard,23
16:42,5510,Emma,Newbolt,Thornby Cross,Bramble,27
16:42,5792,Osric,Atherton,Owlhallow,Bramble,24
16:43,0971,Ivo,Oddie,Owlhallow,Mill,1
16:43,1277,Eleanor,Bowden,Morrowmere,Mill,22
16:43,1527,Basil,Enright,Morrowmere,Orchard,9
16:43,2009,Isla,Keeling,Birchfold,Mill,11
16:43,2341,Orson,Ilsley,Rushcombe,Bramble,2
16:43,3368,Quentin,Bainbridge,Dunwold,Orchard,2
16:43,4085,Vera,Quayle,Ashcott Heath,Mill,12
16:43,4123,Orla,Pickles,Yarrowby,Mill,18
16:43,4196,Annie,Dawes,Birchfold,Mill,23
16:43,4417,Pip,Monk,Birchfold,Mill,18
16:43,5098,Uma,Ambler,Morrowmere,Bramble,22
16:43,5261,Freda,Keeling,Kittlewick,Orchard,4
16:43,5597,Percy,Underwood,Owlhallow,Bramble,31
16:43,5784,Ada,Rook,Owlhallow,Orchard,36
16:44,0037,Myrtle,Lowe,Fernley,Church,3
16:44,0890,Ebba,Dawes,Brackenhythe,Bramble,36
16:44,0963,Orson,Cobbold,Dunwold,Bramble,18
16:44,1974,Walter,Lowe,Morrowmere,Mill,25
16:44,2177,Clara,Lumsden,Hatherby,Church,32
16:44,2511,Philippa,Elmore,Rushcombe,Bramble,10
16:44,2991,Gideon,Satchell,Fernley,Bramble,3
16:44,4519,Edmund,Heskett,Morrowmere,Bramble,33
16:44,4580,Fabian,Ellwood,Larkspur Green,Church,22
16:44,4619,Alba,Edwards,Morrowmere,Orchard,17
16:44,4831,Amos,Winslow,Dunwold,Orchard,23
16:44,5223,Ezra,Skelton,Morrowmere,Mill,35
16:44,5958,Lydia,Dabney,Morrowmere,Orchard,29
16:45,1306,Orson,Wakely,Dunwold,Mill,24
16:45,1671,Ida,Webley,Morrowmere,Orchard,10
16:45,1758,Orla,Ockley,Wexley,Church,27
16:45,2139,Leonard,Padley,Pennyholt,Orchard,10
16:45,2246,Maud,Sutton,Dunwold,Church,9
16:45,2911,Cedric,Kitson,Wexley,Bramble,11
16:45,3706,Isla,Aske,Morrowmere,Bramble,21
16:45,4638,Hannah,Orme,Ashcott Heath,Mill,22
16:45,4649,Rhoda,Elmore,Larkspur Green,Bramble,30
16:45,5816,Alma,Openshaw,Dunwold,Bramble,17
16:45,5951,Blanche,Ainsworth,Ashcott Heath,Bramble,3
16:46,0215,Elva,Elstob,Dunwold,Orchard,26
16:46,0367,Anna,Wakely,Rushcombe,Orchard,21
16:46,0630,Dahlia,Gosling,Hatherby,Bramble,28
16:46,2442,Augusta,Lamb,Morrowmere,Bramble,1
16:46,2863,Philippa,Burnell,Hatherby,Orchard,7
16:46,2882,Jude,Eskdale,Kittlewick,Mill,32
16:46,2953,Viola,Ockley,Brackenhythe,Church,24
16:46,3262,Cyril,Tolley,Fernley,Orchard,20
16:46,4040,Abel,Cobbold,Morrowmere,Orchard,23
16:46,4992,Clement,Eckford,Pennyholt,Orchard,5
16:46,5347,Freda,Hamblin,Thornby Cross,Mill,26
16:46,5754,Enid,Elmore,Rushcombe,Bramble,32
16:47,0012,Rosa,Ashworth,Thornby Cross,Church,3
16:47,0501,Josie,Webley,Kittlewick,Bramble,6
16:47,1567,Arthur,Yelland,Hatherby,Bramble,31
16:47,1970,Una,Vance,Thornby Cross,Bramble,7
16:47,2750,Beatrix,Welch,Dunwold,Church,1
16:47,2965,Vera,Gale,Hatherby,Church,13
16:47,3364,Annabel,Finlow,Birchfold,Bramble,30
16:47,3367,Lottie,Ulverton,Morrowmere,Bramble,15
16:47,3463,Kit,Abbott,Dunwold,Orchard,32
16:47,4067,Oona,Wakely,Owlhallow,Orchard,30
16:47,5454,Emma,Thwaite,Yarrowby,Bramble,13
16:48,0257,Orla,Keeling,Brackenhythe,Bramble,6
16:48,0466,Nell,Meakin,Morrowmere,Mill,21
16:48,1146,Ruth,Hobday,Morrowmere,Orchard,9
16:48,2003,Dorian,Aske,Birchfold,Mill,15
16:48,2107,Leonard,Elstob,Brackenhythe,Mill,34
16:48,2204,Viola,Witton,Morrowmere,Bramble,31
16:48,3013,Milo,Rudd,Fernley,Church,23
16:48,3870,Miriam,Ambler,Birchfold,Bramble,2
16:48,4577,Nina,Fairley,Larkspur Green,Orchard,19
16:48,5441,Anna,Bunting,Morrowmere,Church,20
16:49,0017,Pearl,Underwood,Pennyholt,Church,15
16:49,0701,Anna,Padley,Morrowmere,Orchard,27
16:49,1265,Flora,Burnell,Fernley,Bramble,21
16:49,1467,Iris,Ashwell,Owlhallow,Bramble,35
16:49,1989,Alma,Yelland,Morrowmere,Orchard,28
16:49,2413,Gideon,Webley,Dunwold,Church,29
16:49,2468,Martha,Sallis,Pennyholt,Church,21
16:49,2548,Arlo,Barlow,Morrowmere,Church,27
16:49,2765,Lydia,Twigg,Nettlebarrow,Orchard,5
16:49,3346,Hector,Barlow,Morrowmere,Bramble,17
16:49,3448,Nora,Aske,Pennyholt,Orchard,14
16:49,3612,Jonah,Jessop,Brackenhythe,Church,28
16:50,0335,Orson,Dunstan,Nettlebarrow,Mill,20
16:50,1057,Jonah,Ormerod,Kittlewick,Mill,33
16:50,1688,Bertha,Tyson,Wexley,Church,8
16:50,3232,Thea,Rudd,Dunwold,Bramble,6
16:50,3371,Lydia,Venables,Dunwold,Bramble,13
16:50,4015,Rhoda,Elphick,Morrowmere,Bramble,32
16:51,0420,Otto,Openshaw,Birchfold,Mill,33
16:51,0672,Horace,Enright,Kittlewick,Orchard,9
16:51,0930,Ruth,Rudd,Dunwold,Church,9
16:51,1614,Oscar,Dawes,Brackenhythe,Bramble,21
16:51,1915,Lucian,Tasker,Morrowmere,Church,6
16:51,2042,Alba,Meakin,Morrowmere,Bramble,21
16:51,2537,Willa,Wakely,Morrowmere,Mill,31
16:51,3837,Morris,Ackroyd,Thornby Cross,Church,32
16:51,4509,Constance,Hamblin,Thornby Cross,Orchard,18
16:52,0253,Inez,Brock,Kittlewick,Bramble,19
16:52,1488,Enoch,Raikes,Thornby Cross,Mill,1
16:52,1599,Lottie,Wilmot,Morrowmere,Mill,19
16:52,1858,Nell,Redfern,Nettlebarrow,Bramble,4
16:52,2163,Basil,Noakes,Kittlewick,Orchard,7
16:52,2389,Blanche,Cobbold,Birchfold,Church,26
16:52,3357,Harriet,Winslow,Dunwold,Church,4
16:52,3370,Enid,Hackett,Ashcott Heath,Mill,12
16:52,3583,Delia,Barlow,Yarrowby,Bramble,12
16:52,3686,Opal,Swales,Hatherby,Orchard,14
16:52,4076,Anna,Eskdale,Morrowmere,Church,26
16:52,4563,Nina,Lumsden,Owlhallow,Orchard,25
16:52,5422,Dorian,Blythe,Birchfold,Bramble,33
16:53,0808,Lydia,Padley,Morrowmere,Bramble,19
16:53,1706,Pip,Usworth,Hatherby,Orchard,27
16:53,1951,Inez,Hobday,Ashcott Heath,Bramble,9
16:53,2051,Olga,Tolley,Dunwold,Orchard,15
16:53,2466,Eleanor,Eskdale,Nettlebarrow,Mill,36
16:53,3058,Alma,Judd,Morrowmere,Orchard,22
16:53,3072,Leonard,Upton,Owlhallow,Mill,24
16:53,3229,Lottie,Ilsley,Pennyholt,Bramble,1
16:53,3937,Inez,Ramsay,Birchfold,Church,31
16:53,4211,Anna,Isherwood,Hatherby,Bramble,7
16:53,4233,Otto,Oldfield,Brackenhythe,Church,29
16:53,4648,Hector,Ewart,Pennyholt,Bramble,12
16:53,4957,Lavinia,Godwin,Thornby Cross,Mill,20
16:53,5094,Annie,Dabney,Thornby Cross,Church,3
16:53,5277,Bernard,Finlow,Rushcombe,Church,34
16:53,5332,Opal,Lamb,Morrowmere,Church,10
16:54,0602,Enid,Upton,Kittlewick,Bramble,10
16:54,0611,Philippa,Oddie,Morrowmere,Church,8
16:54,0668,Ansel,Ibbott,Morrowmere,Mill,1
16:54,0682,Uma,Stokes,Hatherby,Mill,36
16:54,1539,Martha,Hackett,Larkspur Green,Orchard,13
16:54,1653,Alma,Lowe,Morrowmere,Orchard,19
16:54,2218,Miriam,Oldfield,Morrowmere,Bramble,25
16:54,2586,Gideon,Edwards,Birchfold,Church,1
16:54,3302,Helena,Heskett,Morrowmere,Church,35
16:54,3495,Horace,Twigg,Birchfold,Bramble,35
16:54,5131,Willa,Hawley,Ashcott Heath,Mill,10
16:54,5383,Sadie,Raikes,Owlhallow,Bramble,34
16:55,0392,Greta,Fairley,Morrowmere,Orchard,23
16:55,0548,Iris,Inchley,Wexley,Bramble,34
16:55,0649,Lottie,Elstob,Morrowmere,Orchard,10
16:55,0810,Bella,Ellwood,Ashcott Heath,Bramble,12
16:55,1254,Selma,Coates,Hatherby,Church,22
16:55,1542,Rhoda,Ockley,Rushcombe,Orchard,33
16:55,1799,Mercy,Ashdown,Owlhallow,Orchard,28
16:55,2045,Dorian,Fenwick,Wexley,Orchard,13
16:55,2705,Bella,Witton,Birchfold,Church,26
16:55,2706,Isla,Monk,Wexley,Bramble,24
16:55,3275,Walter,Hamblin,Morrowmere,Mill,16
16:55,3649,Morris,Shilton,Thornby Cross,Bramble,36
16:55,4033,Bernard,Napier,Hatherby,Church,32
16:55,4273,Alba,Ramsay,Ashcott Heath,Bramble,27
16:55,5183,Uma,Slade,Birchfold,Church,22
16:56,0372,Willa,Dunstan,Owlhallow,Bramble,29
16:56,0779,Walter,Noakes,Kittlewick,Mill,9
16:56,1582,Pearl,Uttley,Ashcott Heath,Orchard,25
16:56,1829,Jasper,Tolley,Thornby Cross,Mill,3
16:56,1873,Otto,Ainsworth,Nettlebarrow,Church,5
16:56,2813,Marian,Phelps,Hatherby,Church,23
16:56,2916,Blanche,Hamblin,Morrowmere,Church,31
16:56,3027,Ivo,Yates,Morrowmere,Church,21
16:56,3126,Hector,Ambler,Dunwold,Church,15
16:56,3778,Walter,Orme,Morrowmere,Mill,25
16:56,3871,Milo,Vance,Nettlebarrow,Orchard,28
16:56,5052,Ivo,Newbolt,Kittlewick,Church,1
16:56,5467,Ruth,Edgworth,Nettlebarrow,Mill,36
16:57,0833,Lydia,Ashworth,Morrowmere,Orchard,18
16:57,0836,Ivy,Elstob,Yarrowby,Bramble,19
16:57,1386,Bernard,Thwaite,Ashcott Heath,Mill,28
16:57,2096,Jonah,Elphick,Dunwold,Bramble,36
16:57,3277,Linus,Ramsay,Hatherby,Bramble,25
16:57,4429,Mabel,Mellish,Morrowmere,Orchard,5
16:57,5606,Oscar,Witton,Morrowmere,Orchard,14
16:58,0008,Bertha,Dawes,Kittlewick,Bramble,33
16:58,0700,Nina,Oddie,Kittlewick,Church,36
16:58,0743,Dahlia,Heskett,Morrowmere,Mill,30
16:58,1075,Ivy,Heskett,Morrowmere,Orchard,11
16:58,1420,Blanche,Coates,Rushcombe,Mill,15
16:58,1714,Osric,Maddox,Hatherby,Orchard,26
16:58,2085,Uma,Tolley,Hatherby,Church,29
16:58,2363,Lottie,Bowden,Pennyholt,Bramble,13
16:58,2820,Maud,Arkell,Hatherby,Orchard,7
16:58,2890,Edgar,Oxenford,Morrowmere,Orchard,22
16:58,3800,Grace,Burnell,Thornby Cross,Mill,25
16:58,4696,Lottie,Ambler,Larkspur Green,Church,2
16:58,5075,Hannah,Ireton,Ashcott Heath,Orchard,2
16:58,5271,Greta,Bainbridge,Ashcott Heath,Orchard,29
16:58,5311,Dorian,Tasker,Fernley,Mill,23
16:58,5390,Pearl,Ashwell,Dunwold,Bramble,29
16:58,5616,Gwen,Aske,Rushcombe,Orchard,3
16:59,0352,Freda,Witton,Pennyholt,Orchard,10
16:59,0374,Augusta,Tasker,Rushcombe,Mill,2
16:59,0417,Leonard,Oxenford,Dunwold,Orchard,35
16:59,0431,Noel,Arkell,Rushcombe,Orchard,7
16:59,0991,Magnus,Ashby,Birchfold,Orchard,29
16:59,1181,Selma,Applegarth,Thornby Cross,Bramble,3
16:59,1285,Basil,Bowden,Morrowmere,Orchard,1
16:59,2242,Lydia,Uttley,Yarrowby,Mill,3
16:59,2279,Eleanor,Ewart,Kittlewick,Mill,19
16:59,2818,Iris,Monk,Wexley,Orchard,25
16:59,3254,Ruth,Coates,Hatherby,Bramble,11
16:59,3308,Celia,Ingram,Morrowmere,Bramble,30
16:59,3680,Lottie,Quayle,Rushcombe,Church,7
16:59,4330,Eden,Meakin,Ashcott Heath,Church,20
16:59,5767,Oscar,Oldfield,Morrowmere,Church,24
17:00,0241,Martha,Redfern,Morrowmere,Bramble,29
17:00,0577,Clara,Aske,Pennyholt,Mill,7
17:00,1310,Osric,Godwin,Birchfold,Bramble,5
17:00,2102,Linus,Ireton,Yarrowby,Bramble,23
17:00,2180,Philippa,Brock,Larkspur Green,Church,6
17:00,2248,Elva,Swales,Owlhallow,Mill,12
17:00,2727,Arlo,Larkin,Morrowmere,Bramble,8
17:00,3407,Bertha,Slade,Morrowmere,Mill,31
17:00,5107,Clara,Ashwell,Brackenhythe,Mill,29
17:00,5115,Annabel,Webley,Morrowmere,Orchard,24
17:01,0120,Annabel,Newbolt,Yarrowby,Orchard,1
17:01,0391,Lucian,Ingram,Hatherby,Church,20
17:01,1049,Sadie,Kitson,Dunwold,Orchard,8
17:01,1216,Constance,Thwaite,Morrowmere,Bramble,10
17:01,1493,Annabel,Napier,Morrowmere,Orchard,18
17:01,3429,Bella,Bainbridge,Kittlewick,Mill,25
17:01,3454,Hannah,Usworth,Hatherby,Bramble,4
17:01,4189,Annie,Enright,Morrowmere,Mill,31
17:01,4336,Anna,Ambler,Hatherby,Mill,20
17:01,4542,Effie,Burnell,Morrowmere,Church,19
17:01,5283,Jonah,Bainbridge,Larkspur Green,Church,8
17:01,5427,Annie,Osgood,Larkspur Green,Church,35
17:01,5807,Percy,Maddox,Hatherby,Bramble,22
17:01,5900,Cyril,Clegg,Fernley,Orchard,27
17:02,0972,Alba,Eskdale,Hatherby,Church,19
17:02,2072,Horace,Lamb,Brackenhythe,Orchard,31
17:02,3876,Quentin,Cobbold,Larkspur Green,Church,7
17:02,4004,Cora,Ashby,Dunwold,Church,11
17:02,4682,Myrtle,Allsop,Fernley,Mill,35
17:02,4954,Nina,Ibbott,Pennyholt,Orchard,29
17:02,4987,Pip,Allsop,Yarrowby,Orchard,33
17:03,0256,Ezra,Finlow,Fernley,Mill,32
17:03,0339,Annie,Edwards,Brackenhythe,Mill,36
17:03,0520,Dorian,Swales,Morrowmere,Orchard,26
17:03,0585,Kit,Lowe,Dunwold,Church,19
17:03,1165,Clement,Bunting,Rushcombe,Mill,23
17:03,1252,Philippa,Underwood,Kittlewick,Mill,7
17:03,1699,Lucian,Rook,Thornby Cross,Bramble,30
17:03,1812,Inez,Edwards,Fernley,Orchard,10
17:03,2029,Noel,Orme,Morrowmere,Church,26
17:03,2221,Dora,Noakes,Kittlewick,Church,16
17:03,2311,Ulla,Winslow,Birchfold,Church,7
17:03,2324,Maud,Blythe,Morrowmere,Orchard,6
17:03,3897,Cyril,Ewart,Ashcott Heath,Church,5
17:03,4275,Annie,Gilbey,Morrowmere,Bramble,4
17:03,4771,Nina,Raikes,Owlhallow,Bramble,35
17:03,4779,Ansel,Beck,Morrowmere,Church,17
17:03,5350,Oona,Nuttall,Thornby Cross,Bramble,1
17:03,5766,Mercy,Twigg,Morrowmere,Mill,7
17:03,5889,Otto,Hackett,Pennyholt,Bramble,16
17:04,0053,Mabel,Ewart,Morrowmere,Mill,10
17:04,0060,Enid,Ingram,Owlhallow,Bramble,9
17:04,0336,Arlo,Bunting,Ashcott Heath,Bramble,31
17:04,0394,Ezra,Meakin,Ashcott Heath,Bramble,8
17:04,1207,Mercy,Oxenford,Yarrowby,Mill,24
17:04,1800,Isla,Coates,Wexley,Mill,25
17:04,2259,Edgar,Burnell,Rushcombe,Orchard,19
17:04,2281,Olive,Wakely,Morrowmere,Church,9
17:04,2462,Eleanor,Hobday,Rushcombe,Bramble,22
17:04,2804,Arthur,Tolley,Thornby Cross,Church,24
17:04,2814,Lavinia,Dunstan,Morrowmere,Bramble,25
17:04,3129,Celia,Welch,Wexley,Bramble,34
17:04,3271,Bertha,Ingram,Thornby Cross,Bramble,17
17:04,3404,Mercy,Tyson,Birchfold,Mill,28
17:04,3443,Etta,Gosling,Morrowmere,Mill,35
17:04,3596,Edmund,Elgood,Kittlewick,Orchard,12
17:04,3740,Noel,Ashdown,Birchfold,Mill,30
17:04,4331,Morris,Arkell,Owlhallow,Church,9
17:04,4383,Otto,Uttley,Nettlebarrow,Bramble,8
17:04,4706,Nina,Ackroyd,Morrowmere,Bramble,15
17:05,0250,Bella,Underwood,Morrowmere,Church,8
17:05,0596,Nora,Rook,Morrowmere,Bramble,6
17:05,1096,Abel,Thwaite,Brackenhythe,Orchard,21
17:05,3028,Gideon,Yelland,Ashcott Heath,Orchard,24
17:05,3145,Rosa,Gilbey,Yarrowby,Church,6
17:05,3332,Dahlia,Larkin,Ashcott Heath,Church,15
17:05,3422,Maud,Coates,Morrowmere,Orchard,5
17:05,3895,Harriet,Pennick,Larkspur Green,Bramble,30
17:05,4116,Una,Otway,Morrowmere,Orchard,22
17:05,4203,Morris,Wilmot,Yarrowby,Orchard,10
17:05,4313,Inez,Dabney,Rushcombe,Church,32
17:05,4903,Eleanor,Digby,Morrowmere,Bramble,28
17:05,5003,Augusta,Winslow,Dunwold,Bramble,18
17:05,5157,Edgar,Anstey,Rushcombe,Mill,13
17:05,5375,Edmund,Hobday,Morrowmere,Bramble,22
17:05,5755,Clement,Ilsley,Ashcott Heath,Bramble,12
17:05,5818,Rosa,Ambler,Kittlewick,Mill,23
17:05,5864,Osric,Chalk,Morrowmere,Bramble,7
17:05,5974,Josie,Lamb,Wexley,Bramble,33
17:06,0469,Hector,Pocock,Fernley,Orchard,22
17:06,0872,Quentin,Beck,Wexley,Church,8
17:06,0927,Clement,Bowden,Rushcombe,Orchard,2
17:06,0951,Bella,Sallis,Larkspur Green,Bramble,17
17:06,0977,Kit,Ackroyd,Yarrowby,Orchard,12
17:06,1004,Opal,Ockley,Owlhallow,Bramble,6
17:06,1623,Martha,Upton,Morrowmere,Orchard,32
17:06,2263,Maud,Welch,Ashcott Heath,Bramble,8
17:06,2435,Ruth,Orme,Brackenhythe,Church,6
17:06,2906,Anna,Orme,Wexley,Bramble,4
17:06,3134,Ulla,Ulverton,Dunwold,Church,19
17:06,3488,Mercy,Arkwright,Rushcombe,Mill,23
17:06,3752,Kit,Welch,Larkspur Green,Mill,9
17:06,4256,Jasper,Cobbold,Pennyholt,Orchard,14
17:06,4792,Lucian,Enright,Wexley,Mill,1
17:06,5574,Ella,Wakely,Ashcott Heath,Church,4
17:06,5630,Ada,Ellwood,Morrowmere,Church,6
17:07,1571,Etta,Twigg,Morrowmere,Orchard,15
17:07,1721,Ruth,Shilton,Pennyholt,Bramble,36
17:07,3360,Abel,Dawes,Morrowmere,Orchard,10
17:07,5069,Jasper,Ingram,Hatherby,Orchard,2
17:07,5114,Nora,Ireton,Yarrowby,Bramble,13
17:07,5611,Rosa,Tasker,Pennyholt,Orchard,24
17:07,5799,Sadie,Pickles,Nettlebarrow,Church,2
17:07,5933,Anna,Vance,Larkspur Green,Bramble,15
17:08,0092,Ezra,Stokes,Pennyholt,Orchard,8
17:08,0337,Constance,Dabney,Birchfold,Mill,2
17:08,0353,Annie,Ilsley,Wexley,Church,35
17:08,0621,Edgar,Jessop,Dunwold,Mill,15
17:08,0785,Arlo,Bainbridge,Owlhallow,Mill,22
17:08,0998,Annabel,Ashdown,Brackenhythe,Bramble,32
17:08,1505,Arlo,Meakin,Owlhallow,Orchard,1
17:08,1579,Eden,Rook,Morrowmere,Orchard,15
17:08,1660,Dora,Pickles,Thornby Cross,Orchard,4
17:08,1710,Elva,Overton,Birchfold,Church,32
17:08,1722,Gwen,Noakes,Morrowmere,Church,2
17:08,1892,Pearl,Shilton,Morrowmere,Bramble,33
17:08,1906,Selma,Webley,Thornby Cross,Mill,22
17:08,1984,Freda,Skelton,Ashcott Heath,Mill,26
17:08,1999,Leonard,Satchell,Morrowmere,Church,35
17:08,2134,Rhoda,Barlow,Wexley,Orchard,33
17:08,2627,Nina,Quayle,Morrowmere,Mill,29
17:08,3184,Ebba,Fairley,Pennyholt,Mill,13
17:08,3334,Eden,Noakes,Kittlewick,Bramble,20
17:08,3580,Willa,Ewart,Ashcott Heath,Church,6
17:08,3734,Jonah,Dunstan,Thornby Cross,Church,28
17:08,4010,Leonard,Elgood,Morrowmere,Orchard,34
17:08,4269,Elva,Yelland,Thornby Cross,Mill,12
17:08,4359,Bertha,Gilbey,Owlhallow,Orchard,21
17:08,4672,Magnus,Ashworth,Fernley,Church,28
17:08,4980,Ella,Oakley,Yarrowby,Church,19
17:08,5476,Jude,Ingram,Morrowmere,Church,8
17:08,5811,Nora,Eastham,Morrowmere,Bramble,1
17:08,5823,Elsie,Stokes,Larkspur Green,Mill,16
17:09,0442,Eden,Edwards,Kittlewick,Bramble,36
17:09,1292,Rhoda,Newbolt,Nettlebarrow,Bramble,1
17:09,1302,Kit,Ireton,Morrowmere,Orchard,9
17:09,2254,Grace,Ellwood,Yarrowby,Orchard,34
17:09,2364,Lucian,Bainbridge,Dunwold,Mill,22
17:09,3112,Lottie,Uttley,Birchfold,Mill,23
17:09,3882,Basil,Hackett,Hatherby,Bramble,4
17:09,4450,Milo,Witton,Morrowmere,Orchard,1
17:09,4532,Cora,Monk,Rushcombe,Orchard,23
17:09,5584,Walter,Maddox,Dunwold,Bramble,21
17:09,5649,Ruth,Uttley,Hatherby,Mill,1
17:09,5855,Bernard,Oldfield,Morrowmere,Church,7
17:09,5893,Maud,Ibbott,Thornby Cross,Bramble,12
17:10,0145,Iris,Ireton,Kittlewick,Mill,35
17:10,0444,Inez,Gosling,Kittlewick,Church,33
17:10,0920,Harriet,Sutton,Morrowmere,Bramble,22
17:10,1002,Celia,Pennick,Owlhallow,Orchard,5
17:10,1081,Lavinia,Inchley,Morrowmere,Church,29
17:10,1230,Effie,Beck,Rushcombe,Church,15
17:10,1279,Linus,Ackroyd,Rushcombe,Orchard,19
17:10,1752,Otto,Applegarth,Dunwold,Church,36
17:10,1789,Enoch,Napier,Yarrowby,Orchard,12
17:10,2040,Edgar,Edgworth,Dunwold,Mill,29
17:10,3136,Constance,Pennick,Morrowmere,Orchard,23
17:10,3993,Anna,Tasker,Brackenhythe,Orchard,2
17:10,5058,Ivy,Ewart,Morrowmere,Church,33
17:10,5362,Una,Elmore,Rushcombe,Church,9
17:10,5623,Abel,Gale,Ashcott Heath,Orchard,17
17:10,5662,Clara,Meakin,Morrowmere,Bramble,32
17:11,0308,Nora,Upton,Nettlebarrow,Orchard,20
17:11,0715,Elsie,Ashby,Birchfold,Church,23
17:11,1641,Annie,Ashendon,Larkspur Green,Mill,20
17:11,1786,Cyril,Gilbey,Hatherby,Orchard,33
17:11,1822,Horace,Fairley,Fernley,Bramble,1
17:11,1823,Willa,Overton,Ashcott Heath,Bramble,1
17:11,2068,Dora,Sutton,Morrowmere,Orchard,12
17:11,2612,Thea,Usworth,Wexley,Bramble,4
17:11,2685,Augusta,Shilton,Wexley,Orchard,2
17:11,2827,Walter,Brock,Wexley,Mill,30
17:11,3114,Dorian,Elstob,Morrowmere,Orchard,28
17:11,3281,Olga,Allsop,Pennyholt,Bramble,21
17:11,3543,Edmund,Sefton,Rushcombe,Orchard,16
17:11,3783,Elva,Sallis,Morrowmere,Bramble,5
17:11,4223,Ulla,Fenwick,Morrowmere,Mill,23
17:11,4367,Helena,Ebdon,Brackenhythe,Bramble,2
17:11,4590,Ada,Raikes,Morrowmere,Orchard,23
17:11,4710,Ada,Vance,Dunwold,Orchard,7
17:11,4869,Eden,Ireton,Fernley,Church,15
17:11,5002,Milo,Tyson,Wexley,Bramble,19
17:11,5163,Ezra,Oakley,Dunwold,Bramble,18
17:11,5327,Arlo,Redfern,Morrowmere,Orchard,18
17:11,5419,Rhoda,Padley,Morrowmere,Bramble,2
17:12,0134,Eden,Haldane,Nettlebarrow,Orchard,33
17:12,0716,Rosa,Newbolt,Morrowmere,Orchard,1
17:12,1213,Cora,Ingram,Yarrowby,Mill,30
17:12,1745,Nina,Ebdon,Larkspur Green,Church,32
17:12,1773,Abel,Shilton,Hatherby,Bramble,21
17:12,3060,Josie,Eckford,Morrowmere,Bramble,8
17:12,3257,Cyril,Ebdon,Thornby Cross,Orchard,28
17:12,3969,Maisie,Ellwood,Nettlebarrow,Mill,33
17:12,4151,Fabian,Sefton,Nettlebarrow,Bramble,25
17:12,4325,Iris,Eckford,Hatherby,Mill,2
17:12,4556,Delia,Blythe,Hatherby,Bramble,27
17:12,4626,Gideon,Atherton,Thornby Cross,Church,11
17:12,4787,Martha,Arkwright,Morrowmere,Orchard,33
17:12,4995,Fabian,Allsop,Kittlewick,Orchard,11
17:12,5267,Bella,Ashendon,Hatherby,Bramble,4
17:12,5600,Elsie,Swales,Yarrowby,Bramble,16
17:12,5629,Mabel,Wilmot,Rushcombe,Mill,24
17:13,0042,Magnus,Yelland,Morrowmere,Mill,23
17:13,0199,Rhoda,Edwards,Wexley,Church,19
17:13,0521,Orla,Bunting,Morrowmere,Bramble,22
17:13,0727,Cedric,Ellingham,Hatherby,Bramble,12
17:13,0760,Ruth,Webley,Yarrowby,Orchard,11
17:13,1276,Morris,Dabney,Brackenhythe,Church,6
17:13,1557,Ruth,Inchley,Larkspur Green,Orchard,15
17:13,1711,Cyril,Larkin,Larkspur Green,Mill,18
17:13,2080,Annabel,Pickles,Ashcott Heath,Bramble,24
17:13,2448,Miriam,Arkell,Morrowmere,Orchard,33
17:13,2527,Ada,Pocock,Owlhallow,Bramble,16
17:13,2571,Ebba,Pellow,Wexley,Orchard,23
17:13,2648,Celia,Judd,Brackenhythe,Bramble,3
17:13,2676,Lucian,Ulverton,Hatherby,Mill,19
17:13,2773,Fabian,Isherwood,Fernley,Mill,34
17:13,2910,Anna,Blythe,Larkspur Green,Church,13
17:13,2913,Jude,Maddox,Ashcott Heath,Bramble,20
17:13,3264,Cedric,Raikes,Morrowmere,Bramble,29
17:13,3434,Celia,Larkin,Birchfold,Church,3
17:13,3469,Rhoda,Inchley,Nettlebarrow,Church,23
17:13,3831,Amos,Thwaite,Yarrowby,Bramble,25
17:13,3842,Enoch,Ambler,Birchfold,Bramble,32
17:13,4169,Lucian,Overton,Dunwold,Bramble,2
17:13,4412,Olga,Kitson,Owlhallow,Orchard,25
17:13,5004,Bernard,Ashwell,Birchfold,Bramble,15
17:13,5622,Anna,Hackett,Birchfold,Bramble,18
17:13,5873,Lottie,Tolley,Yarrowby,Church,13
17:14,0049,Oona,Plumb,Dunwold,Church,11
17:14,0267,Ruth,Bunting,Dunwold,Mill,27
17:14,0281,Noel,Meakin,Morrowmere,Mill,30
17:14,0500,Abel,Yelland,Fernley,Mill,19
17:14,0773,Viola,Applegarth,Morrowmere,Orchard,2
17:14,0912,Jude,Ellwood,Owlhallow,Church,13
17:14,1532,Lottie,Ockley,Morrowmere,Orchard,16
17:14,1698,Rosa,Fenwick,Hatherby,Church,28
17:14,1761,Fabian,Applegarth,Kittlewick,Mill,5
17:14,1860,Gwen,Enright,Morrowmere,Orchard,23
17:14,2104,Ebba,Wakely,Pennyholt,Orchard,14
17:14,2574,Olive,Elmore,Yarrowby,Orchard,31
17:14,3400,Oscar,Elphick,Yarrowby,Mill,8
17:14,3420,Wilbur,Applegarth,Larkspur Green,Orchard,2
17:14,3585,Mabel,Twigg,Morrowmere,Mill,23
17:14,3643,Uma,Underwood,Yarrowby,Orchard,23
17:14,4000,Maisie,Brock,Nettlebarrow,Bramble,15
17:14,4018,Oscar,Uttley,Owlhallow,Orchard,2
17:14,4651,Viola,Edgworth,Morrowmere,Bramble,5
17:14,4990,Constance,Welch,Birchfold,Mill,12
17:14,5193,Morris,Gale,Morrowmere,Bramble,17
17:14,5710,Myrtle,Tasker,Dunwold,Orchard,29
17:14,5922,Marian,Ellwood,Ashcott Heath,Mill,24
17:14,5959,Annie,Eskdale,Pennyholt,Mill,7
17:15,0071,Amos,Lumsden,Morrowmere,Orchard,26
17:15,0349,Uma,Oxenford,Morrowmere,Bramble,12
17:15,0655,Lena,Finlow,Pennyholt,Orchard,32
17:15,2239,Etta,Jessop,Owlhallow,Mill,18
17:15,2474,Orla,Enright,Fernley,Church,1
17:15,2486,Grace,Newbolt,Birchfold,Bramble,8
17:15,2767,Noel,Ellingham,Pennyholt,Bramble,32
17:15,2792,Bella,Upton,Morrowmere,Bramble,5
17:15,3004,Willa,Pellow,Owlhallow,Bramble,6
17:15,3227,Mercy,Cobbold,Larkspur Green,Mill,1
17:15,3233,Alba,Hobday,Fernley,Bramble,33
17:15,4138,Cedric,Openshaw,Morrowmere,Mill,8
17:15,4192,Rosa,Eskdale,Morrowmere,Bramble,7
17:15,4784,Miriam,Yelland,Yarrowby,Orchard,32
17:15,4986,Sadie,Jessop,Fernley,Mill,33
17:15,5011,Nell,Barlow,Nettlebarrow,Orchard,5
17:15,5029,Viola,Phelps,Morrowmere,Bramble,13
17:15,5627,Ansel,Monk,Morrowmere,Orchard,19
17:15,5716,Noel,Ellwood,Hatherby,Orchard,25
17:16,0508,Thea,Ambler,Thornby Cross,Orchard,20
17:16,0579,Oscar,Overton,Brackenhythe,Bramble,21
17:16,0722,Ansel,Bowden,Thornby Cross,Bramble,4
17:16,0970,Nina,Chilton,Nettlebarrow,Church,14
17:16,1032,Cedric,Ramsay,Morrowmere,Church,18
17:16,1052,Olive,Blythe,Ashcott Heath,Church,12
17:16,1607,Oona,Ulverton,Morrowmere,Orchard,14
17:16,3062,Constance,Ilsley,Fernley,Mill,17
17:16,3411,Celia,Swales,Brackenhythe,Mill,30
17:16,3631,Ebba,Lowe,Morrowmere,Bramble,33
17:16,3699,Annie,Eckford,Morrowmere,Church,2
17:16,4422,Maisie,Bowden,Thornby Cross,Church,30
17:16,4541,Ruth,Hawley,Owlhallow,Bramble,20
17:16,5880,Greta,Osgood,Larkspur Green,Bramble,30
17:17,0245,Bella,Godwin,Birchfold,Orchard,3
17:17,1494,Ruth,Burnell,Yarrowby,Orchard,16
17:17,2016,Cedric,Ashwell,Morrowmere,Bramble,21
17:17,2321,Lena,Monk,Brackenhythe,Mill,35
17:17,3005,Cyril,Elgood,Pennyholt,Mill,4
17:17,3675,Clement,Kitson,Morrowmere,Orchard,22
17:17,3774,Rosa,Eckford,Birchfold,Church,7
17:17,3902,Iris,Dunstan,Dunwold,Church,21
17:17,4258,Lucian,Elphick,Birchfold,Bramble,34
17:17,4371,Thea,Orme,Yarrowby,Mill,29
17:17,4860,Magnus,Oddie,Owlhallow,Orchard,2
17:17,5518,Constance,Phelps,Morrowmere,Church,20
17:18,0389,Olga,Raikes,Birchfold,Church,17
17:18,0402,Thea,Padley,Fernley,Bramble,33
17:18,0404,Ada,Ashby,Pennyholt,Bramble,6
17:18,0741,Arlo,Chalk,Dunwold,Bramble,13
17:18,0894,Bertha,Digby,Ashcott Heath,Church,28
17:18,1530,Etta,Upton,Birchfold,Mill,35
17:18,1534,Pearl,Venables,Dunwold,Church,25
17:18,1776,Rhoda,Arkell,Ashcott Heath,Bramble,12
17:18,1881,Ebba,Digby,Nettlebarrow,Church,9
17:18,1957,Enid,Noakes,Brackenhythe,Orchard,12
17:18,2000,Uma,Fenwick,Morrowmere,Orchard,21
17:18,2185,Ansel,Jessop,Morrowmere,Bramble,23
17:18,2378,Eleanor,Inchley,Morrowmere,Mill,11
17:18,2401,Sadie,Applegarth,Morrowmere,Bramble,1
17:18,2686,Ada,Stokes,Wexley,Mill,29
17:18,3927,Marian,Ambler,Yarrowby,Mill,21
17:18,3955,Effie,Inchley,Larkspur Green,Bramble,14
17:18,4512,Cora,Burnell,Morrowmere,Bramble,24
17:18,4678,Mercy,Skelton,Thornby Cross,Bramble,19
17:18,4775,Una,Finlow,Larkspur Green,Bramble,13
17:18,5502,Annabel,Rook,Owlhallow,Church,9
17:18,5536,Lena,Heskett,Hatherby,Mill,24
17:18,5576,Delia,Hobday,Wexley,Church,34
17:18,5791,Viola,Gosling,Kittlewick,Orchard,14
17:18,5858,Orla,Ellingham,Thornby Cross,Church,15
17:19,0313,Arthur,Ireton,Ashcott Heath,Church,5
17:19,0387,Annie,Ashworth,Owlhallow,Mill,14
17:19,0468,Maisie,Napier,Rushcombe,Orchard,2
17:19,0571,Edmund,Ashby,Hatherby,Bramble,21
17:19,1275,Magnus,Ellwood,Rushcombe,Orchard,33
17:19,1479,Ulla,Shilton,Pennyholt,Orchard,22
17:19,1577,Dahlia,Hobday,Morrowmere,Church,8
17:19,1606,Jude,Stokes,Morrowmere,Church,25
17:19,2293,Maisie,Burnell,Morrowmere,Orchard,1
17:19,2819,Gideon,Barlow,Pennyholt,Bramble,29
17:19,2861,Olga,Bunting,Rushcombe,Mill,34
17:19,3135,Orla,Abbott,Larkspur Green,Orchard,12
17:19,3279,Inez,Coates,Fernley,Orchard,13
17:19,3444,Uma,Inchley,Morrowmere,Orchard,15
17:19,3457,Josie,Redfern,Brackenhythe,Orchard,5
17:19,3629,Greta,Orme,Nettlebarrow,Bramble,24
17:19,3808,Lottie,Godwin,Birchfold,Mill,29
17:19,4080,Hannah,Fenwick,Rushcombe,Church,5
17:19,4928,Celia,Uttley,Morrowmere,Church,19
17:19,5594,Hector,Oakley,Morrowmere,Church,2
17:19,5720,Enoch,Maddox,Thornby Cross,Church,27
17:20,0401,Jasper,Abbott,Morrowmere,Bramble,14
17:20,0675,Beatrix,Pickles,Kittlewick,Bramble,22
17:20,1235,Bernard,Sefton,Nettlebarrow,Mill,15
17:20,1363,Ebba,Keeling,Owlhallow,Orchard,13
17:20,1367,Ivo,Underwood,Kittlewick,Orchard,1
17:20,1383,Lavinia,Oddie,Morrowmere,Bramble,20
17:20,1685,Martha,Elgood,Birchfold,Orchard,15
17:20,1788,Ivy,Webley,Wexley,Bramble,2
17:20,1992,Wilbur,Lumsden,Owlhallow,Church,6
17:20,2392,Cedric,Ashdown,Owlhallow,Church,6
17:20,2730,Mabel,Winslow,Hatherby,Church,9
17:20,2858,Beatrix,Wilmot,Kittlewick,Bramble,4
17:20,3957,Selma,Monk,Hatherby,Mill,6
17:20,4209,Lottie,Ashby,Hatherby,Bramble,15
17:20,4623,Hector,Fairley,Yarrowby,Church,24
17:20,4822,Thea,Dawes,Larkspur Green,Orchard,14
17:20,5411,Hector,Twigg,Morrowmere,Mill,16
17:20,5531,Pearl,Abbott,Larkspur Green,Mill,15
17:20,5721,Cyril,Sallis,Morrowmere,Bramble,32
17:20,5773,Inez,Hackett,Nettlebarrow,Orchard,17
17:21,0728,Lavinia,Nettles,Thornby Cross,Orchard,20
17:21,0903,Thea,Cobbold,Brackenhythe,Church,24
17:21,1496,Linus,Finlow,Morrowmere,Mill,27
17:21,2275,Cedric,Osgood,Fernley,Mill,26
17:21,2570,Ruth,Oakley,Morrowmere,Mill,30
17:21,2791,Nell,Hackett,Morrowmere,Orchard,13
17:21,3319,Philippa,Blythe,Brackenhythe,Mill,26
17:21,3557,Otto,Nettles,Morrowmere,Orchard,22
17:21,3802,Osric,Stokes,Yarrowby,Orchard,12
17:21,3991,Maud,Atherton,Morrowmere,Orchard,5
17:21,4345,Vera,Usworth,Morrowmere,Orchard,26
17:21,5215,Thea,Redfern,Yarrowby,Orchard,6
17:21,5700,Abel,Tolley,Yarrowby,Orchard,12
17:22,0025,Martha,Ibbott,Birchfold,Bramble,10
17:22,0058,Pip,Godwin,Morrowmere,Mill,33
17:22,0298,Grace,Digby,Thornby Cross,Mill,10
17:22,0607,Olga,Usworth,Kittlewick,Mill,8
17:22,0750,Rosa,Yelland,Yarrowby,Church,30
17:22,0845,Otto,Welch,Hatherby,Bramble,9
17:22,1083,Fabian,Nettles,Owlhallow,Church,35
17:22,1248,Lydia,Ainsworth,Morrowmere,Church,19
17:22,2008,Sadie,Fairley,Birchfold,Bramble,24
17:22,2232,Olga,Anstey,Dunwold,Orchard,15
17:22,2269,Pearl,Enright,Morrowmere,Bramble,17
17:22,2892,Philippa,Clegg,Morrowmere,Bramble,24
17:22,3163,Greta,Twigg,Pennyholt,Mill,36
17:22,3503,Olive,Ulverton,Pennyholt,Mill,25
17:22,3805,Inez,Lumsden,Larkspur Green,Mill,20
17:22,3999,Bertha,Raikes,Birchfold,Church,10
17:22,4166,Nina,Applegarth,Brackenhythe,Bramble,8
17:22,4387,Bernard,Coates,Morrowmere,Church,6
17:22,4897,Willa,Chilton,Nettlebarrow,Bramble,21
17:22,4933,Rhoda,Pocock,Morrowmere,Bramble,28
17:22,5430,Mabel,Isherwood,Larkspur Green,Mill,2
17:23,0782,Oona,Chalk,Morrowmere,Mill,29
17:23,1183,Eden,Ilsley,Owlhallow,Orchard,11
17:23,1339,Emma,Ormerod,Ashcott Heath,Mill,30
17:23,1559,Ansel,Plumb,Owlhallow,Mill,7
17:23,2062,Clement,Slade,Fernley,Mill,5
17:23,2063,Wilbur,Vance,Nettlebarrow,Church,33
17:23,2191,Edgar,Oldroyd,Nettlebarrow,Bramble,2
17:23,2193,Kit,Elmore,Larkspur Green,Mill,14
17:23,2579,Lena,Ingram,Brackenhythe,Orchard,18
17:23,2701,Rhoda,Ormerod,Morrowmere,Orchard,14
17:23,3026,Nora,Redfern,Wexley,Bramble,11
17:23,3604,Helena,Nuttall,Dunwold,Orchard,3
17:23,3850,Jonah,Ambler,Brackenhythe,Orchard,29
17:23,4002,Ruth,Gilbey,Larkspur Green,Bramble,18
17:23,4304,Martha,Skelton,Yarrowby,Mill,2
17:23,4435,Martha,Eastham,Kittlewick,Bramble,30
17:23,4629,Gwen,Isherwood,Kittlewick,Church,25
17:23,4639,Jonah,Abbott,Morrowmere,Orchard,16
17:23,4755,Nell,Yelland,Kittlewick,Church,7
17:23,5382,Cora,Kitson,Morrowmere,Bramble,2
17:23,5659,Clement,Elphick,Fernley,Church,27
17:23,5966,Etta,Ellwood,Brackenhythe,Orchard,1
17:24,0033,Eden,Sallis,Morrowmere,Orchard,10
17:24,0107,Linus,Elgood,Hatherby,Mill,25
17:24,0752,Ansel,Ainsworth,Morrowmere,Church,17
17:24,1399,Gwen,Finlow,Nettlebarrow,Church,1
17:24,4032,Josie,Nuttall,Birchfold,Church,15
17:24,4084,Etta,Oakley,Rushcombe,Bramble,15
17:24,4551,Ada,Hobday,Birchfold,Mill,16
17:24,4707,Gwen,Burnell,Hatherby,Orchard,7
17:24,4919,Hector,Ramsay,Morrowmere,Bramble,26
17:24,4936,Elva,Burnell,Fernley,Bramble,23
17:24,5414,Uma,Upton,Morrowmere,Orchard,19
17:24,5790,Elsie,Ambler,Larkspur Green,Orchard,28
17:25,0555,Josie,Padley,Owlhallow,Bramble,2
17:25,0865,Flora,Sefton,Dunwold,Mill,21
17:25,1008,Edmund,Hamblin,Larkspur Green,Bramble,11
17:25,1122,Lucian,Chalk,Larkspur Green,Bramble,27
17:25,1215,Rhoda,Ilsley,Rushcombe,Orchard,35
17:25,1224,Jasper,Elgood,Rushcombe,Church,27
17:25,1406,Dora,Anstey,Ashcott Heath,Mill,24
17:25,1725,Horace,Shilton,Larkspur Green,Bramble,21
17:25,2217,Arthur,Chalk,Ashcott Heath,Orchard,33
17:25,2603,Emma,Ingram,Pennyholt,Mill,2
17:25,2731,Cora,Hamblin,Yarrowby,Bramble,25
17:25,2923,Miriam,Fawcett,Nettlebarrow,Orchard,19
17:25,2943,Delia,Applegarth,Morrowmere,Church,36
17:25,3336,Leonard,Aske,Wexley,Orchard,21
17:25,3341,Philippa,Thwaite,Morrowmere,Bramble,25
17:25,3840,Eden,Yates,Owlhallow,Church,10
17:25,3849,Miriam,Dunstan,Birchfold,Orchard,35
17:25,4006,Abel,Ambler,Fernley,Church,9
17:25,4095,Ezra,Gale,Wexley,Bramble,13
17:25,4122,Oona,Ackroyd,Morrowmere,Orchard,34
17:25,4424,Uma,Onslow,Yarrowby,Mill,6
17:25,4517,Iris,Ashdown,Kittlewick,Mill,19
17:25,4538,Olive,Gilbey,Larkspur Green,Mill,34
17:25,4727,Helena,Aske,Yarrowby,Bramble,24
17:25,5137,Osric,Blythe,Yarrowby,Mill,23
17:25,5888,Emma,Applegarth,Nettlebarrow,Orchard,22
17:26,0062,Myrtle,Hackett,Thornby Cross,Church,11
17:26,0592,Cyril,Padley,Pennyholt,Bramble,18
17:26,0853,Bertha,Edgworth,Dunwold,Bramble,10
17:26,0867,Ulla,Digby,Thornby Cross,Orchard,13
17:26,0974,Myrtle,Elmore,Brackenhythe,Mill,15
17:26,1172,Ezra,Overton,Birchfold,Orchard,31
17:26,1583,Jasper,Pocock,Dunwold,Bramble,25
17:26,2244,Opal,Fenwick,Larkspur Green,Bramble,17
17:26,2524,Greta,Blythe,Birchfold,Bramble,23
17:26,2796,Dahlia,Openshaw,Brackenhythe,Church,19
17:26,3505,Elsie,Bainbridge,Nettlebarrow,Bramble,34
17:26,3841,Beatrix,Vance,Yarrowby,Orchard,32
17:26,4947,Una,Lamb,Morrowmere,Orchard,3
17:26,5064,Ruth,Oxenford,Wexley,Bramble,35
17:26,5558,Bella,Edgworth,Morrowmere,Church,36
17:27,0345,Gwen,Ormerod,Hatherby,Bramble,24
17:27,0604,Otto,Inchley,Morrowmere,Church,9
17:27,1473,Delia,Ellingham,Nettlebarrow,Bramble,32
17:27,1506,Kit,Ramsay,Brackenhythe,Bramble,2
17:27,1676,Viola,Fenwick,Rushcombe,Church,18
17:27,2273,Beatrix,Lamb,Thornby Cross,Bramble,16
17:27,3477,Miriam,Slade,Morrowmere,Orchard,35
17:27,3687,Miriam,Nuttall,Kittlewick,Mill,5
17:27,4491,Abel,Pickles,Hatherby,Orchard,17
17:27,4582,Vera,Chilton,Rushcombe,Bramble,36
17:27,4729,Pip,Winslow,Birchfold,Orchard,19
17:27,4753,Mabel,Uttley,Pennyholt,Mill,14
17:27,5305,Cora,Ebdon,Morrowmere,Orchard,23
17:27,5846,Orson,Satchell,Kittlewick,Bramble,10
17:28,0036,Selma,Osgood,Morrowmere,Mill,1
17:28,0242,Lucian,Ramsay,Thornby Cross,Church,25
17:28,0314,Sadie,Barlow,Nettlebarrow,Orchard,27
17:28,0423,Etta,Dunstan,Larkspur Green,Church,26
17:28,0931,Pearl,Rudd,Morrowmere,Bramble,11
17:28,1438,Flora,Webley,Nettlebarrow,Mill,18
17:28,2121,Gwen,Quayle,Owlhallow,Mill,33
17:28,3148,Josie,Elstob,Thornby Cross,Orchard,5
17:28,3856,Edmund,Oldfield,Hatherby,Church,5
17:28,3858,Enid,Dunstan,Brackenhythe,Mill,21
17:28,4019,Beatrix,Ilsley,Wexley,Church,14
17:28,4840,Leonard,Newbolt,Fernley,Mill,36
17:28,4966,Ida,Ackroyd,Wexley,Church,12
17:28,5235,Lena,Cobbold,Owlhallow,Church,19
17:28,5481,Cyril,Ireton,Thornby Cross,Church,13
17:29,0271,Sadie,Blythe,Dunwold,Orchard,12
17:29,0730,Maud,Rudd,Thornby Cross,Orchard,1
17:29,0874,Walter,Eskdale,Morrowmere,Orchard,14
17:29,0895,Hector,Shilton,Yarrowby,Bramble,3
17:29,1014,Ezra,Ramsay,Hatherby,Mill,12
17:29,1201,Elva,Oldroyd,Morrowmere,Mill,4
17:29,1552,Dora,Osgood,Brackenhythe,Bramble,35
17:29,2845,Oona,Phelps,Morrowmere,Bramble,30
17:29,4251,Celia,Kaye,Morrowmere,Orchard,7
17:29,4899,Rhoda,Heskett,Brackenhythe,Bramble,14
17:29,5111,Rhoda,Ewart,Birchfold,Orchard,13
17:29,5221,Selma,Kaye,Pennyholt,Orchard,19
17:29,5614,Bertha,Vance,Morrowmere,Church,36
17:29,5663,Viola,Fairley,Morrowmere,Bramble,3
17:29,5896,Alma,Larkin,Ashcott Heath,Bramble,17
17:30,0096,Alba,Clegg,Ashcott Heath,Bramble,33
17:30,0176,Lydia,Godwin,Pennyholt,Church,2
17:30,0647,Lena,Larkin,Morrowmere,Orchard,19
17:30,1409,Dahlia,Raikes,Nettlebarrow,Bramble,27
17:30,1621,Jonah,Underwood,Wexley,Mill,27
17:30,1645,Nina,Elstob,Dunwold,Church,7
17:30,1937,Ebba,Abbott,Morrowmere,Orchard,32
17:30,2722,Morris,Ingram,Birchfold,Church,15
17:30,2742,Basil,Gilbey,Pennyholt,Mill,24
17:30,2811,Hannah,Pocock,Larkspur Green,Church,14
17:30,2878,Olga,Pellow,Thornby Cross,Bramble,24
17:30,2948,Oona,Yelland,Larkspur Green,Mill,2
17:30,3070,Noel,Welch,Morrowmere,Church,16
17:30,3082,Basil,Newbolt,Morrowmere,Orchard,21
17:30,3468,Jasper,Meakin,Wexley,Mill,23
17:30,3917,Quentin,Fairley,Nettlebarrow,Church,30
17:30,3981,Helena,Pocock,Brackenhythe,Orchard,11
17:30,4104,Wilbur,Judd,Wexley,Bramble,19
17:30,4767,Maisie,Jessop,Wexley,Church,15
17:30,5624,Delia,Oakley,Wexley,Mill,33
17:30,5625,Bernard,Hamblin,Morrowmere,Orchard,36
17:31,0003,Eleanor,Hawley,Morrowmere,Church,25
17:31,0159,Annie,Burnell,Ashcott Heath,Mill,24
17:31,0190,Eden,Sutton,Owlhallow,Church,7
17:31,0535,Sadie,Ashby,Birchfold,Church,29
17:31,0683,Olive,Gale,Morrowmere,Church,35
17:31,0691,Orla,Oxenford,Wexley,Orchard,29
17:31,0877,Annabel,Noakes,Hatherby,Mill,25
17:31,1129,Bertha,Elgood,Kittlewick,Mill,5
17:31,1680,Jasper,Wallis,Yarrowby,Mill,3
17:31,1895,Selma,Slade,Morrowmere,Orchard,20
17:31,2201,Una,Pennick,Wexley,Bramble,5
17:31,2407,Selma,Welch,Kittlewick,Bramble,10
17:31,2689,Dahlia,Wallis,Morrowmere,Church,33
17:31,3038,Gideon,Vance,Brackenhythe,Orchard,34
17:31,3471,Augusta,Wallis,Morrowmere,Church,26
17:31,3795,Bella,Winslow,Owlhallow,Church,25
17:31,3916,Isla,Fairley,Morrowmere,Orchard,32
17:31,4393,Clement,Ormerod,Morrowmere,Church,9
17:31,4573,Lavinia,Fairley,Morrowmere,Bramble,27
17:31,4606,Iris,Clegg,Brackenhythe,Church,32
17:31,5739,Jasper,Chilton,Hatherby,Mill,33
17:31,5875,Cyril,Kitson,Rushcombe,Mill,30
17:32,0450,Cyril,Brock,Ashcott Heath,Bramble,32
17:32,0619,Nina,Wallis,Fernley,Bramble,19
17:32,1664,Constance,Tyson,Fernley,Orchard,8
17:32,2288,Clement,Eskdale,Ashcott Heath,Bramble,27
17:32,2505,Edgar,Orme,Nettlebarrow,Mill,7
17:32,3171,Pip,Oxenford,Nettlebarrow,Bramble,28
17:32,3719,Jonah,Edgworth,Morrowmere,Orchard,27
17:32,4227,Eden,Fairley,Fernley,Bramble,25
17:32,4410,Miriam,Quayle,Hatherby,Orchard,7
17:32,5192,Fabian,Barlow,Fernley,Church,10
17:32,5377,Effie,Overton,Ashcott Heath,Church,18
17:32,5415,Ezra,Judd,Kittlewick,Church,35
17:32,5550,Lottie,Wakely,Hatherby,Church,24
17:32,5844,Dora,Yelland,Larkspur Green,Bramble,24
17:32,5984,Effie,Ashworth,Kittlewick,Bramble,16
17:33,0149,Rhoda,Mellish,Fernley,Bramble,29
17:33,1115,Uma,Mellish,Rushcombe,Orchard,30
17:33,1228,Grace,Edwards,Rushcombe,Orchard,3
17:33,1281,Viola,Onslow,Wexley,Bramble,12
17:33,2471,Ruth,Ambler,Birchfold,Orchard,4
17:33,2797,Fabian,Wakely,Owlhallow,Bramble,18
17:33,3445,Ivo,Swales,Morrowmere,Church,4
17:33,4216,Ida,Gilbey,Fernley,Orchard,22
17:33,5023,Lydia,Skelton,Kittlewick,Bramble,12
17:33,5385,Nora,Dunstan,Owlhallow,Bramble,16
17:33,5644,Olive,Venables,Morrowmere,Orchard,4
17:33,5834,Annie,Ebdon,Dunwold,Bramble,30
17:33,5881,Celia,Jessop,Morrowmere,Mill,36
17:33,5999,Nora,Hackett,Yarrowby,Mill,11
17:34,0311,Linus,Gilbey,Fernley,Orchard,7
17:34,0413,Leonard,Ashendon,Morrowmere,Church,24
17:34,0483,Nell,Slade,Yarrowby,Church,8
17:34,0494,Elva,Ramsay,Hatherby,Bramble,17
17:34,0746,Iris,Ingram,Larkspur Green,Church,2
17:34,1256,Ulla,Tasker,Brackenhythe,Orchard,3
17:34,1315,Cedric,Pocock,Morrowmere,Orchard,24
17:34,1318,Pip,Kitson,Birchfold,Church,23
17:34,1726,Abel,Tasker,Kittlewick,Church,33
17:34,1727,Jude,Winslow,Owlhallow,Church,21
17:34,1756,Alma,Oldroyd,Birchfold,Mill,28
17:34,1884,Linus,Gale,Thornby Cross,Bramble,21
17:34,2124,Horace,Haldane,Morrowmere,Church,28
17:34,2379,Rosa,Wallis,Birchfold,Mill,11
17:34,2546,Ida,Redfern,Birchfold,Orchard,26
17:34,2680,Maisie,Coates,Ashcott Heath,Bramble,19
17:34,2979,Elsie,Chilton,Dunwold,Church,8
17:34,2993,Maud,Ockley,Yarrowby,Church,27
17:34,4266,Dahlia,Pellow,Pennyholt,Mill,19
17:34,4270,Lucian,Elstob,Rushcombe,Mill,33
17:34,4362,Nora,Venables,Rushcombe,Church,7
17:34,4768,Greta,Welch,Rushcombe,Mill,19
17:34,4828,Mabel,Openshaw,Larkspur Green,Mill,27
17:34,4915,Oona,Allsop,Thornby Cross,Mill,29
17:34,5782,Mercy,Bainbridge,Owlhallow,Orchard,32
17:35,0814,Noel,Ashwell,Ashcott Heath,Bramble,4
17:35,1336,Bella,Hamblin,Ashcott Heath,Mill,8
17:35,1418,Augusta,Yelland,Rushcombe,Bramble,35
17:35,1431,Celia,Dabney,Morrowmere,Bramble,31
17:35,2174,Sadie,Oakley,Pennyholt,Bramble,23
17:35,2420,Bertha,Edwards,Ashcott Heath,Mill,20
17:35,2463,Arthur,Yates,Morrowmere,Orchard,19
17:35,2659,Lucian,Hawley,Pennyholt,Church,1
17:35,3240,Morris,Coates,Owlhallow,Church,4
17:35,3366,Mabel,Enright,Rushcombe,Mill,3
17:35,3415,Ella,Elmore,Dunwold,Orchard,24
17:35,3690,Annabel,Hackett,Brackenhythe,Orchard,35
17:35,4145,Gwen,Wakely,Rushcombe,Bramble,2
17:35,4146,Myrtle,Eastham,Morrowmere,Mill,34
17:35,4668,Ezra,Ashwell,Morrowmere,Orchard,35
17:35,5401,Blanche,Hawley,Larkspur Green,Bramble,3
17:35,5554,Gwen,Gilbey,Rushcombe,Church,17
17:36,0451,Jasper,Ewart,Dunwold,Church,23
17:36,0973,Wilbur,Redfern,Rushcombe,Mill,14
17:36,1092,Lucian,Anstey,Thornby Cross,Bramble,30
17:36,1244,Effie,Winslow,Kittlewick,Bramble,17
17:36,1709,Noel,Swales,Thornby Cross,Bramble,32
17:36,1848,Annabel,Oddie,Owlhallow,Orchard,13
17:36,2048,Ada,Ebdon,Morrowmere,Church,16
17:36,2351,Flora,Tyson,Rushcombe,Bramble,13
17:36,3051,Helena,Webley,Brackenhythe,Mill,23
17:36,3158,Beatrix,Abbott,Hatherby,Bramble,3
17:36,3168,Ivo,Dabney,Hatherby,Bramble,24
17:36,3220,Ivy,Padley,Dunwold,Church,5
17:36,3278,Gwen,Rook,Larkspur Green,Bramble,26
17:36,3590,Harriet,Heskett,Thornby Cross,Mill,24
17:36,3713,Ivy,Keeling,Yarrowby,Church,24
17:36,4380,Lydia,Pocock,Morrowmere,Orchard,11
17:36,4416,Ezra,Clegg,Birchfold,Mill,18
17:36,4599,Ada,Welch,Morrowmere,Church,1
17:36,4654,Edgar,Vance,Owlhallow,Mill,2
17:36,4765,Morris,Orme,Larkspur Green,Bramble,25
17:36,4850,Isla,Quayle,Morrowmere,Bramble,28
17:36,5273,Maisie,Newbolt,Larkspur Green,Church,18
17:36,5814,Ada,Pellow,Morrowmere,Orchard,33
17:36,5843,Bernard,Atherton,Ashcott Heath,Orchard,10
17:37,0075,Ivy,Kaye,Nettlebarrow,Mill,21
17:37,0546,Fabian,Overton,Owlhallow,Orchard,36
17:37,0734,Osric,Lowe,Morrowmere,Mill,16
17:37,0777,Sadie,Welch,Rushcombe,Church,16
17:37,1193,Alma,Dawes,Dunwold,Bramble,30
17:37,1295,Emma,Redfern,Yarrowby,Church,22
17:37,1446,Clara,Bowden,Morrowmere,Orchard,7
17:37,1601,Willa,Godwin,Rushcombe,Church,13
17:37,1655,Rhoda,Clegg,Owlhallow,Bramble,23
17:37,1675,Martha,Anstey,Wexley,Church,15
17:37,1741,Ivy,Hamblin,Ashcott Heath,Bramble,36
17:37,2006,Etta,Fenwick,Brackenhythe,Mill,23
17:37,2110,Marian,Ashworth,Morrowmere,Mill,23
17:37,2503,Rosa,Ulverton,Larkspur Green,Orchard,12
17:37,2519,Kit,Judd,Kittlewick,Bramble,31
17:37,2737,Augusta,Haldane,Nettlebarrow,Mill,6
17:37,3405,Arlo,Yates,Owlhallow,Church,3
17:37,3925,Ezra,Twigg,Morrowmere,Church,6
17:37,3980,Olga,Eskdale,Rushcombe,Bramble,9
17:37,4314,Lena,Padley,Ashcott Heath,Church,26
17:37,5304,Eden,Wallis,Fernley,Bramble,6
17:37,5544,Lena,Elgood,Dunwold,Orchard,29
17:37,5713,Noel,Mellish,Birchfold,Bramble,21
17:37,5833,Nina,Oakley,Brackenhythe,Church,8
17:38,0674,Magnus,Bowden,Kittlewick,Church,36
17:38,0882,Pearl,Osgood,Thornby Cross,Bramble,24
17:38,1169,Jonah,Vance,Yarrowby,Bramble,20
17:38,1459,Lena,Lumsden,Fernley,Mill,10
17:38,1902,Clement,Lamb,Larkspur Green,Orchard,33
17:38,1955,Viola,Webley,Larkspur Green,Church,12
17:38,1967,Eleanor,Venables,Morrowmere,Bramble,17
17:38,2024,Clara,Skelton,Ashcott Heath,Orchard,17
17:38,2067,Ivy,Hawley,Morrowmere,Orchard,7
17:38,2652,Ella,Allsop,Morrowmere,Orchard,19
17:38,2668,Amos,Ireton,Brackenhythe,Mill,10
17:38,3780,Eleanor,Fairley,Morrowmere,Orchard,22
17:38,4241,Alma,Phelps,Pennyholt,Church,29
17:38,4464,Pearl,Beck,Yarrowby,Orchard,36
17:38,4559,Isla,Raikes,Hatherby,Orchard,22
17:38,4571,Jude,Ockley,Hatherby,Church,24
17:38,4715,Maisie,Kaye,Morrowmere,Orchard,23
17:38,4881,Arthur,Elphick,Birchfold,Bramble,16
17:38,5318,Maud,Fenwick,Nettlebarrow,Bramble,18
17:38,5788,Pearl,Chilton,Morrowmere,Bramble,12
17:38,5793,Harriet,Meakin,Hatherby,Orchard,22
17:38,5865,Annie,Nuttall,Larkspur Green,Church,19
17:38,5936,Walter,Haldane,Thornby Cross,Mill,17
17:39,0254,Wilbur,Plumb,Yarrowby,Bramble,26
17:39,0429,Ivo,Enright,Kittlewick,Church,8
17:39,0564,Etta,Elmore,Nettlebarrow,Mill,22
17:39,0576,Alba,Pickles,Fernley,Orchard,35
17:39,0864,Mercy,Venables,Morrowmere,Mill,31
17:39,0915,Hector,Redfern,Morrowmere,Orchard,24
17:39,1066,Inez,Dawes,Birchfold,Bramble,18
17:39,1189,Etta,Wakely,Dunwold,Church,34
17:39,1263,Uma,Fawcett,Dunwold,Orchard,21
17:39,1316,Eden,Upton,Pennyholt,Church,2
17:39,1401,Anna,Rook,Owlhallow,Bramble,5
17:39,1574,Dahlia,Chalk,Morrowmere,Church,24
17:39,1993,Delia,Oldfield,Kittlewick,Mill,31
17:39,2162,Abel,Arkwright,Owlhallow,Church,23
17:39,2607,Alma,Ramsay,Wexley,Bramble,14
17:39,2728,Enid,Larkin,Yarrowby,Bramble,18
17:39,2928,Quentin,Ormerod,Rushcombe,Mill,25
17:39,3245,Thea,Digby,Larkspur Green,Orchard,1
17:39,3340,Martha,Noakes,Thornby Cross,Mill,25
17:39,3753,Elva,Inchley,Hatherby,Mill,26
17:39,3847,Ezra,Arkwright,Rushcombe,Bramble,26
17:39,4261,Greta,Ibbott,Fernley,Bramble,36
17:39,4343,Emma,Monk,Fernley,Orchard,34
17:39,5084,Inez,Jessop,Morrowmere,Bramble,7
17:39,5209,Enid,Wakely,Dunwold,Orchard,3
17:39,5216,Willa,Ashworth,Owlhallow,Orchard,28
17:39,5349,Elva,Ilsley,Wexley,Bramble,5
17:39,5472,Augusta,Dabney,Morrowmere,Bramble,31
17:39,5473,Kit,Redfern,Brackenhythe,Church,36
17:39,5592,Bertha,Newbolt,Nettlebarrow,Bramble,7
17:39,5612,Hector,Pennick,Larkspur Green,Church,9
17:39,5862,Morris,Kitson,Morrowmere,Orchard,19
17:39,5928,Nina,Oldfield,Wexley,Orchard,12
17:40,0181,Amos,Lamb,Rushcombe,Orchard,4
17:40,0309,Anna,Uttley,Dunwold,Mill,32
17:40,0338,Lucian,Ibbott,Morrowmere,Church,17
17:40,0350,Maud,Judd,Owlhallow,Mill,29
17:40,0464,Isla,Godwin,Larkspur Green,Church,34
17:40,0639,Percy,Bunting,Dunwold,Mill,25
17:40,1268,Philippa,Raikes,Fernley,Orchard,31
17:40,1454,Osric,Shilton,Kittlewick,Church,18
17:40,1587,Oscar,Ellwood,Dunwold,Church,31
17:40,1718,Emma,Hawley,Morrowmere,Church,2
17:40,2012,Willa,Sallis,Fernley,Bramble,16
17:40,2286,Elsie,Sefton,Dunwold,Mill,34
17:40,2590,Rhoda,Ingram,Yarrowby,Church,8
17:40,2735,Una,Arkwright,Brackenhythe,Church,32
17:40,3243,Philippa,Rudd,Ashcott Heath,Orchard,12
17:40,3534,Blanche,Oldroyd,Rushcombe,Bramble,28
17:40,4065,Oona,Haldane,Rushcombe,Bramble,23
17:40,4280,Delia,Chalk,Fernley,Orchard,16
17:40,4759,Noel,Ashworth,Birchfold,Mill,15
17:40,5040,Edmund,Tasker,Ashcott Heath,Bramble,5
17:40,5234,Mercy,Napier,Thornby Cross,Bramble,32
17:40,5508,Mercy,Edgworth,Fernley,Church,22
17:40,5618,Dorian,Orme,Hatherby,Church,30
17:40,5979,Isla,Lumsden,Morrowmere,Church,21
17:41,0059,Jonah,Ashendon,Larkspur Green,Bramble,31
17:41,0105,Lena,Noakes,Yarrowby,Bramble,17
17:41,0714,Anna,Osgood,Brackenhythe,Church,17
17:41,0826,Ezra,Cobbold,Nettlebarrow,Orchard,25
17:41,1026,Lucian,Padley,Owlhallow,Orchard,2
17:41,1191,Jude,Pickles,Ashcott Heath,Church,4
17:41,1284,Bernard,Tyson,Larkspur Green,Bramble,21
17:41,1929,Jasper,Plumb,Brackenhythe,Mill,22
17:41,2161,Quentin,Enright,Ashcott Heath,Bramble,25
17:41,2493,Olga,Yates,Ashcott Heath,Orchard,12
17:41,3073,Hannah,Redfern,Ashcott Heath,Church,19
17:41,3144,Linus,Pellow,Thornby Cross,Bramble,6
17:41,3458,Elsie,Arkell,Rushcombe,Orchard,1
17:41,3508,Elva,Elphick,Kittlewick,Orchard,14
17:41,3570,Pip,Ewart,Fernley,Orchard,29
17:41,3572,Bella,Ashwell,Rushcombe,Orchard,18
17:41,3679,Olga,Ibbott,Owlhallow,Church,10
17:41,3922,Oona,Ibbott,Morrowmere,Church,1
17:41,4384,Pip,Aske,Hatherby,Mill,6
17:41,4514,Effie,Upton,Birchfold,Bramble,25
17:41,4976,Vera,Onslow,Thornby Cross,Bramble,21
17:41,5225,Alma,Oldfield,Fernley,Bramble,15
17:41,5787,Jonah,Elmore,Birchfold,Church,2
17:42,0305,Amos,Gale,Brackenhythe,Mill,31
17:42,0880,Hannah,Kaye,Rushcombe,Bramble,31
17:42,1061,Clara,Noakes,Nettlebarrow,Mill,7
17:42,1106,Lottie,Rook,Dunwold,Orchard,27
17:42,1384,Horace,Chilton,Larkspur Green,Bramble,12
17:42,1481,Lydia,Pickles,Dunwold,Bramble,7
17:42,1986,Lucian,Dawes,Morrowmere,Bramble,15
17:42,2422,Bertha,Usworth,Brackenhythe,Mill,3
17:42,2513,Isla,Edgworth,Morrowmere,Orchard,20
17:42,2564,Mabel,Atherton,Hatherby,Church,16
17:42,2810,Horace,Orme,Hatherby,Mill,22
17:42,3042,Otto,Heskett,Ashcott Heath,Orchard,36
17:42,3433,Dahlia,Ainsworth,Kittlewick,Bramble,14
17:42,3560,Pearl,Nettles,Ashcott Heath,Mill,10
17:42,3716,Cyril,Nuttall,Thornby Cross,Bramble,6
17:42,4141,Bella,Padley,Rushcombe,Bramble,27
17:42,4239,Quentin,Pellow,Owlhallow,Orchard,27
17:42,4334,Oscar,Gilbey,Brackenhythe,Mill,29
17:42,4506,Lavinia,Gilbey,Morrowmere,Mill,17
17:42,4731,Elva,Ashwell,Pennyholt,Orchard,32
17:42,4733,Arlo,Dawes,Kittlewick,Bramble,23
17:42,5070,Emma,Enright,Yarrowby,Church,22
17:42,5396,Enid,Slade,Morrowmere,Mill,31
17:42,5442,Emma,Coates,Wexley,Mill,9
17:42,5731,Kit,Kitson,Morrowmere,Mill,28
17:43,0117,Effie,Onslow,Morrowmere,Orchard,7
17:43,0207,Jasper,Brock,Owlhallow,Bramble,21
17:43,0216,Otto,Tasker,Morrowmere,Mill,14
17:43,0220,Hector,Elmore,Pennyholt,Bramble,18
17:43,0536,Hector,Stokes,Birchfold,Orchard,11
17:43,0541,Orson,Arkell,Rushcombe,Mill,20
17:43,1000,Inez,Inchley,Morrowmere,Church,9
17:43,1427,Elsie,Dawes,Morrowmere,Church,8
17:43,1659,Philippa,Ainsworth,Yarrowby,Mill,21
17:43,2070,Grace,Hamblin,Pennyholt,Orchard,8
17:43,2082,Eden,Inchley,Dunwold,Church,17
17:43,2152,Lena,Oldfield,Ashcott Heath,Mill,19
17:43,2356,Nell,Wakely,Owlhallow,Church,3
17:43,4109,Ansel,Cobbold,Thornby Cross,Mill,33
17:43,4136,Elsie,Brock,Morrowmere,Church,21
17:43,4338,Osric,Oakley,Morrowmere,Orchard,21
17:43,4418,Clement,Larkin,Rushcombe,Bramble,18
17:43,4440,Enoch,Enright,Ashcott Heath,Bramble,2
17:43,4479,Magnus,Ackroyd,Thornby Cross,Church,12
17:43,4660,Oscar,Jessop,Pennyholt,Mill,27
17:43,4662,Flora,Judd,Yarrowby,Mill,26
17:43,4665,Etta,Gilbey,Birchfold,Bramble,13
17:43,4745,Magnus,Stokes,Rushcombe,Church,8
17:43,4877,Wilbur,Noakes,Hatherby,Mill,25
17:43,5175,Magnus,Skelton,Kittlewick,Mill,7
17:43,5376,Ezra,Allsop,Yarrowby,Mill,24
17:43,5699,Mabel,Eskdale,Morrowmere,Bramble,26
17:43,5762,Annabel,Bainbridge,Morrowmere,Orchard,22
17:43,5800,Ansel,Ambler,Nettlebarrow,Mill,34
17:43,5965,Basil,Quayle,Thornby Cross,Church,1
17:44,0029,Jonah,Quayle,Thornby Cross,Orchard,30
17:44,0324,Edgar,Dunstan,Yarrowby,Orchard,23
17:44,0870,Josie,Napier,Ashcott Heath,Bramble,18
17:44,0911,Ella,Beck,Kittlewick,Mill,24
17:44,1964,Kit,Shilton,Fernley,Orchard,28
17:44,2451,Myrtle,Skelton,Ashcott Heath,Bramble,15
17:44,2565,Greta,Ashdown,Fernley,Mill,20
17:44,2592,Arthur,Ramsay,Dunwold,Church,4
17:44,2751,Viola,Hawley,Dunwold,Orchard,1
17:44,3324,Eleanor,Lowe,Morrowmere,Bramble,13
17:44,3349,Alma,Newbolt,Nettlebarrow,Mill,17
17:44,3908,Greta,Vance,Morrowmere,Orchard,4
17:44,4214,Celia,Fenwick,Dunwold,Orchard,20
17:44,4320,Martha,Eskdale,Hatherby,Mill,7
17:44,4462,Annie,Ashby,Rushcombe,Orchard,32
17:44,4780,Elva,Otway,Morrowmere,Mill,8
17:44,5214,Celia,Gilbey,Birchfold,Church,32
17:44,5433,Greta,Cobbold,Morrowmere,Bramble,5
17:44,5579,Bertha,Mellish,Dunwold,Mill,29
17:45,0197,Enoch,Finlow,Morrowmere,Bramble,32
17:45,0200,Vera,Winslow,Yarrowby,Bramble,19
17:45,0319,Dahlia,Twigg,Yarrowby,Orchard,1
17:45,0648,Etta,Burnell,Morrowmere,Orchard,26
17:45,1198,Elva,Redfern,Hatherby,Church,3
17:45,1233,Jasper,Maddox,Morrowmere,Orchard,26
17:45,1529,Nell,Ambler,Morrowmere,Church,7
17:45,1565,Freda,Onslow,Pennyholt,Bramble,18
17:45,1701,Clement,Elmore,Wexley,Orchard,6
17:45,1817,Anna,Gosling,Birchfold,Orchard,23
17:45,1995,Dora,Eastham,Larkspur Green,Orchard,31
17:45,2155,Vera,Skelton,Morrowmere,Church,25
17:45,2348,Gwen,Sefton,Owlhallow,Orchard,10
17:45,2397,Dorian,Pocock,Morrowmere,Mill,5
17:45,2600,Alma,Winslow,Ashcott Heath,Bramble,22
17:45,2673,Anna,Ulverton,Fernley,Bramble,6
17:45,2960,Jonah,Noakes,Ashcott Heath,Orchard,16
17:45,3421,Bertha,Ibbott,Ashcott Heath,Orchard,14
17:45,3426,Fabian,Aske,Morrowmere,Orchard,16
17:45,3487,Orson,Phelps,Nettlebarrow,Mill,35
17:45,3867,Cyril,Redfern,Thornby Cross,Bramble,15
17:45,3904,Rhoda,Ashby,Hatherby,Church,10
17:45,3926,Blanche,Arkell,Ashcott Heath,Bramble,24
17:45,4253,Miriam,Stokes,Birchfold,Church,3
17:45,4447,Orson,Bunting,Morrowmere,Bramble,2
17:45,4613,Opal,Kitson,Morrowmere,Mill,6
17:45,4739,Rosa,Elstob,Birchfold,Bramble,36
17:45,4785,Olga,Oldfield,Kittlewick,Bramble,4
17:45,5258,Opal,Ainsworth,Morrowmere,Mill,19
17:45,5549,Cyril,Enright,Wexley,Bramble,21
17:45,5585,Sadie,Ambler,Morrowmere,Church,21
17:45,5744,Ella,Orme,Morrowmere,Church,35
17:45,5774,Amos,Coates,Birchfold,Orchard,12
17:45,5952,Inez,Quayle,Morrowmere,Church,8
17:46,0023,Dorian,Yelland,Morrowmere,Bramble,17
17:46,0098,Lavinia,Twigg,Larkspur Green,Bramble,13
17:46,0128,Gideon,Twigg,Hatherby,Orchard,30
17:46,0797,Freda,Yelland,Thornby Cross,Orchard,28
17:46,1024,Olive,Ellwood,Rushcombe,Church,24
17:46,1642,Lucian,Eckford,Morrowmere,Orchard,13
17:46,2280,Ida,Dawes,Owlhallow,Mill,36
17:46,2683,Annie,Otway,Yarrowby,Church,16
17:46,2704,Dahlia,Swales,Larkspur Green,Mill,5
17:46,2724,Osric,Ambler,Wexley,Church,34
17:46,3107,Myrtle,Yelland,Morrowmere,Orchard,17
17:46,3824,Oona,Pickles,Larkspur Green,Mill,10
17:46,3834,Percy,Clegg,Ashcott Heath,Mill,1
17:46,4656,Ivo,Rook,Thornby Cross,Bramble,28
17:46,4820,Wilbur,Meakin,Yarrowby,Bramble,10
17:46,4917,Opal,Ackroyd,Ashcott Heath,Mill,2
17:46,5102,Bernard,Pennick,Owlhallow,Orchard,34
17:46,5391,Harriet,Underwood,Thornby Cross,Church,6
17:46,5583,Walter,Overton,Hatherby,Mill,36
17:46,5932,Anna,Swales,Ashcott Heath,Orchard,9
17:47,0425,Quentin,Oldroyd,Morrowmere,Bramble,20
17:47,0834,Pearl,Bunting,Wexley,Orchard,2
17:47,0964,Amos,Bunting,Morrowmere,Bramble,27
17:47,1135,Eden,Oldroyd,Morrowmere,Mill,31
17:47,1238,Beatrix,Nuttall,Wexley,Orchard,19
17:47,2481,Olga,Ewart,Yarrowby,Mill,21
17:47,2525,Lydia,Upton,Morrowmere,Orchard,13
17:47,2528,Martha,Edwards,Owlhallow,Mill,29
17:47,2869,Gwen,Chalk,Ashcott Heath,Mill,21
17:47,2925,Annabel,Shilton,Morrowmere,Bramble,29
17:47,3486,Marian,Meakin,Larkspur Green,Orchard,14
17:47,3617,Mabel,Otway,Thornby Cross,Mill,20
17:47,3724,Iris,Welch,Hatherby,Orchard,21
17:47,3746,Enid,Overton,Dunwold,Mill,16
17:47,3959,Hector,Sefton,Larkspur Green,Orchard,12
17:47,4028,Elsie,Hawley,Larkspur Green,Bramble,7
17:47,4637,Isla,Onslow,Wexley,Orchard,9
17:47,5145,Enid,Ireton,Birchfold,Mill,36
17:47,5166,Olga,Chilton,Thornby Cross,Mill,26
17:47,5487,Inez,Gilbey,Thornby Cross,Bramble,13
17:47,5595,Jasper,Eckford,Brackenhythe,Bramble,15
17:47,5670,Leonard,Meakin,Morrowmere,Orchard,14
17:47,5780,Opal,Jessop,Yarrowby,Church,6
17:47,5801,Olga,Fawcett,Nettlebarrow,Bramble,21
17:48,0006,Grace,Phelps,Brackenhythe,Church,3
17:48,0009,Uma,Ilsley,Thornby Cross,Church,24
17:48,0102,Quentin,Aske,Morrowmere,Church,11
17:48,0147,Enid,Abbott,Morrowmere,Orchard,19
17:48,0278,Viola,Wallis,Brackenhythe,Bramble,4
17:48,0687,Martha,Ainsworth,Morrowmere,Orchard,9
17:48,0861,Annabel,Barlow,Ashcott Heath,Mill,34
17:48,1114,Nina,Orme,Pennyholt,Orchard,8
17:48,1584,Marian,Ibbott,Nettlebarrow,Mill,31
17:48,1903,Percy,Elstob,Fernley,Mill,35
17:48,2415,Flora,Ibbott,Rushcombe,Mill,32
17:48,2438,Eden,Dabney,Morrowmere,Orchard,34
17:48,2496,Anna,Openshaw,Kittlewick,Mill,18
17:48,2578,Eleanor,Arkwright,Kittlewick,Mill,15
17:48,2616,Etta,Ashworth,Wexley,Orchard,25
17:48,3011,Bernard,Ashdown,Morrowmere,Bramble,7
17:48,3766,Ida,Keeling,Pennyholt,Bramble,13
17:48,3894,Nell,Oakley,Owlhallow,Mill,7
17:48,4448,Cora,Keeling,Morrowmere,Mill,7
17:48,4526,Otto,Keeling,Dunwold,Church,23
17:48,4545,Osric,Venables,Morrowmere,Orchard,34
17:48,4588,Cora,Venables,Thornby Cross,Bramble,21
17:48,4625,Edmund,Ebdon,Kittlewick,Bramble,29
17:48,5000,Uma,Noakes,Morrowmere,Mill,5
17:48,5083,Abel,Eskdale,Brackenhythe,Church,19
17:48,5091,Ivo,Witton,Owlhallow,Bramble,36
17:48,5140,Vera,Overton,Dunwold,Church,27
17:48,5232,Olive,Ainsworth,Ashcott Heath,Orchard,35
17:48,5431,Percy,Chilton,Kittlewick,Orchard,6
17:48,5726,Ada,Ashendon,Thornby Cross,Orchard,28
17:48,5906,Pearl,Heskett,Ashcott Heath,Church,34
17:48,5940,Selma,Isherwood,Owlhallow,Church,22
17:48,5960,Milo,Heskett,Birchfold,Bramble,10
17:49,0019,Isla,Gosling,Morrowmere,Church,14
17:49,0184,Milo,Isherwood,Fernley,Bramble,16
17:49,0524,Ida,Plumb,Birchfold,Orchard,21
17:49,0763,Blanche,Clegg,Morrowmere,Bramble,5
17:49,0846,Abel,Vance,Ashcott Heath,Bramble,28
17:49,1043,Ivo,Bainbridge,Morrowmere,Church,15
17:49,1208,Linus,Usworth,Morrowmere,Church,30
17:49,1340,Elsie,Maddox,Brackenhythe,Mill,16
17:49,1436,Jonah,Brock,Kittlewick,Orchard,36
17:49,1451,Milo,Applegarth,Yarrowby,Bramble,13
17:49,1846,Ivo,Arkwright,Morrowmere,Bramble,36
17:49,2719,Lucian,Venables,Morrowmere,Church,15
17:49,2985,Kit,Heskett,Morrowmere,Orchard,24
17:49,3078,Percy,Ewart,Nettlebarrow,Bramble,28
17:49,3152,Clement,Raikes,Pennyholt,Bramble,29
17:49,3402,Eden,Ashwell,Pennyholt,Church,12
17:49,3671,Blanche,Meakin,Hatherby,Bramble,28
17:49,3913,Thea,Ibbott,Kittlewick,Mill,20
17:49,4079,Orla,Ainsworth,Morrowmere,Orchard,21
17:49,4096,Gideon,Ellingham,Larkspur Green,Orchard,17
17:49,4195,Gwen,Abbott,Nettlebarrow,Orchard,33
17:49,4469,Bella,Lowe,Hatherby,Bramble,31
17:49,4699,Ansel,Applegarth,Brackenhythe,Bramble,31
17:49,5041,Ella,Usworth,Dunwold,Church,23
17:49,5096,Elsie,Fawcett,Rushcombe,Orchard,33
17:49,5195,Viola,Jessop,Morrowmere,Church,22
17:49,5268,Ansel,Lumsden,Thornby Cross,Bramble,20
17:49,5356,Selma,Heskett,Ashcott Heath,Orchard,13
17:49,5488,Ivy,Witton,Owlhallow,Orchard,34
17:49,5703,Gwen,Chilton,Kittlewick,Bramble,34
17:50,0027,Morris,Ramsay,Kittlewick,Church,16
17:50,0331,Bertha,Dunstan,Brackenhythe,Church,28
17:50,0840,Mercy,Blythe,Birchfold,Mill,27
17:50,0899,Mercy,Jessop,Yarrowby,Mill,11
17:50,1157,Eden,Elmore,Rushcombe,Church,4
17:50,1262,Cedric,Tasker,Owlhallow,Orchard,29
17:50,1450,Rosa,Satchell,Rushcombe,Orchard,34
17:50,1613,Rosa,Maddox,Birchfold,Church,9
17:50,1792,Cora,Phelps,Dunwold,Church,35
17:50,1806,Martha,Padley,Morrowmere,Mill,35
17:50,1835,Noel,Dabney,Dunwold,Church,15
17:50,1861,Milo,Pickles,Birchfold,Orchard,11
17:50,1990,Horace,Edwards,Hatherby,Bramble,29
17:50,2115,Quentin,Finlow,Nettlebarrow,Bramble,1
17:50,2294,Mercy,Onslow,Pennyholt,Church,12
17:50,2580,Thea,Finlow,Nettlebarrow,Bramble,27
17:50,2663,Alma,Rook,Morrowmere,Orchard,20
17:50,2703,Enid,Isherwood,Morrowmere,Church,4
17:50,2872,Elsie,Tyson,Morrowmere,Mill,12
17:50,3374,Otto,Pellow,Ashcott Heath,Orchard,20
17:50,4074,Eleanor,Orme,Kittlewick,Church,5
17:50,4155,Josie,Bainbridge,Dunwold,Mill,3
17:50,4158,Enid,Fairley,Fernley,Bramble,7
17:50,4282,Bella,Twigg,Pennyholt,Bramble,34
17:50,4323,Leonard,Enright,Rushcombe,Orchard,14
17:50,5217,Maisie,Elgood,Dunwold,Church,14
17:50,5367,Alma,Dunstan,Rushcombe,Mill,34
17:50,5714,Rosa,Oakley,Rushcombe,Church,4
17:50,5797,Milo,Hawley,Morrowmere,Bramble,16
17:50,5829,Martha,Coates,Yarrowby,Church,28
17:51,0018,Lottie,Maddox,Morrowmere,Church,18
17:51,0054,Inez,Twigg,Thornby Cross,Orchard,4
17:51,0109,Alma,Tolley,Birchfold,Orchard,24
17:51,1335,Nell,Yates,Birchfold,Church,34
17:51,1351,Annie,Brock,Rushcombe,Church,16
17:51,1795,Cedric,Ellwood,Hatherby,Mill,22
17:51,1938,Cedric,Oakley,Birchfold,Orchard,10
17:51,2142,Harriet,Ormerod,Brackenhythe,Bramble,23
17:51,2358,Gideon,Bunting,Morrowmere,Church,12
17:51,2541,Ida,Oakley,Yarrowby,Orchard,19
17:51,2599,Basil,Larkin,Morrowmere,Mill,34
17:51,2611,Sadie,Ibbott,Larkspur Green,Church,24
17:51,3002,Bella,Allsop,Larkspur Green,Orchard,16
17:51,3526,Arthur,Brock,Dunwold,Church,28
17:51,3630,Beatrix,Newbolt,Dunwold,Orchard,35
17:51,3799,Jasper,Nuttall,Larkspur Green,Mill,15
17:51,4533,Rosa,Welch,Owlhallow,Bramble,16
17:51,4659,Lydia,Welch,Morrowmere,Orchard,35
17:51,4913,Horace,Allsop,Morrowmere,Orchard,25
17:51,5119,Gwen,Godwin,Owlhallow,Church,27
17:51,5189,Constance,Blythe,Larkspur Green,Bramble,15
17:51,5244,Osric,Winslow,Rushcombe,Mill,24
17:51,5806,Ivo,Applegarth,Pennyholt,Orchard,22
17:52,0088,Dahlia,Lamb,Thornby Cross,Mill,5
17:52,0263,Linus,Tyson,Morrowmere,Bramble,15
17:52,0705,Thea,Stokes,Yarrowby,Mill,16
17:52,0885,Horace,Eastham,Pennyholt,Church,19
17:52,0981,Sadie,Maddox,Rushcombe,Bramble,14
17:52,1069,Walter,Larkin,Ashcott Heath,Mill,8
17:52,1475,Oona,Fenwick,Morrowmere,Mill,30
17:52,2747,Milo,Oldfield,Brackenhythe,Orchard,7
17:52,2777,Bertha,Judd,Thornby Cross,Mill,12
17:52,3117,Hannah,Pellow,Brackenhythe,Bramble,22
17:52,3435,Martha,Otway,Morrowmere,Bramble,33
17:52,3586,Magnus,Phelps,Nettlebarrow,Church,29
17:52,3660,Oona,Ashwell,Owlhallow,Church,33
17:52,4094,Isla,Bainbridge,Thornby Cross,Mill,10
17:52,4300,Blanche,Newbolt,Yarrowby,Orchard,21
17:52,4452,Olive,Kitson,Larkspur Green,Church,35
17:52,4802,Ada,Quayle,Pennyholt,Orchard,9
17:52,4993,Una,Pocock,Dunwold,Church,28
17:52,5348,Enid,Welch,Nettlebarrow,Mill,1
17:52,5648,Lottie,Finlow,Morrowmere,Mill,32
17:52,5735,Sadie,Nuttall,Owlhallow,Bramble,15
17:53,0144,Ebba,Hamblin,Pennyholt,Church,21
17:53,0279,Annabel,Gilbey,Owlhallow,Bramble,6
17:53,0587,Martha,Clegg,Fernley,Orchard,9
17:53,0590,Milo,Twigg,Dunwold,Orchard,33
17:53,0598,Hector,Onslow,Morrowmere,Church,2
17:53,0614,Annie,Hamblin,Dunwold,Bramble,7
17:53,0793,Morris,Kaye,Yarrowby,Mill,1
17:53,0823,Ansel,Noakes,Morrowmere,Church,12
17:53,0987,Beatrix,Eastham,Birchfold,Orchard,23
17:53,1017,Ezra,Ellingham,Birchfold,Orchard,24
17:53,1068,Arlo,Kitson,Owlhallow,Bramble,5
17:53,1546,Osric,Enright,Fernley,Mill,5
17:53,1797,Helena,Stokes,Hatherby,Orchard,1
17:53,1856,Mabel,Arkwright,Morrowmere,Mill,16
17:53,2117,Constance,Atherton,Birchfold,Church,9
17:53,2123,Cyril,Sutton,Dunwold,Bramble,16
17:53,2229,Sadie,Ellingham,Hatherby,Bramble,36
17:53,2619,Myrtle,Nuttall,Yarrowby,Church,16
17:53,2694,Ella,Lowe,Ashcott Heath,Church,4
17:53,2809,Dora,Ewart,Hatherby,Mill,29
17:53,3019,Otto,Aske,Morrowmere,Mill,14
17:53,3040,Dorian,Ingram,Brackenhythe,Mill,12
17:53,3044,Ansel,Gilbey,Morrowmere,Church,1
17:53,3093,Olga,Yelland,Pennyholt,Church,30
17:53,3900,Lottie,Oldroyd,Hatherby,Church,20
17:53,4170,Rosa,Edgworth,Owlhallow,Orchard,2
17:53,4398,Jude,Shilton,Nettlebarrow,Bramble,6
17:53,5018,Greta,Ashendon,Rushcombe,Mill,24
17:53,5110,Arlo,Ashworth,Wexley,Church,23
17:53,5187,Elva,Hawley,Nettlebarrow,Mill,19
17:53,5219,Isla,Pickles,Morrowmere,Orchard,29
17:53,5220,Grace,Isherwood,Rushcombe,Church,28
17:53,5263,Freda,Haldane,Morrowmere,Bramble,30
17:53,5352,Horace,Tolley,Brackenhythe,Mill,19
17:53,5537,Ansel,Phelps,Morrowmere,Bramble,33
17:53,5747,Bella,Sefton,Morrowmere,Mill,7
17:53,5876,Arlo,Judd,Yarrowby,Bramble,28
17:53,5912,Marian,Aske,Morrowmere,Bramble,10
17:53,5924,Ella,Larkin,Owlhallow,Church,16
17:54,0084,Oscar,Oddie,Wexley,Bramble,6
17:54,0202,Elva,Vance,Yarrowby,Bramble,10
17:54,0230,Elsie,Burnell,Nettlebarrow,Orchard,33
17:54,0357,Flora,Quayle,Yarrowby,Church,10
17:54,0512,Oscar,Applegarth,Pennyholt,Orchard,10
17:54,0824,Gideon,Quayle,Morrowmere,Bramble,17
17:54,0984,Cyril,Meakin,Morrowmere,Church,9
17:54,1167,Annie,Welch,Birchfold,Orchard,16
17:54,1382,Leonard,Lamb,Thornby Cross,Orchard,28
17:54,1433,Alma,Finlow,Fernley,Bramble,24
17:54,1491,Celia,Napier,Larkspur Green,Orchard,21
17:54,1904,Jude,Heskett,Ashcott Heath,Church,32
17:54,2179,Iris,Twigg,Morrowmere,Bramble,24
17:54,2452,Etta,Yelland,Rushcombe,Church,6
17:54,2934,Myrtle,Gosling,Morrowmere,Orchard,1
17:54,3100,Dahlia,Eastham,Yarrowby,Mill,8
17:54,3165,Lena,Osgood,Fernley,Church,9
17:54,3552,Selma,Mellish,Wexley,Bramble,35
17:54,3581,Anna,Ockley,Hatherby,Orchard,34
17:54,3624,Horace,Gilbey,Larkspur Green,Mill,6
17:54,3627,Orla,Tolley,Fernley,Bramble,27
17:54,3641,Ruth,Ackroyd,Thornby Cross,Bramble,36
17:54,3784,Marian,Arkwright,Morrowmere,Bramble,23
17:54,4041,Bella,Anstey,Morrowmere,Mill,32
17:54,4133,Lena,Ormerod,Ashcott Heath,Mill,27
17:54,4308,Ebba,Kaye,Larkspur Green,Mill,14
17:54,4437,Sadie,Pocock,Fernley,Orchard,36
17:54,4736,Philippa,Eastham,Owlhallow,Mill,36
17:54,4885,Eden,Atherton,Morrowmere,Bramble,18
17:54,5033,Marian,Coates,Rushcombe,Mill,2
17:54,5336,Blanche,Blythe,Morrowmere,Bramble,4
17:54,5668,Eleanor,Openshaw,Yarrowby,Bramble,4
17:54,5697,Olga,Ainsworth,Morrowmere,Church,21
17:54,5817,Cyril,Arkell,Kittlewick,Church,25
17:55,0121,Lottie,Elgood,Rushcombe,Orchard,8
17:55,0414,Maisie,Ebdon,Kittlewick,Mill,30
17:55,0447,Lavinia,Ireton,Pennyholt,Orchard,9
17:55,0495,Grace,Eskdale,Hatherby,Orchard,3
17:55,0791,Dora,Lumsden,Owlhallow,Bramble,10
17:55,0858,Flora,Gilbey,Kittlewick,Mill,12
17:55,1118,Una,Applegarth,Morrowmere,Bramble,25
17:55,1448,Cyril,Upton,Rushcombe,Orchard,5
17:55,1605,Jonah,Maddox,Rushcombe,Bramble,34
17:55,1998,Lavinia,Maddox,Wexley,Bramble,8
17:55,2093,Grace,Webley,Wexley,Mill,23
17:55,2515,Delia,Webley,Dunwold,Church,24
17:55,2674,Nell,Vance,Larkspur Green,Church,15
17:55,2829,Clara,Eckford,Brackenhythe,Bramble,20
17:55,3034,Beatrix,Monk,Hatherby,Orchard,32
17:55,3605,Myrtle,Ashworth,Kittlewick,Orchard,27
17:55,4062,Lydia,Ockley,Yarrowby,Orchard,5
17:55,4374,Rosa,Anstey,Morrowmere,Bramble,23
17:55,4652,Kit,Ellingham,Thornby Cross,Bramble,31
17:55,4722,Hannah,Openshaw,Ashcott Heath,Bramble,8
17:55,5135,Hector,Oxenford,Larkspur Green,Orchard,36
17:55,5280,Dora,Hackett,Pennyholt,Bramble,23
17:55,5425,Vera,Ashby,Thornby Cross,Mill,33
17:56,0013,Annie,Chilton,Morrowmere,Church,13
17:56,0487,Rosa,Pennick,Owlhallow,Orchard,24
17:56,0644,Blanche,Satchell,Wexley,Mill,9
17:56,0689,Anna,Ramsay,Nettlebarrow,Church,36
17:56,0761,Opal,Tolley,Birchfold,Church,3
17:56,0764,Martha,Stokes,Morrowmere,Bramble,21
17:56,1188,Maisie,Ashby,Brackenhythe,Mill,13
17:56,1290,Magnus,Fawcett,Morrowmere,Church,36
17:56,1632,Delia,Jessop,Nettlebarrow,Church,32
17:56,1815,Edmund,Ellwood,Ashcott Heath,Church,7
17:56,1896,Magnus,Atherton,Ashcott Heath,Mill,25
17:56,2094,Fabian,Chilton,Ashcott Heath,Church,34
17:56,2250,Uma,Overton,Pennyholt,Bramble,11
17:56,2533,Effie,Orme,Fernley,Bramble,23
17:56,2577,Leonard,Inchley,Dunwold,Bramble,8
17:56,2631,Uma,Blythe,Pennyholt,Bramble,18
17:56,2700,Cedric,Newbolt,Hatherby,Bramble,21
17:56,3052,Myrtle,Barlow,Wexley,Mill,13
17:56,3075,Basil,Slade,Fernley,Bramble,23
17:56,3203,Morris,Beck,Birchfold,Orchard,25
17:56,3428,Beatrix,Gilbey,Thornby Cross,Church,34
17:56,3491,Emma,Chilton,Nettlebarrow,Bramble,18
17:56,3610,Bernard,Blythe,Hatherby,Church,31
17:56,3636,Ulla,Skelton,Yarrowby,Orchard,10
17:56,4150,Abel,Venables,Hatherby,Orchard,26
17:56,4185,Freda,Gosling,Yarrowby,Bramble,3
17:56,4360,Delia,Elgood,Morrowmere,Bramble,9
17:56,4400,Clement,Tyson,Pennyholt,Mill,4
17:56,4553,Delia,Osgood,Thornby Cross,Orchard,14
17:56,4587,Milo,Fairley,Wexley,Bramble,32
17:56,4826,Etta,Padley,Morrowmere,Bramble,30
17:56,5224,Magnus,Gale,Morrowmere,Bramble,16
17:56,5233,Fabian,Coates,Brackenhythe,Orchard,6
17:56,5373,Josie,Ainsworth,Morrowmere,Orchard,24
17:56,5520,Etta,Blythe,Birchfold,Church,24
17:56,5631,Marian,Isherwood,Morrowmere,Mill,15
17:56,5633,Opal,Ambler,Fernley,Bramble,36
17:57,0016,Jasper,Stokes,Hatherby,Bramble,35
17:57,0185,Maud,Beck,Rushcombe,Bramble,20
17:57,0376,Beatrix,Redfern,Hatherby,Orchard,36
17:57,0433,Ansel,Elstob,Rushcombe,Church,3
17:57,0638,Alma,Nuttall,Yarrowby,Orchard,14
17:57,0723,Etta,Quayle,Brackenhythe,Church,26
17:57,1005,Greta,Ingram,Pennyholt,Mill,23
17:57,1185,Leonard,Eastham,Morrowmere,Church,28
17:57,1946,Milo,Quayle,Rushcombe,Church,22
17:57,1971,Mabel,Gosling,Pennyholt,Mill,10
17:57,2057,Eleanor,Ibbott,Nettlebarrow,Bramble,20
17:57,2105,Kit,Anstey,Morrowmere,Orchard,6
17:57,2199,Enoch,Rudd,Morrowmere,Mill,8
17:57,2312,Thea,Nuttall,Nettlebarrow,Church,23
17:57,2418,Jude,Fairley,Larkspur Green,Bramble,36
17:57,2423,Opal,Overton,Hatherby,Church,3
17:57,2531,Ivy,Noakes,Ashcott Heath,Bramble,25
17:57,2547,Dahlia,Oldroyd,Morrowmere,Orchard,31
17:57,2641,Pip,Clegg,Morrowmere,Mill,24
17:57,2697,Olga,Ellingham,Owlhallow,Church,28
17:57,2864,Harriet,Uttley,Ashcott Heath,Church,36
17:57,3032,Iris,Tasker,Wexley,Bramble,25
17:57,3172,Ebba,Dabney,Morrowmere,Church,15
17:57,3387,Bernard,Wilmot,Owlhallow,Mill,16
17:57,3478,Helena,Tolley,Pennyholt,Bramble,10
17:57,3569,Miriam,Jessop,Brackenhythe,Bramble,13
17:57,3646,Ezra,Slade,Hatherby,Bramble,31
17:57,3809,Marian,Applegarth,Nettlebarrow,Orchard,27
17:57,3935,Basil,Eastham,Morrowmere,Bramble,24
17:57,4069,Elva,Newbolt,Morrowmere,Bramble,1
17:57,4436,Wilbur,Ibbott,Rushcombe,Mill,29
17:57,4641,Alba,Heskett,Hatherby,Bramble,10
17:57,4847,Ivo,Coates,Rushcombe,Mill,18
17:57,5337,Emma,Tasker,Morrowmere,Orchard,11
17:57,5650,Clara,Rudd,Owlhallow,Bramble,10
17:57,5910,Lena,Dawes,Owlhallow,Church,23
17:58,0021,Josie,Uttley,Ashcott Heath,Orchard,27
17:58,0118,Ella,Ingram,Morrowmere,Bramble,3
17:58,0290,Grace,Usworth,Nettlebarrow,Church,30
17:58,0384,Alba,Vance,Dunwold,Mill,6
17:58,0515,Ruth,Ingram,Rushcombe,Church,20
17:58,0612,Percy,Ellingham,Wexley,Church,9
17:58,1149,Maisie,Ingram,Morrowmere,Church,6
17:58,1164,Nell,Openshaw,Rushcombe,Church,19
17:58,1206,Uma,Ellingham,Fernley,Orchard,8
17:58,1346,Pearl,Ashdown,Wexley,Church,4
17:58,1472,Otto,Sefton,Thornby Cross,Orchard,11
17:58,2445,Leonard,Twigg,Hatherby,Church,12
17:58,2536,Etta,Godwin,Hatherby,Orchard,16
17:58,2848,Horace,Stokes,Dunwold,Orchard,10
17:58,3269,Alma,Mellish,Birchfold,Bramble,24
17:58,3603,Fabian,Abbott,Pennyholt,Mill,10
17:58,4339,Magnus,Dawes,Owlhallow,Mill,6
17:58,4404,Mabel,Aske,Hatherby,Church,13
17:58,4705,Annie,Usworth,Kittlewick,Mill,16
17:58,4794,Dahlia,Ellingham,Thornby Cross,Orchard,18
17:58,4988,Dora,Shilton,Morrowmere,Bramble,23
17:58,5194,Eden,Napier,Brackenhythe,Bramble,21
17:59,0332,Ada,Gosling,Owlhallow,Church,6
17:59,0556,Abel,Oxenford,Brackenhythe,Bramble,36
17:59,0868,Ida,Ashwell,Larkspur Green,Bramble,2
17:59,1867,Ella,Inchley,Hatherby,Mill,11
17:59,2114,Quentin,Gosling,Larkspur Green,Church,21
17:59,2402,Enoch,Ireton,Fernley,Mill,14
17:59,2895,Elva,Jessop,Dunwold,Bramble,11
17:59,2909,Sadie,Edgworth,Rushcombe,Orchard,1
17:59,3006,Celia,Cobbold,Pennyholt,Bramble,24
17:59,3403,Isla,Dunstan,Morrowmere,Mill,6
17:59,3524,Mabel,Orme,Yarrowby,Bramble,5
17:59,3786,Arthur,Haldane,Morrowmere,Mill,33
17:59,4157,Nora,Ambler,Morrowmere,Church,3
17:59,4213,Maud,Skelton,Dunwold,Orchard,17
17:59,4326,Jude,Edwards,Larkspur Green,Mill,13
17:59,4675,Percy,Larkin,Owlhallow,Mill,21
17:59,4918,Bernard,Hackett,Wexley,Mill,9
17:59,4989,Alba,Welch,Wexley,Orchard,35
17:59,5027,Otto,Ingram,Owlhallow,Bramble,10
17:59,5181,Nina,Edgworth,Fernley,Bramble,6
17:59,5678,Nina,Arkell,Kittlewick,Orchard,26
17:59,5681,Annie,Wallis,Rushcombe,Bramble,15
17:59,5938,Lucian,Plumb,Nettlebarrow,Church,4
18:00,0157,Maud,Finlow,Larkspur Green,Mill,8
18:00,0297,Celia,Rook,Morrowmere,Orchard,16
18:00,0395,Magnus,Kaye,Morrowmere,Mill,34
18:00,1117,Myrtle,Otway,Morrowmere,Mill,16
18:00,1453,Annabel,Eastham,Fernley,Bramble,25
18:00,1880,Annie,Uttley,Birchfold,Mill,15
18:00,2396,Nora,Skelton,Wexley,Bramble,23
18:00,2851,Ida,Slade,Pennyholt,Bramble,15
18:00,2870,Cedric,Oxenford,Brackenhythe,Bramble,11
18:00,2942,Harriet,Rudd,Brackenhythe,Mill,20
18:00,3115,Alma,Edwards,Rushcombe,Orchard,24
18:00,3345,Beatrix,Otway,Larkspur Green,Church,1
18:00,3528,Lavinia,Rook,Pennyholt,Bramble,33
18:00,4011,Enoch,Ashwell,Brackenhythe,Orchard,10
18:00,4616,Elsie,Wilmot,Brackenhythe,Orchard,23
18:00,4713,Thea,Shilton,Morrowmere,Church,8
18:00,4743,Inez,Rudd,Fernley,Church,24
18:00,5100,Jonah,Ebdon,Yarrowby,Bramble,30
18:00,5851,Percy,Oxenford,Morrowmere,Bramble,21
18:01,0285,Freda,Chalk,Nettlebarrow,Bramble,28
18:01,0419,Ansel,Chilton,Pennyholt,Church,2
18:01,0786,Clement,Brock,Yarrowby,Mill,7
18:01,0821,Greta,Padley,Larkspur Green,Bramble,24
18:01,1021,Hannah,Inchley,Ashcott Heath,Mill,8
18:01,1338,Pip,Ashworth,Owlhallow,Orchard,31
18:01,1512,Miriam,Kaye,Morrowmere,Mill,30
18:01,1627,Abel,Heskett,Brackenhythe,Bramble,20
18:01,1695,Fabian,Keeling,Nettlebarrow,Church,8
18:01,1838,Maud,Aske,Birchfold,Mill,25
18:01,1982,Blanche,Witton,Hatherby,Mill,34
18:01,2059,Bertha,Oddie,Morrowmere,Mill,31
18:01,2153,Bella,Skelton,Yarrowby,Orchard,5
18:01,2347,Walter,Oldroyd,Owlhallow,Church,14
18:01,2386,Arlo,Bowden,Dunwold,Bramble,9
18:01,2405,Beatrix,Haldane,Morrowmere,Orchard,19
18:01,2534,Effie,Hobday,Morrowmere,Mill,34
18:01,2754,Clara,Chilton,Birchfold,Bramble,27
18:01,2987,Lavinia,Oakley,Dunwold,Bramble,30
18:01,3084,Lydia,Fawcett,Wexley,Bramble,5
18:01,3219,Percy,Dunstan,Morrowmere,Mill,13
18:01,3339,Ezra,Wilmot,Birchfold,Mill,23
18:01,3343,Morris,Heskett,Yarrowby,Bramble,15
18:01,3659,Blanche,Judd,Fernley,Bramble,18
18:01,3934,Nora,Shilton,Kittlewick,Church,1
18:01,4047,Abel,Anstey,Hatherby,Mill,5
18:01,4119,Thea,Maddox,Brackenhythe,Mill,27
18:01,4268,Bernard,Kaye,Nettlebarrow,Church,16
18:01,4423,Ezra,Chalk,Dunwold,Orchard,19
18:01,4490,Bertha,Overton,Larkspur Green,Church,35
18:01,4912,Bertha,Ormerod,Thornby Cross,Bramble,3
18:01,5693,Augusta,Hobday,Fernley,Bramble,21
18:01,5898,Rosa,Isherwood,Pennyholt,Mill,35
18:01,5954,Clara,Slade,Larkspur Green,Orchard,14
18:01,5969,Ulla,Haldane,Pennyholt,Orchard,29
18:01,5977,Eleanor,Ockley,Pennyholt,Mill,30
18:02,0111,Kit,Yelland,Rushcombe,Bramble,21
18:02,0862,Augusta,Tolley,Wexley,Church,4
18:02,1044,Inez,Eckford,Birchfold,Bramble,19
18:02,1387,Mabel,Sutton,Larkspur Green,Church,23
18:02,1570,Freda,Pickles,Nettlebarrow,Bramble,23
18:02,1600,Ulla,Napier,Yarrowby,Orchard,21
18:02,2266,Quentin,Mellish,Ashcott Heath,Orchard,10
18:02,2562,Annie,Thwaite,Nettlebarrow,Bramble,19
18:02,2587,Vera,Plumb,Morrowmere,Bramble,34
18:02,3048,Alba,Monk,Nettlebarrow,Bramble,22
18:02,3118,Martha,Plumb,Birchfold,Bramble,31
18:02,3140,Ansel,Oxenford,Kittlewick,Orchard,28
18:02,3577,Jasper,Applegarth,Morrowmere,Orchard,7
18:02,3709,Selma,Pellow,Owlhallow,Orchard,6
18:02,3782,Uma,Edwards,Thornby Cross,Mill,5
18:02,4232,Jasper,Larkin,Yarrowby,Church,34
18:02,4294,Rhoda,Shilton,Pennyholt,Church,1
18:02,4408,Anna,Edgworth,Brackenhythe,Church,17
18:02,4788,Ulla,Ainsworth,Morrowmere,Mill,1
18:02,5092,Morris,Blythe,Wexley,Bramble,21
18:02,5837,Augusta,Chilton,Owlhallow,Church,30
18:03,0035,Nell,Noakes,Rushcombe,Mill,24
18:03,0310,Martha,Finlow,Birchfold,Bramble,22
18:03,0460,Delia,Beck,Morrowmere,Mill,17
18:03,0697,Cyril,Napier,Owlhallow,Orchard,17
18:03,0765,Linus,Ashworth,Morrowmere,Bramble,4
18:03,0789,Ruth,Keeling,Hatherby,Orchard,21
18:03,0975,Maud,Wakely,Morrowmere,Church,7
18:03,1375,Ivo,Noakes,Brackenhythe,Church,13
18:03,1907,Horace,Hackett,Wexley,Bramble,12
18:03,2184,Beatrix,Burnell,Ashcott Heath,Bramble,13
18:03,2274,Magnus,Padley,Thornby Cross,Bramble,11
18:03,2749,Grace,Ashworth,Kittlewick,Mill,23
18:03,3176,Enid,Oakley,Rushcombe,Orchard,7
18:03,3333,Magnus,Pellow,Pennyholt,Church,35
18:03,3427,Iris,Lowe,Wexley,Mill,18
18:03,3563,Inez,Ackroyd,Fernley,Orchard,30
18:03,3685,Alba,Keeling,Thornby Cross,Mill,29
18:03,3906,Ulla,Usworth,Ashcott Heath,Orchard,15
18:03,3977,Oscar,Ainsworth,Morrowmere,Church,28
18:03,3997,Willa,Burnell,Morrowmere,Bramble,17
18:03,4153,Celia,Isherwood,Rushcombe,Bramble,22
18:03,4397,Selma,Twigg,Ashcott Heath,Mill,24
18:03,4534,Ivy,Newbolt,Ashcott Heath,Orchard,19
18:03,4748,Lena,Overton,Brackenhythe,Mill,11
18:03,4859,Orson,Aske,Birchfold,Orchard,21
18:03,5179,Lydia,Enright,Ashcott Heath,Church,36
18:03,5575,Jude,Webley,Morrowmere,Mill,30
18:03,5601,Clement,Eastham,Nettlebarrow,Mill,28
18:04,0041,Annie,Upton,Brackenhythe,Bramble,34
18:04,0089,Arthur,Oakley,Brackenhythe,Bramble,24
18:04,0232,Myrtle,Bunting,Morrowmere,Bramble,33
18:04,0321,Gideon,Elstob,Morrowmere,Bramble,11
18:04,0371,Magnus,Anstey,Rushcombe,Bramble,36
18:04,0409,Leonard,Yelland,Kittlewick,Mill,1
18:04,0490,Abel,Onslow,Hatherby,Mill,15
18:04,0622,Dora,Swales,Brackenhythe,Orchard,18
18:04,0654,Sadie,Ewart,Ashcott Heath,Church,34
18:04,0907,Ivy,Applegarth,Owlhallow,Mill,26
18:04,1023,Eleanor,Pennick,Ashcott Heath,Church,33
18:04,1394,Olga,Beck,Morrowmere,Bramble,2
18:04,2030,Pip,Newbolt,Morrowmere,Orchard,4
18:04,3392,Blanche,Upton,Morrowmere,Church,25
18:04,3481,Annabel,Oldfield,Larkspur Green,Mill,20
18:04,3739,Dora,Nuttall,Dunwold,Orchard,16
18:04,3748,Magnus,Welch,Yarrowby,Bramble,2
18:04,3923,Oona,Ebdon,Wexley,Church,2
18:04,3960,Ezra,Webley,Pennyholt,Mill,35
18:04,4291,Bertha,Bowden,Kittlewick,Orchard,8
18:04,4439,Lydia,Cobbold,Rushcombe,Orchard,28
18:04,4617,Elsie,Elmore,Birchfold,Mill,6
18:04,4723,Annabel,Otway,Owlhallow,Church,2
18:04,4902,Beatrix,Skelton,Hatherby,Bramble,6
18:04,5034,Vera,Tasker,Morrowmere,Orchard,23
18:04,5178,Ivo,Winslow,Pennyholt,Church,24
18:04,5199,Una,Chalk,Brackenhythe,Orchard,30
18:04,5533,Leonard,Winslow,Yarrowby,Bramble,27
18:04,5785,Oscar,Dunstan,Morrowmere,Mill,20
18:04,5991,Enoch,Swales,Owlhallow,Bramble,36
18:05,0074,Annie,Tasker,Wexley,Bramble,5
18:05,0693,Amos,Eckford,Ashcott Heath,Orchard,34
18:05,0712,Effie,Finlow,Dunwold,Church,34
18:05,0774,Eden,Beck,Ashcott Heath,Church,19
18:05,1317,Noel,Fairley,Morrowmere,Bramble,24
18:05,1469,Constance,Ashendon,Larkspur Green,Mill,34
18:05,1525,Philippa,Sefton,Rushcombe,Bramble,36
18:05,1595,Ulla,Ibbott,Brackenhythe,Mill,23
18:05,2126,Ivo,Openshaw,Morrowmere,Bramble,30
18:05,2235,Olga,Witton,Morrowmere,Bramble,4
18:05,2245,Emma,Arkell,Pennyholt,Mill,4
18:05,2654,Basil,Lamb,Birchfold,Church,8
18:05,2823,Osric,Judd,Rushcombe,Bramble,15
18:05,3451,Selma,Inchley,Ashcott Heath,Mill,17
18:05,3893,Edgar,Raikes,Morrowmere,Orchard,9
18:05,3903,Nell,Keeling,Thornby Cross,Mill,36
18:05,3970,Uma,Ormerod,Birchfold,Bramble,16
18:05,4021,Hector,Lamb,Dunwold,Mill,25
18:05,4105,Selma,Yates,Yarrowby,Church,25
18:05,4305,Delia,Haldane,Thornby Cross,Church,21
18:05,4477,Hannah,Napier,Fernley,Church,18
18:05,5363,Freda,Ashdown,Morrowmere,Orchard,16
18:05,5444,Leonard,Hackett,Fernley,Church,5
18:05,5485,Maisie,Lowe,Nettlebarrow,Orchard,25
18:05,5507,Cora,Welch,Rushcombe,Orchard,26
18:05,5738,Greta,Oddie,Thornby Cross,Bramble,30
18:06,0183,Ulla,Eckford,Dunwold,Church,24
18:06,0210,Ebba,Eastham,Morrowmere,Bramble,10
18:06,0574,Beatrix,Fairley,Dunwold,Church,6
18:06,0584,Ella,Sallis,Morrowmere,Bramble,35
18:06,0849,Jasper,Arkwright,Morrowmere,Orchard,3
18:06,1103,Dorian,Applegarth,Morrowmere,Orchard,12
18:06,1327,Percy,Ebdon,Nettlebarrow,Bramble,2
18:06,1549,Clara,Ilsley,Thornby Cross,Church,3
18:06,1772,Delia,Yelland,Morrowmere,Mill,6
18:06,1965,Enoch,Newbolt,Morrowmere,Orchard,2
18:06,2004,Celia,Osgood,Morrowmere,Orchard,36
18:06,2295,Selma,Venables,Kittlewick,Mill,5
18:06,2388,Abel,Rook,Thornby Cross,Mill,16
18:06,2429,Philippa,Overton,Owlhallow,Bramble,35
18:06,2833,Osric,Usworth,Morrowmere,Orchard,33
18:06,2844,Jasper,Thwaite,Pennyholt,Mill,22
18:06,2912,Abel,Ulverton,Morrowmere,Bramble,4
18:06,3453,Dorian,Digby,Thornby Cross,Church,21
18:06,3502,Olive,Newbolt,Morrowmere,Church,23
18:06,3666,Grace,Dabney,Wexley,Orchard,24
18:06,4162,Milo,Ockley,Morrowmere,Mill,1
18:06,4164,Miriam,Pocock,Rushcombe,Mill,31
18:06,4394,Delia,Ebdon,Birchfold,Bramble,2
18:06,4403,Maisie,Osgood,Pennyholt,Orchard,4
18:06,4900,Nell,Abbott,Birchfold,Bramble,6
18:06,5078,Pip,Ilsley,Rushcombe,Orchard,18
18:06,5323,Jonah,Chalk,Dunwold,Orchard,1
18:06,5354,Cyril,Rudd,Morrowmere,Orchard,24
18:06,5384,Lydia,Fenwick,Birchfold,Bramble,9
18:06,5397,Milo,Slade,Yarrowby,Church,23
18:06,5589,Hannah,Gale,Hatherby,Church,13
18:06,5961,Jonah,Atherton,Brackenhythe,Bramble,18
18:07,0031,Blanche,Lowe,Fernley,Bramble,19
18:07,0226,Lena,Pickles,Rushcombe,Mill,31
18:07,0474,Olive,Ireton,Fernley,Orchard,13
18:07,0713,Enid,Stokes,Morrowmere,Church,19
18:07,0756,Delia,Gosling,Morrowmere,Church,28
18:07,1125,Eden,Bainbridge,Yarrowby,Church,27
18:07,1151,Wilbur,Uttley,Fernley,Orchard,31
18:07,1209,Clara,Larkin,Morrowmere,Bramble,2
18:07,1378,Pip,Gale,Yarrowby,Orchard,6
18:07,1495,Quentin,Inchley,Brackenhythe,Bramble,26
18:07,1658,Elsie,Finlow,Nettlebarrow,Mill,1
18:07,1704,Hector,Hamblin,Owlhallow,Church,17
18:07,1818,Oona,Maddox,Owlhallow,Mill,13
18:07,1843,Grace,Thwaite,Dunwold,Church,22
18:07,2015,Constance,Oldfield,Nettlebarrow,Orchard,34
18:07,2157,Ella,Ashdown,Rushcombe,Bramble,20
18:07,2455,Greta,Inchley,Hatherby,Bramble,16
18:07,2523,Delia,Overton,Dunwold,Church,6
18:07,2650,Edgar,Aske,Wexley,Church,2
18:07,2677,Isla,Osgood,Morrowmere,Mill,6
18:07,2806,Constance,Abbott,Morrowmere,Bramble,34
18:07,2977,Greta,Edwards,Morrowmere,Bramble,23
18:07,3151,Willa,Satchell,Fernley,Orchard,25
18:07,4814,Grace,Fenwick,Morrowmere,Bramble,24
18:07,4843,Mabel,Vance,Brackenhythe,Bramble,22
18:07,4852,Eden,Webley,Pennyholt,Orchard,20
18:07,4922,Grace,Arkwright,Wexley,Bramble,21
18:07,5063,Linus,Coates,Dunwold,Mill,11
18:07,5074,Ida,Elstob,Brackenhythe,Mill,27
18:07,5328,Lavinia,Noakes,Ashcott Heath,Bramble,11
18:07,5338,Emma,Ashwell,Yarrowby,Church,16
18:07,5344,Jasper,Napier,Fernley,Bramble,6
18:07,5538,Gideon,Newbolt,Thornby Cross,Mill,17
18:07,5539,Grace,Hawley,Thornby Cross,Bramble,36
18:07,5702,Olive,Stokes,Pennyholt,Bramble,19
18:07,5894,Dorian,Edwards,Rushcombe,Church,3
18:08,0154,Ezra,Sallis,Dunwold,Mill,6
18:08,0295,Harriet,Sefton,Birchfold,Mill,10
18:08,0385,Grace,Witton,Yarrowby,Bramble,35
18:08,0388,Nell,Ulverton,Brackenhythe,Bramble,33
18:08,0446,Beatrix,Hackett,Rushcombe,Orchard,6
18:08,0995,Jasper,Pellow,Morrowmere,Orchard,26
18:08,1062,Josie,Blythe,Dunwold,Church,34
18:08,1654,Sadie,Allsop,Morrowmere,Orchard,26
18:08,1787,Isla,Dabney,Larkspur Green,Bramble,33
18:08,1827,Nell,Lowe,Rushcombe,Church,29
18:08,1875,Dora,Fairley,Pennyholt,Bramble,18
18:08,1920,Myrtle,Beck,Dunwold,Orchard,5
18:08,2078,Helena,Ackroyd,Rushcombe,Church,3
18:08,2922,Elsie,Witton,Owlhallow,Mill,35
18:08,2978,Maud,Tyson,Morrowmere,Bramble,30
18:08,3085,Helena,Onslow,Thornby Cross,Church,15
18:08,3108,Maisie,Pocock,Pennyholt,Orchard,3
18:08,3175,Osric,Napier,Rushcombe,Orchard,12
18:08,3408,Clement,Rook,Larkspur Green,Bramble,36
18:08,3683,Nell,Brock,Hatherby,Bramble,6
18:08,3816,Opal,Ireton,Birchfold,Church,4
18:08,3896,Milo,Inchley,Ashcott Heath,Orchard,31
18:08,4026,Isla,Larkin,Ashcott Heath,Church,6
18:08,4265,Helena,Pellow,Morrowmere,Bramble,13
18:08,4540,Delia,Cobbold,Ashcott Heath,Orchard,29
18:08,4720,Arthur,Dunstan,Morrowmere,Church,18
18:08,4866,Rhoda,Sutton,Birchfold,Church,24
18:08,4996,Ansel,Nettles,Morrowmere,Orchard,22
18:08,5142,Etta,Lamb,Birchfold,Bramble,12
18:08,5783,Enid,Blythe,Morrowmere,Church,33
18:08,5813,Myrtle,Ireton,Rushcombe,Bramble,12
18:08,5895,Clara,Winslow,Kittlewick,Bramble,24
18:08,5982,Elva,Gosling,Brackenhythe,Orchard,23
18:09,0028,Leonard,Haldane,Morrowmere,Church,19
18:09,0152,Dorian,Onslow,Birchfold,Mill,30
18:09,0406,Percy,Gilbey,Yarrowby,Orchard,25
18:09,0737,Effie,Atherton,Birchfold,Orchard,26
18:09,0802,Elva,Cobbold,Nettlebarrow,Bramble,35
18:09,1325,Cyril,Ellingham,Owlhallow,Mill,9
18:09,1424,Lydia,Monk,Rushcombe,Bramble,26
18:09,1471,Lucian,Ackroyd,Yarrowby,Bramble,8
18:09,1919,Ida,Pellow,Dunwold,Church,6
18:09,1949,Maisie,Larkin,Pennyholt,Bramble,34
18:09,2181,Wilbur,Fawcett,Morrowmere,Church,2
18:09,2260,Cyril,Gosling,Morrowmere,Orchard,32
18:09,2272,Marian,Quayle,Rushcombe,Orchard,8
18:09,2609,Lavinia,Oldfield,Birchfold,Church,3
18:09,2726,Dorian,Ewart,Morrowmere,Church,26
18:09,3087,Gwen,Bainbridge,Yarrowby,Mill,19
18:09,3121,Ulla,Ingram,Morrowmere,Bramble,11
18:09,3141,Clement,Tasker,Yarrowby,Church,20
18:09,3287,Mercy,Chilton,Pennyholt,Bramble,9
18:09,3625,Lucian,Coates,Kittlewick,Orchard,14
18:09,3758,Eden,Gale,Morrowmere,Church,35
18:09,3777,Eleanor,Larkin,Nettlebarrow,Church,20
18:09,4127,Maisie,Lamb,Nettlebarrow,Bramble,15
18:09,4478,Alma,Pickles,Fernley,Bramble,26
18:09,4982,Enid,Winslow,Brackenhythe,Church,29
18:09,5012,Rosa,Ireton,Hatherby,Mill,5
18:09,5017,Otto,Ambler,Fernley,Orchard,11
18:09,5171,Dahlia,Otway,Wexley,Mill,31
18:09,5542,Magnus,Elphick,Morrowmere,Church,18
18:09,5776,Oscar,Allsop,Birchfold,Mill,33
18:09,5995,Oscar,Kitson,Pennyholt,Bramble,24
18:10,0099,Flora,Ramsay,Morrowmere,Church,14
18:10,0218,Vera,Pennick,Dunwold,Bramble,23
18:10,0344,Ida,Gosling,Morrowmere,Orchard,25
18:10,0537,Ebba,Gosling,Larkspur Green,Bramble,15
18:10,1098,Rhoda,Bainbridge,Morrowmere,Orchard,28
18:10,1154,Bella,Ulverton,Dunwold,Bramble,32
18:10,1511,Abel,Overton,Pennyholt,Bramble,28
18:10,1597,Marian,Chalk,Morrowmere,Orchard,10
18:10,1740,Kit,Larkin,Pennyholt,Orchard,3
18:10,1808,Osric,Noakes,Owlhallow,Bramble,29
18:10,1871,Miriam,Ingram,Morrowmere,Orchard,9
18:10,2026,Elsie,Ashendon,Dunwold,Bramble,14
18:10,2071,Uma,Padley,Morrowmere,Bramble,18
18:10,2215,Walter,Elstob,Owlhallow,Bramble,17
18:10,2323,Mabel,Ainsworth,Morrowmere,Mill,18
18:10,2509,Blanche,Fairley,Morrowmere,Orchard,7
18:10,2608,Magnus,Ambler,Wexley,Bramble,18
18:10,2678,Orla,Ackroyd,Morrowmere,Orchard,13
18:10,3185,Basil,Bunting,Morrowmere,Bramble,13
18:10,3474,Milo,Hobday,Ashcott Heath,Orchard,23
18:10,3594,Maisie,Yates,Morrowmere,Orchard,25
18:10,3767,Cora,Ellwood,Pennyholt,Bramble,2
18:10,3829,Willa,Ebdon,Morrowmere,Church,20
18:10,4530,Emma,Ireton,Dunwold,Church,32
18:10,4732,Lottie,Napier,Morrowmere,Mill,25
18:10,5302,Beatrix,Shilton,Wexley,Mill,7
18:10,5479,Jude,Plumb,Morrowmere,Bramble,30
18:10,5901,Flora,Chalk,Fernley,Orchard,28
18:10,5939,Delia,Eskdale,Wexley,Church,8
18:11,0014,Grace,Ibbott,Thornby Cross,Orchard,19
18:11,0248,Walter,Ainsworth,Owlhallow,Orchard,2
18:11,0328,Nina,Shilton,Morrowmere,Orchard,29
18:11,0343,Amos,Bowden,Owlhallow,Bramble,32
18:11,0538,Hector,Gosling,Thornby Cross,Mill,32
18:11,0540,Viola,Kaye,Hatherby,Orchard,22
18:11,0978,Otto,Ashby,Wexley,Bramble,4
18:11,1016,Edmund,Barlow,Brackenhythe,Orchard,22
18:11,1140,Ezra,Ulverton,Morrowmere,Church,5
18:11,1299,Mercy,Beck,Yarrowby,Bramble,8
18:11,1780,Thea,Pocock,Yarrowby,Orchard,3
18:11,1855,Lena,Openshaw,Fernley,Mill,15
18:11,1877,Basil,Clegg,Morrowmere,Mill,18
18:11,1882,Sadie,Oxenford,Wexley,Mill,28
18:11,1979,Delia,Pellow,Kittlewick,Mill,27
18:11,2108,Arlo,Digby,Morrowmere,Orchard,4
18:11,2188,Iris,Wallis,Fernley,Church,13
18:11,2226,Leonard,Oddie,Hatherby,Church,24
18:11,2243,Eden,Elphick,Morrowmere,Orchard,24
18:11,2376,Morris,Ashendon,Wexley,Church,20
18:11,2885,Grace,Osgood,Morrowmere,Orchard,35
18:11,2970,Hannah,Elgood,Pennyholt,Church,23
18:11,3157,Olive,Lowe,Pennyholt,Orchard,5
18:11,3423,Lena,Ambler,Nettlebarrow,Mill,3
18:11,3499,Lucian,Oldfield,Rushcombe,Bramble,25
18:11,3705,Una,Rook,Larkspur Green,Bramble,4
18:11,3788,Abel,Edgworth,Morrowmere,Bramble,12
18:11,4081,Arthur,Allsop,Morrowmere,Bramble,11
18:11,4481,Anna,Ashby,Fernley,Bramble,36
18:11,4485,Percy,Phelps,Fernley,Mill,20
18:11,4602,Ulla,Maddox,Birchfold,Church,20
18:11,4975,Ruth,Abbott,Fernley,Church,36
18:11,5158,Myrtle,Noakes,Rushcombe,Bramble,16
18:11,5646,Orla,Sallis,Brackenhythe,Orchard,35
18:11,5682,Constance,Heskett,Morrowmere,Orchard,23
18:11,5683,Vera,Shilton,Nettlebarrow,Orchard,28
18:11,5803,Myrtle,Chalk,Birchfold,Mill,12
18:11,5805,Milo,Edwards,Yarrowby,Mill,25
18:12,0354,Ella,Fawcett,Nettlebarrow,Orchard,23
18:12,0549,Hannah,Ashwell,Hatherby,Mill,20
18:12,0582,Fabian,Sutton,Dunwold,Church,24
18:12,0597,Josie,Ulverton,Nettlebarrow,Church,3
18:12,0721,Freda,Rook,Yarrowby,Church,34
18:12,0770,Amos,Pickles,Ashcott Heath,Church,22
18:12,1267,Bernard,Ormerod,Morrowmere,Church,18
18:12,1609,Una,Eskdale,Ashcott Heath,Bramble,32
18:12,1767,Abel,Blythe,Dunwold,Church,33
18:12,2073,Nina,Fenwick,Morrowmere,Mill,18
18:12,2088,Hector,Wallis,Rushcombe,Church,29
18:12,2129,Elsie,Ockley,Rushcombe,Orchard,19
18:12,2135,Abel,Ockley,Wexley,Mill,35
18:12,2630,Maud,Tasker,Ashcott Heath,Orchard,12
18:12,2741,Josie,Eastham,Larkspur Green,Bramble,28
18:12,2755,Constance,Maddox,Yarrowby,Mill,15
18:12,2995,Orson,Uttley,Kittlewick,Church,28
18:12,3001,Jude,Bowden,Dunwold,Bramble,9
18:12,3059,Oscar,Ockley,Owlhallow,Mill,12
18:12,3094,Alma,Ashby,Brackenhythe,Mill,24
18:12,3378,Etta,Oddie,Rushcombe,Bramble,21
18:12,3464,Dora,Cobbold,Owlhallow,Bramble,30
18:12,3475,Nina,Eckford,Morrowmere,Mill,1
18:12,3476,Freda,Lumsden,Kittlewick,Orchard,7
18:12,3506,Rhoda,Elgood,Wexley,Mill,24
18:12,3689,Annabel,Pocock,Morrowmere,Orchard,12
18:12,3914,Nora,Osgood,Wexley,Bramble,5
18:12,4125,Bertha,Ramsay,Owlhallow,Orchard,25
18:12,4137,Augusta,Oddie,Fernley,Orchard,18
18:12,4183,Ulla,Wakely,Ashcott Heath,Church,32
18:12,4243,Bertha,Meakin,Wexley,Church,36
18:12,4299,Opal,Elgood,Hatherby,Church,15
18:12,4508,Clement,Ireton,Ashcott Heath,Mill,10
18:12,5090,Olive,Judd,Owlhallow,Orchard,3
18:12,5316,Edgar,Bunting,Kittlewick,Church,26
18:12,5421,Greta,Fawcett,Ashcott Heath,Orchard,21
18:12,5492,Horace,Winslow,Wexley,Mill,5
18:12,5655,Lena,Kaye,Pennyholt,Orchard,6
18:12,5707,Marian,Venables,Dunwold,Church,3
18:12,5752,Orson,Maddox,Thornby Cross,Church,24
18:12,5968,Flora,Bunting,Pennyholt,Bramble,25
18:13,0148,Ansel,Ashworth,Thornby Cross,Mill,13
18:13,0205,Ivy,Yelland,Morrowmere,Orchard,27
18:13,0211,Hector,Sutton,Hatherby,Bramble,35
18:13,0967,Horace,Nuttall,Dunwold,Mill,22
18:13,1025,Edgar,Arkwright,Thornby Cross,Orchard,34
18:13,1054,Greta,Yelland,Dunwold,Church,5
18:13,1720,Ivo,Ashwell,Morrowmere,Church,27
18:13,1980,Rosa,Ashendon,Hatherby,Bramble,26
18:13,2278,Ansel,Elmore,Nettlebarrow,Mill,14
18:13,2812,Bertha,Yelland,Morrowmere,Church,16
18:13,3061,Uma,Bowden,Owlhallow,Church,25
18:13,3887,Orson,Oldfield,Hatherby,Mill,16
18:13,4197,Blanche,Inchley,Ashcott Heath,Church,10
18:13,4454,Lucian,Burnell,Rushcombe,Bramble,12
18:13,4501,Lucian,Fenwick,Wexley,Church,10
18:13,4790,Nell,Sefton,Morrowmere,Bramble,26
18:13,4815,Opal,Cobbold,Dunwold,Mill,3
18:13,5207,Una,Ilsley,Owlhallow,Mill,12
18:13,5343,Percy,Dawes,Birchfold,Bramble,5
18:13,5562,Selma,Ingram,Owlhallow,Bramble,27
18:13,5903,Maisie,Otway,Morrowmere,Bramble,31
18:14,0064,Arlo,Ulverton,Brackenhythe,Orchard,18
18:14,0677,Iris,Coates,Owlhallow,Bramble,4
18:14,0817,Oscar,Lowe,Rushcombe,Bramble,18
18:14,0922,Vera,Ambler,Pennyholt,Bramble,26
18:14,0947,Ella,Underwood,Yarrowby,Orchard,20
18:14,0949,Harriet,Phelps,Morrowmere,Bramble,33
18:14,0961,Walter,Ormerod,Larkspur Green,Bramble,9
18:14,1036,Martha,Oakley,Rushcombe,Church,29
18:14,1152,Ivy,Ingram,Thornby Cross,Mill,15
18:14,1171,Pearl,Edwards,Kittlewick,Bramble,28
18:14,1352,Annabel,Ibbott,Wexley,Mill,18
18:14,1389,Morris,Eskdale,Morrowmere,Bramble,33
18:14,1404,Viola,Hackett,Morrowmere,Orchard,7
18:14,1643,Magnus,Gilbey,Brackenhythe,Church,35
18:14,1682,Marian,Sefton,Owlhallow,Orchard,36
18:14,2081,Isla,Ulverton,Nettlebarrow,Bramble,7
18:14,2499,Willa,Beck,Brackenhythe,Orchard,17
18:14,2866,Effie,Judd,Brackenhythe,Church,32
18:14,2932,Freda,Raikes,Birchfold,Bramble,30
18:14,2992,Kit,Ockley,Rushcombe,Mill,28
18:14,2998,Bertha,Finlow,Dunwold,Orchard,12
18:14,3023,Ivy,Ireton,Birchfold,Orchard,21
18:14,3069,Arlo,Ackroyd,Birchfold,Mill,16
18:14,3294,Delia,Ackroyd,Dunwold,Orchard,1
18:14,3763,Nora,Bunting,Kittlewick,Bramble,22
18:14,3942,Miriam,Padley,Morrowmere,Orchard,32
18:14,4382,Miriam,Hobday,Morrowmere,Orchard,31
18:14,4628,Annabel,Gale,Morrowmere,Bramble,34
18:14,4763,Maisie,Noakes,Brackenhythe,Bramble,25
18:14,4841,Percy,Edwards,Birchfold,Bramble,21
18:14,4923,Wilbur,Ellwood,Ashcott Heath,Mill,13
18:14,4998,Arlo,Openshaw,Wexley,Orchard,36
18:14,5038,Kit,Digby,Morrowmere,Orchard,12
18:14,5409,Lydia,Ireton,Dunwold,Orchard,29
18:14,5551,Oona,Meakin,Fernley,Bramble,15
18:14,5582,Nina,Pocock,Hatherby,Bramble,19
18:14,5722,Iris,Upton,Yarrowby,Mill,11
18:15,0224,Edmund,Ashdown,Morrowmere,Orchard,11
18:15,0381,Maisie,Oxenford,Dunwold,Mill,8
18:15,0628,Hector,Haldane,Wexley,Bramble,28
18:15,0666,Harriet,Dawes,Dunwold,Bramble,27
18:15,0751,Emma,Dawes,Morrowmere,Bramble,26
18:15,0754,Mercy,Eastham,Birchfold,Bramble,6
18:15,0772,Elsie,Hobday,Morrowmere,Mill,26
18:15,0968,Nina,Venables,Thornby Cross,Bramble,21
18:15,1184,Mercy,Ewart,Yarrowby,Bramble,29
18:15,1689,Nora,Heskett,Morrowmere,Orchard,23
18:15,1765,Willa,Dawes,Pennyholt,Church,12
18:15,1885,Wilbur,Oxenford,Owlhallow,Orchard,31
18:15,2262,Fabian,Ackroyd,Dunwold,Mill,18
18:15,2681,Freda,Larkin,Kittlewick,Bramble,13
18:15,2854,Delia,Napier,Morrowmere,Mill,6
18:15,2919,Olga,Lamb,Birchfold,Mill,22
18:15,2935,Clement,Openshaw,Ashcott Heath,Mill,2
18:15,2983,Orla,Edgworth,Larkspur Green,Mill,16
18:15,3031,Fabian,Tasker,Morrowmere,Church,2
18:15,3317,Maud,Sallis,Fernley,Orchard,27
18:15,3571,Inez,Tasker,Yarrowby,Mill,9
18:15,3781,Vera,Inchley,Kittlewick,Mill,23
18:15,4178,Freda,Ashendon,Morrowmere,Orchard,21
18:15,4420,Enoch,Upton,Brackenhythe,Church,21
18:15,4566,Ulla,Ashworth,Brackenhythe,Mill,11
18:15,4718,Anna,Enright,Rushcombe,Orchard,18
18:15,4746,Cyril,Jessop,Morrowmere,Mill,19
18:15,4930,Maisie,Welch,Wexley,Bramble,4
18:15,5036,Ida,Anstey,Nettlebarrow,Bramble,11
18:15,5334,Josie,Vance,Morrowmere,Bramble,19
18:15,5512,Rosa,Dabney,Dunwold,Church,3
18:16,0222,Kit,Ebdon,Wexley,Church,30
18:16,0583,Clement,Vance,Dunwold,Church,34
18:16,0673,Philippa,Digby,Birchfold,Mill,1
18:16,0776,Myrtle,Heskett,Hatherby,Bramble,14
18:16,0805,Ebba,Finlow,Rushcombe,Church,27
18:16,0883,Milo,Haldane,Kittlewick,Orchard,14
18:16,0953,Magnus,Ilsley,Larkspur Green,Orchard,29
18:16,1031,Olga,Applegarth,Dunwold,Church,5
18:16,1037,Ebba,Edwards,Birchfold,Mill,12
18:16,1134,Opal,Usworth,Morrowmere,Church,31
18:16,1415,Eden,Quayle,Wexley,Church,28
18:16,1760,Ansel,Burnell,Dunwold,Bramble,5
18:16,1832,Helena,Upton,Thornby Cross,Bramble,12
18:16,1910,Josie,Yelland,Owlhallow,Mill,32
18:16,1943,Osric,Monk,Wexley,Bramble,27
18:16,2113,Kit,Oxenford,Owlhallow,Bramble,2
18:16,2202,Lydia,Webley,Nettlebarrow,Bramble,11
18:16,2350,Enid,Tasker,Owlhallow,Orchard,16
18:16,2374,Myrtle,Dawes,Morrowmere,Orchard,14
18:16,2593,Ivy,Chilton,Hatherby,Orchard,2
18:16,2716,Oona,Dawes,Dunwold,Orchard,22
18:16,2808,Olive,Hobday,Owlhallow,Church,13
18:16,3083,Lucian,Edgworth,Morrowmere,Orchard,29
18:16,3225,Helena,Ainsworth,Morrowmere,Bramble,25
18:16,3327,Lena,Redfern,Pennyholt,Bramble,20
18:16,3535,Mercy,Bunting,Dunwold,Mill,29
18:16,3652,Gwen,Blythe,Thornby Cross,Orchard,34
18:16,3976,Dorian,Shilton,Ashcott Heath,Church,25
18:16,4098,Arthur,Cobbold,Brackenhythe,Bramble,35
18:16,4337,Thea,Heskett,Brackenhythe,Bramble,24
18:16,4350,Thea,Sutton,Hatherby,Church,22
18:16,4708,Maisie,Overton,Kittlewick,Mill,33
18:16,4849,Helena,Elgood,Morrowmere,Mill,11
18:16,5031,Arthur,Heskett,Morrowmere,Bramble,20
18:16,5073,Ulla,Underwood,Rushcombe,Mill,16
18:16,5138,Fabian,Brock,Morrowmere,Orchard,19
18:16,5296,Ivo,Elphick,Thornby Cross,Mill,29
18:16,5320,Magnus,Godwin,Fernley,Orchard,20
18:16,5393,Olive,Arkwright,Morrowmere,Orchard,4
18:16,5410,Greta,Yates,Fernley,Bramble,17
18:16,5489,Nell,Digby,Morrowmere,Orchard,31
18:16,5626,Harriet,Otway,Owlhallow,Mill,36
18:16,5741,Philippa,Ireton,Nettlebarrow,Orchard,13
18:16,5748,Pip,Ashdown,Morrowmere,Mill,2
18:17,0066,Osric,Ainsworth,Fernley,Bramble,30
18:17,0078,Grace,Applegarth,Hatherby,Orchard,28
18:17,0093,Lena,Bunting,Morrowmere,Bramble,25
18:17,0523,Wilbur,Upton,Dunwold,Orchard,24
18:17,0650,Harriet,Yates,Dunwold,Mill,24
18:17,0857,Enid,Burnell,Dunwold,Church,1
18:17,0985,Grace,Arkell,Brackenhythe,Church,28
18:17,1174,Augusta,Upton,Thornby Cross,Bramble,33
18:17,1513,Emma,Beck,Yarrowby,Bramble,16
18:17,1588,Magnus,Haldane,Fernley,Bramble,35
18:17,1693,Cedric,Ireton,Ashcott Heath,Mill,14
18:17,1723,Wilbur,Osgood,Larkspur Green,Orchard,8
18:17,2270,Dora,Elmore,Birchfold,Bramble,5
18:17,2614,Edmund,Phelps,Kittlewick,Bramble,1
18:17,2646,Celia,Rudd,Birchfold,Orchard,24
18:17,2898,Cedric,Uttley,Yarrowby,Orchard,31
18:17,3162,Mercy,Ashendon,Morrowmere,Bramble,33
18:17,3174,Pearl,Pocock,Morrowmere,Mill,1
18:17,3239,Abel,Welch,Morrowmere,Bramble,9
18:17,3548,Jude,Cobbold,Larkspur Green,Orchard,13
18:17,3579,Lucian,Thwaite,Fernley,Mill,31
18:17,3694,Cora,Ireton,Morrowmere,Mill,32
18:17,3703,Ansel,Atherton,Owlhallow,Mill,17
18:17,3720,Selma,Lamb,Kittlewick,Orchard,8
18:17,3721,Magnus,Jessop,Morrowmere,Church,11
18:17,3855,Uma,Oddie,Fernley,Mill,22
18:17,3962,Pip,Wakely,Owlhallow,Church,28
18:17,3982,Eleanor,Cobbold,Morrowmere,Mill,21
18:17,4017,Augusta,Eastham,Morrowmere,Bramble,25
18:17,4201,Elva,Eckford,Owlhallow,Orchard,7
18:17,4315,Quentin,Chalk,Dunwold,Mill,33
18:17,4349,Lavinia,Elstob,Brackenhythe,Mill,17
18:17,4463,Rosa,Abbott,Dunwold,Mill,34
18:17,4474,Ruth,Arkell,Yarrowby,Bramble,35
18:17,4572,Una,Ireton,Nettlebarrow,Church,14
18:17,4574,Bella,Pennick,Dunwold,Church,2
18:17,4697,Augusta,Venables,Morrowmere,Bramble,26
18:17,5226,Grace,Ambler,Morrowmere,Orchard,23
18:17,5535,Opal,Shilton,Dunwold,Church,21
18:17,5723,Edmund,Godwin,Fernley,Orchard,1
18:17,5732,Quentin,Eckford,Morrowmere,Orchard,14
18:17,5786,Ida,Enright,Kittlewick,Mill,5
18:17,5905,Emma,Ellwood,Hatherby,Bramble,24
18:18,0368,Bernard,Ackroyd,Morrowmere,Mill,29
18:18,0513,Selma,Satchell,Fernley,Bramble,1
18:18,0533,Cora,Beck,Kittlewick,Mill,9
18:18,0573,Enoch,Gilbey,Owlhallow,Bramble,2
18:18,0667,Helena,Wallis,Dunwold,Mill,4
18:18,0843,Miriam,Allsop,Pennyholt,Mill,6
18:18,0891,Selma,Gosling,Thornby Cross,Church,4
18:18,1434,Enid,Elphick,Morrowmere,Church,8
18:18,1531,Delia,Burnell,Thornby Cross,Mill,1
18:18,1697,Bernard,Dawes,Hatherby,Bramble,21
18:18,1911,Eleanor,Allsop,Pennyholt,Bramble,17
18:18,2831,Dahlia,Coates,Owlhallow,Orchard,25
18:18,2957,Bernard,Chilton,Yarrowby,Church,26
18:18,2962,Enid,Bainbridge,Morrowmere,Orchard,6
18:18,2976,Mercy,Monk,Nettlebarrow,Church,25
18:18,3397,Arlo,Nettles,Rushcombe,Church,17
18:18,3874,Enid,Meakin,Birchfold,Mill,31
18:18,4182,Una,Stokes,Yarrowby,Bramble,9
18:18,4220,Sadie,Sefton,Nettlebarrow,Orchard,17
18:18,4487,Milo,Ormerod,Morrowmere,Orchard,36
18:18,4751,Constance,Aske,Wexley,Bramble,32
18:18,4777,Bernard,Anstey,Morrowmere,Orchard,21
18:18,4804,Nora,Gilbey,Morrowmere,Orchard,9
18:18,5066,Ruth,Oddie,Rushcombe,Orchard,31
18:18,5266,Ivo,Ashendon,Owlhallow,Mill,9
18:18,5341,Josie,Slade,Fernley,Bramble,9
18:18,5570,Ivo,Bowden,Pennyholt,Bramble,36
18:18,5704,Miriam,Openshaw,Owlhallow,Orchard,6
18:19,0022,Philippa,Napier,Rushcombe,Mill,3
18:19,0143,Maud,Jessop,Larkspur Green,Bramble,29
18:19,0178,Marian,Pennick,Hatherby,Orchard,35
18:19,0465,Ella,Pickles,Pennyholt,Church,28
18:19,0646,Lydia,Kitson,Ashcott Heath,Church,12
18:19,0738,Elsie,Kaye,Yarrowby,Church,27
18:19,0888,Bella,Onslow,Ashcott Heath,Orchard,23
18:19,1012,Hannah,Heskett,Wexley,Church,16
18:19,1038,Clara,Jessop,Ashcott Heath,Church,33
18:19,1347,Mercy,Wilmot,Yarrowby,Mill,15
18:19,1429,Ivo,Monk,Dunwold,Bramble,35
18:19,1538,Arthur,Chilton,Owlhallow,Mill,18
18:19,1821,Arlo,Orme,Hatherby,Orchard,31
18:19,1878,Linus,Phelps,Larkspur Green,Orchard,24
18:19,2255,Edmund,Ramsay,Brackenhythe,Bramble,36
18:19,2446,Abel,Bunting,Birchfold,Church,3
18:19,3497,Orla,Ellwood,Yarrowby,Mill,6
18:19,4034,Mabel,Inchley,Yarrowby,Church,22
18:19,4584,Percy,Uttley,Rushcombe,Mill,9
18:19,5077,Nora,Newbolt,Birchfold,Mill,16
18:19,5164,Annabel,Witton,Birchfold,Bramble,19
18:19,5456,Flora,Inchley,Morrowmere,Bramble,34
18:19,5523,Mercy,Nuttall,Hatherby,Bramble,16
18:19,5617,Grace,Oakley,Wexley,Mill,8
18:19,5743,Nora,Oldroyd,Thornby Cross,Mill,16
18:19,5825,Quentin,Uttley,Thornby Cross,Church,32
18:20,0289,Bella,Webley,Owlhallow,Church,30
18:20,0325,Ella,Raikes,Thornby Cross,Mill,24
18:20,0561,Hannah,Eastham,Morrowmere,Orchard,14
18:20,0684,Osric,Phelps,Pennyholt,Bramble,34
18:20,0707,Olive,Burnell,Yarrowby,Mill,17
18:20,0863,Magnus,Elgood,Birchfold,Church,28
18:20,0940,Bella,Otway,Dunwold,Orchard,25
18:20,1362,Percy,Finlow,Fernley,Bramble,4
18:20,1508,Delia,Ockley,Yarrowby,Orchard,21
18:20,1862,Edgar,Wilmot,Morrowmere,Bramble,22
18:20,2304,Magnus,Judd,Larkspur Green,Church,15
18:20,2479,Magnus,Uttley,Morrowmere,Orchard,16
18:20,2762,Ivo,Oldfield,Hatherby,Mill,23
18:20,2855,Ada,Skelton,Morrowmere,Bramble,3
18:20,3246,Clement,Chalk,Nettlebarrow,Church,11
18:20,3263,Alba,Webley,Owlhallow,Church,18
18:20,3272,Eleanor,Upton,Morrowmere,Bramble,3
18:20,3383,Otto,Usworth,Morrowmere,Orchard,12
18:20,3424,Bernard,Jessop,Birchfold,Bramble,31
18:20,3598,Cedric,Shilton,Ashcott Heath,Mill,11
18:20,3645,Elva,Edwards,Larkspur Green,Bramble,22
18:20,3835,Gwen,Gosling,Pennyholt,Mill,17
18:20,3866,Celia,Dawes,Wexley,Church,35
18:20,3930,Dahlia,Sallis,Larkspur Green,Church,4
18:20,4310,Annabel,Allsop,Owlhallow,Orchard,6
18:20,4425,Arlo,Osgood,Brackenhythe,Mill,15
18:20,4442,Hector,Cobbold,Pennyholt,Church,13
18:20,4757,Ulla,Phelps,Wexley,Bramble,4
18:20,4758,Cora,Rook,Morrowmere,Church,9
18:20,4879,Alba,Noakes,Owlhallow,Orchard,25
18:20,5001,Alma,Redfern,Wexley,Orchard,21
18:20,5172,Jonah,Ibbott,Morrowmere,Mill,13
18:20,5521,Fabian,Monk,Morrowmere,Bramble,5
18:20,5689,Ivo,Tolley,Brackenhythe,Church,14
18:20,5718,Abel,Clegg,Yarrowby,Church,35
18:20,5821,Pip,Coates,Owlhallow,Bramble,21
18:20,5828,Philippa,Otway,Larkspur Green,Orchard,29
18:20,5840,Lottie,Oldfield,Fernley,Mill,17
18:21,0094,Magnus,Keeling,Morrowmere,Orchard,28
18:21,0130,Orla,Wilmot,Morrowmere,Mill,21
18:21,0260,Viola,Underwood,Morrowmere,Church,14
18:21,0398,Dora,Isherwood,Owlhallow,Bramble,34
18:21,0788,Myrtle,Inchley,Morrowmere,Bramble,19
18:21,0900,Pearl,Ramsay,Thornby Cross,Church,28
18:21,1104,Ulla,Eskdale,Fernley,Orchard,27
18:21,1220,Clement,Meakin,Dunwold,Bramble,23
18:21,1564,Maud,Allsop,Morrowmere,Mill,19
18:21,1638,Vera,Abbott,Dunwold,Bramble,19
18:21,1683,Helena,Wilmot,Kittlewick,Orchard,10
18:21,1847,Ruth,Hamblin,Kittlewick,Orchard,20
18:21,2437,Otto,Oldroyd,Ashcott Heath,Bramble,20
18:21,2510,Maud,Raikes,Wexley,Church,6
18:21,2642,Harriet,Blythe,Birchfold,Mill,34
18:21,2778,Arlo,Webley,Morrowmere,Church,8
18:21,2952,Clement,Edgworth,Hatherby,Bramble,15
18:21,3149,Gideon,Ackroyd,Pennyholt,Bramble,10
18:21,3311,Alma,Slade,Dunwold,Mill,6
18:21,3361,Rhoda,Edgworth,Morrowmere,Orchard,19
18:21,3542,Lena,Ashworth,Morrowmere,Bramble,4
18:21,3722,Olive,Pennick,Kittlewick,Bramble,1
18:21,3723,Hector,Rudd,Brackenhythe,Orchard,33
18:21,4031,Alma,Osgood,Morrowmere,Church,9
18:21,4453,Kit,Eskdale,Thornby Cross,Mill,27
18:21,4523,Edmund,Aske,Morrowmere,Church,35
18:21,4560,Ivy,Osgood,Fernley,Bramble,5
18:21,4868,Vera,Dabney,Wexley,Orchard,7
18:21,4956,Delia,Openshaw,Owlhallow,Bramble,30
18:21,5176,Isla,Orme,Larkspur Green,Orchard,5
18:21,5621,Harriet,Anstey,Brackenhythe,Orchard,15
18:21,5983,Nora,Barlow,Larkspur Green,Church,34
18:22,0090,Fabian,Dunstan,Brackenhythe,Church,7
18:22,0139,Amos,Noakes,Hatherby,Church,34
18:22,0379,Celia,Elmore,Owlhallow,Church,22
18:22,0685,Pearl,Keeling,Larkspur Green,Church,9
18:22,0775,Elva,Thwaite,Morrowmere,Orchard,5
18:22,1107,Mabel,Ockley,Fernley,Church,13
18:22,1109,Emma,Dunstan,Ashcott Heath,Bramble,23
18:22,1309,Ivy,Wakely,Ashcott Heath,Mill,33
18:22,1326,Dahlia,Ashworth,Dunwold,Mill,4
18:22,1371,Walter,Shilton,Owlhallow,Orchard,25
18:22,1578,Blanche,Otway,Pennyholt,Bramble,4
18:22,1619,Fabian,Enright,Morrowmere,Mill,3
18:22,1628,Elsie,Satchell,Owlhallow,Church,13
18:22,2037,Grace,Satchell,Owlhallow,Orchard,1
18:22,2399,Viola,Ellwood,Brackenhythe,Orchard,6
18:22,2473,Emma,Jessop,Morrowmere,Church,22
18:22,2508,Pip,Dunstan,Larkspur Green,Church,28
18:22,2555,Nina,Yates,Birchfold,Bramble,16
18:22,3033,Alma,Twigg,Thornby Cross,Church,11
18:22,3039,Lydia,Swales,Brackenhythe,Bramble,10
18:22,3086,Jude,Ashworth,Yarrowby,Orchard,21
18:22,3516,Beatrix,Keeling,Brackenhythe,Mill,13
18:22,4276,Jasper,Ashby,Brackenhythe,Bramble,25
18:22,4283,Ida,Clegg,Fernley,Church,5
18:22,4504,Miriam,Ashendon,Morrowmere,Mill,34
18:22,4600,Mabel,Brock,Yarrowby,Mill,30
18:22,4645,Ulla,Ellwood,Brackenhythe,Bramble,19
18:22,4855,Olive,Chilton,Rushcombe,Orchard,6
18:22,5086,Beatrix,Meakin,Wexley,Church,28
18:22,5255,Blanche,Usworth,Owlhallow,Orchard,5
18:22,5289,Ruth,Ramsay,Yarrowby,Church,23
18:22,5452,Willa,Eskdale,Pennyholt,Bramble,13
18:22,5632,Dorian,Judd,Morrowmere,Orchard,31
18:22,5661,Cora,Pellow,Rushcombe,Church,11
18:22,5847,Nora,Ellingham,Morrowmere,Bramble,8
18:23,0275,Arlo,Slade,Morrowmere,Mill,8
18:23,0475,Elva,Arkwright,Morrowmere,Church,25
18:23,0781,Maud,Lamb,Morrowmere,Bramble,18
18:23,0869,Dora,Underwood,Morrowmere,Bramble,32
18:23,1234,Mercy,Stokes,Owlhallow,Orchard,23
18:23,1380,Ivy,Sefton,Thornby Cross,Church,21
18:23,1486,Jude,Venables,Nettlebarrow,Orchard,16
18:23,1489,Myrtle,Yates,Fernley,Bramble,8
18:23,1926,Fabian,Elstob,Morrowmere,Orchard,31
18:23,2033,Vera,Raikes,Larkspur Green,Mill,15
18:23,2291,Otto,Plumb,Dunwold,Bramble,2
18:23,2336,Noel,Cobbold,Morrowmere,Church,26
18:23,2502,Orla,Quayle,Birchfold,Orchard,28
18:23,2520,Jonah,Openshaw,Hatherby,Church,18
18:23,2568,Quentin,Dunstan,Morrowmere,Bramble,26
18:23,2675,Cyril,Ockley,Owlhallow,Church,18
18:23,2836,Enid,Napier,Birchfold,Bramble,31
18:23,2937,Hector,Gilbey,Wexley,Bramble,19
18:23,3022,Una,Eckford,Owlhallow,Bramble,28
18:23,3150,Oscar,Pickles,Morrowmere,Church,35
18:23,3208,Bella,Ibbott,Thornby Cross,Church,12
18:23,3242,Clement,Ockley,Morrowmere,Orchard,31
18:23,3293,Basil,Usworth,Hatherby,Bramble,22
18:23,3479,Gideon,Pocock,Morrowmere,Bramble,27
18:23,3729,Greta,Oakley,Yarrowby,Bramble,34
18:23,3769,Emma,Sefton,Fernley,Church,24
18:23,4140,Jude,Rudd,Kittlewick,Orchard,12
18:23,4212,Percy,Ashby,Dunwold,Church,12
18:23,4967,Emma,Vance,Morrowmere,Orchard,16
18:23,5276,Flora,Ackroyd,Larkspur Green,Church,33
18:23,5387,Ruth,Sefton,Owlhallow,Bramble,20
18:23,5404,Dorian,Ibbott,Nettlebarrow,Mill,14
18:23,5971,Eleanor,Fenwick,Brackenhythe,Mill,1
18:24,0045,Ebba,Pickles,Ashcott Heath,Orchard,12
18:24,0375,Nora,Fenwick,Birchfold,Mill,32
18:24,0605,Mercy,Vance,Nettlebarrow,Mill,9
18:24,0642,Olga,Overton,Morrowmere,Orchard,8
18:24,0699,Oscar,Abbott,Morrowmere,Church,30
18:24,0982,Alba,Yates,Larkspur Green,Mill,5
18:24,1077,Ada,Ockley,Morrowmere,Orchard,35
18:24,1095,Nell,Osgood,Morrowmere,Mill,28
18:24,1410,Elsie,Chalk,Ashcott Heath,Orchard,27
18:24,2443,Cyril,Elmore,Pennyholt,Mill,7
18:24,2624,Jasper,Chalk,Pennyholt,Church,10
18:24,2657,Eden,Twigg,Morrowmere,Church,28
18:24,2690,Alma,Napier,Morrowmere,Orchard,7
18:24,2733,Pearl,Coates,Brackenhythe,Mill,9
18:24,2880,Myrtle,Haldane,Morrowmere,Bramble,31
18:24,2963,Arthur,Sallis,Rushcombe,Church,29
18:24,3047,Ansel,Webley,Hatherby,Mill,20
18:24,3204,Ruth,Finlow,Thornby Cross,Church,21
18:24,3258,Basil,Arkwright,Morrowmere,Orchard,35
18:24,3348,Bella,Ashdown,Nettlebarrow,Bramble,19
18:24,3410,Ida,Oxenford,Brackenhythe,Bramble,25
18:24,3439,Blanche,Edgworth,Morrowmere,Church,16
18:24,3480,Cedric,Padley,Dunwold,Bramble,35
18:24,3793,Lottie,Judd,Nettlebarrow,Bramble,23
18:24,3932,Cora,Applegarth,Morrowmere,Bramble,17
18:24,4497,Helena,Ellwood,Yarrowby,Bramble,10
18:24,4516,Orla,Oakley,Owlhallow,Orchard,7
18:24,4558,Inez,Skelton,Wexley,Bramble,15
18:24,4845,Philippa,Hawley,Morrowmere,Mill,21
18:24,4999,Celia,Ellwood,Thornby Cross,Church,15
18:24,5048,Uma,Bainbridge,Rushcombe,Bramble,27
18:24,5174,Sadie,Webley,Wexley,Mill,2
18:24,5388,Ivo,Judd,Thornby Cross,Bramble,36
18:24,5408,Mabel,Pocock,Morrowmere,Bramble,7
18:24,5486,Amos,Dawes,Pennyholt,Church,16
18:24,5596,Viola,Ebdon,Thornby Cross,Bramble,7
18:24,5768,Gideon,Onslow,Brackenhythe,Mill,15
18:24,5926,Basil,Oddie,Brackenhythe,Mill,11
18:25,0272,Philippa,Twigg,Brackenhythe,Bramble,10
18:25,0364,Etta,Inchley,Brackenhythe,Orchard,1
18:25,0747,Kit,Ashendon,Kittlewick,Church,6
18:25,0933,Willa,Uttley,Dunwold,Church,27
18:25,0945,Blanche,Slade,Rushcombe,Mill,22
18:25,1298,Una,Hamblin,Kittlewick,Mill,18
18:25,1560,Abel,Ingram,Morrowmere,Orchard,6
18:25,1686,Delia,Heskett,Rushcombe,Church,3
18:25,1687,Ulla,Jessop,Nettlebarrow,Bramble,35
18:25,1997,Abel,Napier,Pennyholt,Bramble,33
18:25,2083,Miriam,Wakely,Thornby Cross,Church,5
18:25,2421,Horace,Oxenford,Dunwold,Orchard,15
18:25,2427,Ivy,Arkell,Morrowmere,Orchard,16
18:25,2768,Olga,Arkwright,Morrowmere,Orchard,6
18:25,3159,Nell,Swales,Birchfold,Mill,3
18:25,3323,Etta,Ewart,Pennyholt,Mill,13
18:25,3848,Leonard,Fawcett,Nettlebarrow,Orchard,28
18:25,3901,Helena,Edgworth,Hatherby,Mill,10
18:25,3911,Otto,Blythe,Hatherby,Church,16
18:25,3912,Hector,Meakin,Nettlebarrow,Church,36
18:25,3924,Walter,Meakin,Thornby Cross,Mill,30
18:25,3946,Iris,Raikes,Yarrowby,Orchard,2
18:25,4254,Ulla,Ambler,Wexley,Bramble,9
18:25,4344,Ebba,Lamb,Kittlewick,Bramble,21
18:25,4704,Isla,Pennick,Larkspur Green,Church,6
18:25,4772,Orson,Oxenford,Morrowmere,Church,10
18:25,4901,Enid,Vance,Morrowmere,Church,35
18:25,5139,Amos,Larkin,Thornby Cross,Orchard,1
18:25,5182,Delia,Welch,Yarrowby,Church,8
18:25,5230,Lottie,Lowe,Ashcott Heath,Bramble,18
18:25,5569,Ebba,Tyson,Kittlewick,Church,7
18:25,5845,Enid,Ockley,Rushcombe,Church,2
18:26,0032,Isla,Judd,Wexley,Orchard,19
18:26,0301,Annie,Pellow,Birchfold,Mill,2
18:26,0315,Emma,Noakes,Larkspur Green,Church,31
18:26,0416,Maud,Mellish,Kittlewick,Orchard,24
18:26,0482,Cora,Rudd,Hatherby,Bramble,8
18:26,0507,Olga,Jessop,Morrowmere,Church,31
18:26,0511,Hannah,Lumsden,Owlhallow,Bramble,21
18:26,0832,Willa,Mellish,Rushcombe,Mill,6
18:26,1192,Inez,Noakes,Kittlewick,Orchard,29
18:26,1516,Cedric,Gilbey,Nettlebarrow,Orchard,23
18:26,1608,Annie,Bunting,Birchfold,Orchard,35
18:26,1841,Ansel,Overton,Ashcott Heath,Church,4
18:26,1978,Nell,Cobbold,Morrowmere,Church,35
18:26,2186,Hector,Ackroyd,Larkspur Green,Church,27
18:26,2349,Arthur,Napier,Morrowmere,Church,20
18:26,2559,Orson,Webley,Larkspur Green,Mill,9
18:26,2825,Jasper,Inchley,Kittlewick,Mill,32
18:26,2850,Josie,Applegarth,Thornby Cross,Bramble,8
18:26,3312,Philippa,Jessop,Birchfold,Mill,20
18:26,3707,Arlo,Underwood,Dunwold,Mill,16
18:26,3749,Mabel,Ebdon,Morrowmere,Church,18
18:26,3792,Olga,Vance,Owlhallow,Bramble,12
18:26,4014,Ebba,Elphick,Yarrowby,Orchard,31
18:26,4132,Martha,Orme,Dunwold,Bramble,2
18:26,4301,Orson,Napier,Morrowmere,Church,29
18:26,4333,Isla,Gilbey,Yarrowby,Church,36
18:26,4496,Magnus,Witton,Rushcombe,Mill,35
18:26,4916,Viola,Dawes,Kittlewick,Mill,7
18:26,4968,Oona,Blythe,Pennyholt,Bramble,3
18:26,5068,Ansel,Ellwood,Morrowmere,Bramble,6
18:26,5089,Nina,Atherton,Dunwold,Bramble,2
18:26,5465,Marian,Openshaw,Nettlebarrow,Orchard,16
18:26,5559,Greta,Uttley,Dunwold,Bramble,9
18:26,5733,Ulla,Hackett,Rushcombe,Orchard,14
18:27,0034,Flora,Haldane,Wexley,Bramble,19
18:27,0043,Eleanor,Dabney,Nettlebarrow,Bramble,31
18:27,0261,Ida,Kitson,Thornby Cross,Bramble,7
18:27,0382,Martha,Winslow,Yarrowby,Orchard,20
18:27,0493,Arlo,Maddox,Birchfold,Bramble,35
18:27,1218,Jonah,Thwaite,Fernley,Bramble,14
18:27,1221,Horace,Tyson,Nettlebarrow,Church,21
18:27,1648,Amos,Slade,Ashcott Heath,Bramble,5
18:27,1864,Inez,Finlow,Ashcott Heath,Bramble,30
18:27,2394,Delia,Ibbott,Pennyholt,Bramble,18
18:27,3104,Una,Coates,Larkspur Green,Church,22
18:27,3182,Lottie,Applegarth,Wexley,Bramble,35
18:27,3188,Opal,Allsop,Brackenhythe,Orchard,16
18:27,3238,Augusta,Rudd,Ashcott Heath,Church,1
18:27,3822,Elva,Pellow,Birchfold,Mill,12
18:27,3823,Ansel,Gale,Morrowmere,Mill,10
18:27,4156,Morris,Satchell,Hatherby,Mill,33
18:27,4234,Walter,Monk,Morrowmere,Mill,10
18:27,4240,Freda,Ramsay,Hatherby,Orchard,8
18:27,4493,Ida,Edwards,Brackenhythe,Orchard,3
18:27,4666,Edgar,Satchell,Kittlewick,Mill,21
18:27,5272,Hannah,Underwood,Morrowmere,Orchard,21
18:27,5364,Oona,Stokes,Pennyholt,Church,19
18:27,5557,Magnus,Fenwick,Birchfold,Bramble,8
18:28,0005,Milo,Raikes,Hatherby,Church,25
18:28,0174,Blanche,Fenwick,Thornby Cross,Mill,20
18:28,0766,Ebba,Oldroyd,Thornby Cross,Church,5
18:28,1160,Magnus,Ellingham,Pennyholt,Church,16
18:28,1368,Elsie,Eckford,Morrowmere,Church,4
18:28,1381,Constance,Twigg,Fernley,Orchard,1
18:28,1518,Arlo,Raikes,Morrowmere,Church,28
18:28,1566,Eleanor,Ashwell,Pennyholt,Bramble,9
18:28,1730,Lena,Quayle,Rushcombe,Church,12
18:28,1734,Bella,Uttley,Morrowmere,Bramble,13
18:28,1743,Pip,Fairley,Morrowmere,Bramble,34
18:28,1863,Annabel,Mellish,Nettlebarrow,Church,36
18:28,1876,Ivy,Fairley,Wexley,Church,12
18:28,1901,Lydia,Oakley,Wexley,Church,19
18:28,1994,Wilbur,Oldfield,Morrowmere,Mill,28
18:28,2077,Wilbur,Openshaw,Kittlewick,Church,33
18:28,2238,Thea,Monk,Larkspur Green,Church,32
18:28,2299,Bernard,Kitson,Morrowmere,Bramble,25
18:28,2569,Bertha,Ireton,Larkspur Green,Bramble,6
18:28,2793,Edmund,Bainbridge,Birchfold,Mill,28
18:28,2884,Inez,Barlow,Rushcombe,Church,10
18:28,3035,Arthur,Judd,Rushcombe,Mill,30
18:28,3173,Enid,Gosling,Dunwold,Church,6
18:28,3241,Maisie,Plumb,Morrowmere,Church,30
18:28,3441,Myrtle,Larkin,Pennyholt,Orchard,2
18:28,3663,Edgar,Fairley,Morrowmere,Church,21
18:28,3714,Martha,Elmore,Morrowmere,Church,4
18:28,3737,Vera,Napier,Yarrowby,Orchard,5
18:28,4142,Delia,Skelton,Larkspur Green,Bramble,31
18:28,4415,Jude,Hawley,Morrowmere,Orchard,6
18:28,4525,Effie,Wakely,Larkspur Green,Bramble,26
18:28,4568,Opal,Chalk,Wexley,Orchard,29
18:28,4605,Hector,Ebdon,Morrowmere,Church,13
18:28,4832,Bernard,Tolley,Wexley,Church,7
18:28,5270,Thea,Welch,Ashcott Heath,Bramble,21
18:28,5331,Lavinia,Dabney,Larkspur Green,Church,32
18:28,5884,Dora,Coates,Owlhallow,Mill,17
18:29,0146,Vera,Larkin,Hatherby,Mill,35
18:29,0816,Annie,Winslow,Larkspur Green,Orchard,4
18:29,1041,Cora,Dawes,Morrowmere,Church,6
18:29,1176,Oscar,Vance,Birchfold,Bramble,29
18:29,1242,Elva,Stokes,Larkspur Green,Mill,35
18:29,1414,Nell,Sallis,Wexley,Church,18
18:29,1503,Marian,Nettles,Morrowmere,Church,3
18:29,1580,Jonah,Ashworth,Thornby Cross,Church,25
18:29,2011,Edmund,Coates,Pennyholt,Orchard,8
18:29,2625,Basil,Ashendon,Brackenhythe,Orchard,27
18:29,2801,Otto,Elmore,Larkspur Green,Bramble,32
18:29,2905,Ansel,Usworth,Morrowmere,Bramble,19
18:29,3211,Cora,Thwaite,Thornby Cross,Church,17
18:29,3292,Dahlia,Eskdale,Rushcombe,Church,10
18:29,3556,Etta,Wilmot,Morrowmere,Mill,4
18:29,3587,Ida,Atherton,Brackenhythe,Church,11
18:29,3609,Grace,Jessop,Ashcott Heath,Church,30
18:29,3650,Ella,Elphick,Thornby Cross,Orchard,7
18:29,3743,Hannah,Oddie,Ashcott Heath,Church,23
18:29,3877,Augusta,Hackett,Birchfold,Mill,23
18:29,3944,Basil,Inchley,Rushcombe,Orchard,13
18:29,4181,Helena,Slade,Dunwold,Bramble,28
18:29,4427,Freda,Applegarth,Morrowmere,Mill,16
18:29,4719,Orson,Ormerod,Owlhallow,Bramble,31
18:29,4754,Clara,Pickles,Rushcombe,Bramble,12
18:29,5014,Miriam,Bainbridge,Kittlewick,Bramble,24
18:29,5210,Enid,Dabney,Birchfold,Orchard,18
18:29,5308,Abel,Ibbott,Morrowmere,Church,16
18:29,5679,Inez,Atherton,Dunwold,Bramble,20
18:29,5994,Pip,Inchley,Kittlewick,Church,28
18:30,0137,Vera,Fawcett,Hatherby,Bramble,36
18:30,0156,Elva,Sutton,Morrowmere,Bramble,18
18:30,0161,Nora,Allsop,Morrowmere,Church,36
18:30,0307,Mercy,Pocock,Brackenhythe,Church,6
18:30,0463,Augusta,Kitson,Larkspur Green,Mill,16
18:30,0514,Jasper,Pennick,Brackenhythe,Bramble,15
18:30,0600,Emma,Pennick,Morrowmere,Bramble,26
18:30,0929,Viola,Ashdown,Nettlebarrow,Mill,35
18:30,1175,Orla,Witton,Birchfold,Orchard,24
18:30,1203,Alba,Haldane,Morrowmere,Bramble,28
18:30,1289,Myrtle,Fairley,Birchfold,Mill,2
18:30,1521,Helena,Hamblin,Morrowmere,Orchard,34
18:30,1736,Bernard,Pickles,Morrowmere,Orchard,33
18:30,1834,Fabian,Gosling,Thornby Cross,Bramble,22
18:30,1872,Arthur,Larkin,Hatherby,Church,14
18:30,1913,Flora,Ambler,Yarrowby,Bramble,21
18:30,2247,Maisie,Monk,Morrowmere,Church,8
18:30,2251,Una,Redfern,Pennyholt,Orchard,30
18:30,2501,Thea,Ashby,Ashcott Heath,Bramble,15
18:30,2875,Ebba,Nuttall,Birchfold,Church,36
18:30,2945,Oscar,Pellow,Morrowmere,Bramble,7
18:30,3544,Quentin,Yelland,Dunwold,Orchard,35
18:30,3553,Mabel,Onslow,Rushcombe,Church,25
18:30,4012,Delia,Onslow,Ashcott Heath,Church,15
18:30,4083,Elsie,Shilton,Fernley,Church,24
18:30,4114,Annabel,Slade,Rushcombe,Bramble,28
18:30,4175,Noel,Tasker,Nettlebarrow,Church,23
18:30,4179,Ulla,Oddie,Morrowmere,Church,27
18:30,4346,Enid,Tolley,Morrowmere,Mill,24
18:30,4357,Noel,Plumb,Birchfold,Orchard,13
18:30,4725,Enoch,Gosling,Yarrowby,Church,35
18:30,4865,Oona,Anstey,Morrowmere,Mill,6
18:30,5016,Lucian,Ebdon,Morrowmere,Mill,16
18:30,5240,Otto,Meakin,Morrowmere,Church,20
18:30,5333,Osric,Slade,Kittlewick,Church,20
18:30,5505,Miriam,Ewart,Larkspur Green,Mill,27
18:30,5657,Selma,Swales,Thornby Cross,Mill,29
18:30,5691,Lena,Webley,Larkspur Green,Orchard,29
18:30,5753,Arlo,Upton,Pennyholt,Bramble,17
18:30,5911,Anna,Monk,Pennyholt,Mill,29
18:30,5998,Olga,Aske,Hatherby,Mill,36
18:31,0127,Viola,Welch,Rushcombe,Church,25
18:31,0415,Ivo,Eskdale,Thornby Cross,Orchard,17
18:31,0567,Basil,Upton,Ashcott Heath,Orchard,29
18:31,0660,Horace,Ashby,Larkspur Green,Bramble,2
18:31,1239,Beatrix,Pocock,Thornby Cross,Bramble,6
18:31,1400,Arthur,Orme,Morrowmere,Church,6
18:31,1426,Edgar,Eskdale,Morrowmere,Church,16
18:31,1748,Lydia,Otway,Thornby Cross,Bramble,15
18:31,1809,Bernard,Orme,Morrowmere,Orchard,30
18:31,2183,Myrtle,Ellingham,Thornby Cross,Bramble,33
18:31,2596,Gwen,Maddox,Nettlebarrow,Mill,23
18:31,3205,Emma,Sallis,Birchfold,Bramble,22
18:31,3230,Annabel,Stokes,Rushcombe,Mill,25
18:31,3325,Kit,Ainsworth,Morrowmere,Orchard,18
18:31,3460,Orson,Kaye,Kittlewick,Bramble,6
18:31,3615,Inez,Clegg,Owlhallow,Orchard,32
18:31,4045,Enid,Digby,Morrowmere,Bramble,18
18:31,4246,Ruth,Clegg,Thornby Cross,Orchard,26
18:31,4309,Oona,Winslow,Wexley,Bramble,19
18:31,4369,Fabian,Dabney,Morrowmere,Orchard,32
18:31,5124,Ansel,Eastham,Morrowmere,Bramble,4
18:31,5156,Linus,Vance,Kittlewick,Mill,3
18:31,5213,Leonard,Applegarth,Birchfold,Orchard,8
18:31,5231,Clement,Ashby,Thornby Cross,Mill,10
18:31,5339,Orson,Venables,Morrowmere,Orchard,20
18:31,5491,Emma,Hamblin,Rushcombe,Bramble,36
18:31,5522,Jude,Onslow,Thornby Cross,Church,35
18:31,5637,Helena,Venables,Birchfold,Mill,10
18:31,5687,Jonah,Coates,Rushcombe,Church,4
18:31,5742,Maud,Anstey,Larkspur Green,Mill,34
18:31,5798,Philippa,Fairley,Rushcombe,Mill,11
18:32,0300,Milo,Orme,Kittlewick,Church,5
18:32,0518,Alba,Nettles,Owlhallow,Mill,18
18:32,0717,Uma,Jessop,Morrowmere,Mill,2
18:32,0866,Jasper,Upton,Fernley,Bramble,5
18:32,1243,Olga,Ashwell,Birchfold,Church,20
18:32,1342,Pearl,Oxenford,Larkspur Green,Orchard,27
18:32,1763,Thea,Isherwood,Ashcott Heath,Mill,25
18:32,1889,Ada,Larkin,Brackenhythe,Orchard,9
18:32,1925,Elsie,Ingram,Yarrowby,Mill,17
18:32,1934,Beatrix,Rook,Wexley,Mill,27
18:32,1942,Una,Clegg,Thornby Cross,Orchard,33
18:32,2332,Selma,Haldane,Fernley,Mill,16
18:32,2369,Ansel,Chalk,Morrowmere,Orchard,17
18:32,2478,Osric,Larkin,Owlhallow,Church,31
18:32,2639,Bertha,Underwood,Wexley,Bramble,16
18:32,2760,Hector,Burnell,Rushcombe,Mill,33
18:32,2838,Edmund,Nettles,Pennyholt,Orchard,23
18:32,2989,Ella,Sutton,Birchfold,Mill,1
18:32,2999,Lydia,Chilton,Birchfold,Mill,31
18:32,3123,Etta,Overton,Pennyholt,Bramble,23
18:32,3303,Helena,Vance,Birchfold,Mill,9
18:32,3365,Orson,Sefton,Kittlewick,Bramble,4
18:32,3521,Pip,Pickles,Morrowmere,Church,19
18:32,3601,Greta,Bowden,Morrowmere,Orchard,1
18:32,3674,Inez,Yelland,Fernley,Church,24
18:32,3785,Olga,Tyson,Wexley,Bramble,2
18:32,3945,Josie,Lumsden,Birchfold,Orchard,34
18:32,4165,Una,Oddie,Rushcombe,Bramble,27
18:32,4686,Greta,Ireton,Wexley,Orchard,29
18:32,4853,Isla,Ockley,Kittlewick,Orchard,35
18:32,4997,Willa,Eckford,Rushcombe,Church,11
18:32,5039,Helena,Quayle,Kittlewick,Bramble,7
18:32,5161,Hannah,Venables,Rushcombe,Church,36
18:32,5389,Josie,Oakley,Morrowmere,Mill,15
18:32,5443,Oscar,Ellingham,Nettlebarrow,Bramble,26
18:32,5461,Inez,Wilmot,Dunwold,Mill,36
18:32,5526,Harriet,Brock,Yarrowby,Orchard,18
18:32,5586,Morris,Ewart,Dunwold,Orchard,2
18:32,5588,Ruth,Ashdown,Morrowmere,Bramble,21
18:32,5746,Linus,Nettles,Morrowmere,Church,18
18:32,5760,Ivy,Lumsden,Yarrowby,Mill,25
18:32,5802,Nina,Digby,Brackenhythe,Orchard,23
18:32,5835,Martha,Newbolt,Owlhallow,Mill,17
18:33,0296,Thea,Applegarth,Wexley,Mill,36
18:33,0599,Basil,Plumb,Yarrowby,Bramble,23
18:33,1071,Marian,Nuttall,Fernley,Mill,20
18:33,1138,Olive,Kaye,Morrowmere,Mill,1
18:33,1147,Myrtle,Padley,Nettlebarrow,Church,29
18:33,1159,Orla,Clegg,Rushcombe,Bramble,11
18:33,1226,Alma,Elstob,Morrowmere,Orchard,5
18:33,1271,Constance,Judd,Morrowmere,Mill,28
18:33,1781,Lucian,Lamb,Hatherby,Bramble,35
18:33,1816,Fabian,Inchley,Birchfold,Orchard,10
18:33,2230,Hannah,Sutton,Larkspur Green,Mill,23
18:33,2282,Hannah,Upton,Fernley,Bramble,7
18:33,2367,Augusta,Ebdon,Fernley,Bramble,31
18:33,2560,Enid,Maddox,Morrowmere,Mill,8
18:33,2695,Myrtle,Webley,Birchfold,Church,35
18:33,2753,Jonah,Usworth,Dunwold,Orchard,27
18:33,2761,Wilbur,Clegg,Morrowmere,Church,18
18:33,2774,Morris,Ellwood,Pennyholt,Mill,21
18:33,3088,Ebba,Applegarth,Thornby Cross,Bramble,25
18:33,3156,Nora,Elmore,Ashcott Heath,Orchard,36
18:33,3648,Percy,Yelland,Nettlebarrow,Church,12
18:33,3655,Mercy,Uttley,Morrowmere,Church,14
18:33,3741,Nora,Ibbott,Morrowmere,Mill,35
18:33,3830,Basil,Elmore,Hatherby,Orchard,27
18:33,4092,Helena,Napier,Ashcott Heath,Orchard,3
18:33,4306,Ella,Elstob,Nettlebarrow,Orchard,6
18:33,4335,Elva,Anstey,Yarrowby,Mill,13
18:33,4444,Flora,Pennick,Morrowmere,Church,24
18:33,4620,Anna,Fawcett,Larkspur Green,Mill,9
18:33,4721,Bella,Noakes,Owlhallow,Bramble,9
18:33,4773,Dahlia,Isherwood,Morrowmere,Bramble,17
18:33,5200,Lydia,Vance,Morrowmere,Orchard,20
18:33,5524,Horace,Oddie,Birchfold,Bramble,16
18:33,5527,Sadie,Newbolt,Rushcombe,Mill,34
18:33,5572,Arthur,Hawley,Ashcott Heath,Orchard,34
18:33,5577,Josie,Meakin,Morrowmere,Church,16
18:33,5890,Clara,Kaye,Pennyholt,Mill,11
18:34,0454,Basil,Heskett,Brackenhythe,Bramble,32
18:34,0608,Olga,Napier,Fernley,Mill,3
18:34,0742,Ansel,Tolley,Thornby Cross,Bramble,20
18:34,0851,Effie,Ewart,Larkspur Green,Orchard,7
18:34,1080,Arlo,Rudd,Hatherby,Orchard,24
18:34,1091,Dahlia,Edwards,Morrowmere,Bramble,5
18:34,1217,Alma,Barlow,Larkspur Green,Mill,35
18:34,1455,Enoch,Godwin,Hatherby,Mill,6
18:34,1466,Bertha,Barlow,Larkspur Green,Bramble,3
18:34,1703,Noel,Skelton,Morrowmere,Bramble,23
18:34,1894,Nora,Usworth,Dunwold,Bramble,15
18:34,2084,Maisie,Maddox,Rushcombe,Bramble,5
18:34,2168,Nina,Monk,Nettlebarrow,Mill,25
18:34,2346,Constance,Ashby,Morrowmere,Church,6
18:34,2391,Edmund,Padley,Wexley,Church,31
18:34,2512,Osric,Tyson,Pennyholt,Church,32
18:34,2785,Olive,Atherton,Ashcott Heath,Orchard,14
18:34,2881,Olive,Barlow,Dunwold,Orchard,17
18:34,2883,Miriam,Hawley,Nettlebarrow,Orchard,4
18:34,3074,Viola,Enright,Ashcott Heath,Bramble,33
18:34,3214,Lucian,Satchell,Nettlebarrow,Mill,16
18:34,3217,Celia,Ackroyd,Morrowmere,Mill,31
18:34,3218,Elsie,Dunstan,Morrowmere,Church,4
18:34,3305,Quentin,Yates,Morrowmere,Mill,36
18:34,3355,Rhoda,Plumb,Morrowmere,Church,14
18:34,3949,Philippa,Ashwell,Morrowmere,Mill,20
18:34,3963,Flora,Ireton,Nettlebarrow,Bramble,23
18:34,4171,Ada,Arkwright,Fernley,Bramble,27
18:34,4692,Amos,Sallis,Nettlebarrow,Orchard,12
18:34,4730,Constance,Gilbey,Morrowmere,Orchard,6
18:34,4896,Ebba,Fawcett,Birchfold,Mill,23
18:34,4951,Uma,Ireton,Birchfold,Bramble,12
18:34,5085,Orson,Rook,Birchfold,Orchard,18
18:34,5093,Alba,Raikes,Birchfold,Orchard,29
18:34,5141,Elva,Arkell,Nettlebarrow,Bramble,29
18:34,5218,Hector,Digby,Ashcott Heath,Bramble,17
18:34,5359,Ezra,Kaye,Dunwold,Mill,36
18:34,5509,Ebba,Kitson,Kittlewick,Orchard,27
18:34,5765,Arthur,Kaye,Larkspur Green,Bramble,26
18:34,5854,Mercy,Finlow,Morrowmere,Orchard,5
18:34,5856,Hannah,Noakes,Pennyholt,Mill,10
18:34,5949,Linus,Shilton,Pennyholt,Orchard,29
18:34,5997,Anna,Hobday,Larkspur Green,Bramble,29
18:35,0135,Pip,Bainbridge,Thornby Cross,Mill,18
18:35,0347,Amos,Mellish,Morrowmere,Church,35
18:35,0509,Enoch,Ainsworth,Morrowmere,Mill,16
18:35,0526,Lavinia,Witton,Thornby Cross,Orchard,23
18:35,0736,Grace,Wilmot,Morrowmere,Church,29
18:35,0842,Dorian,Ashdown,Hatherby,Orchard,25
18:35,0902,Jude,Beck,Brackenhythe,Mill,34
18:35,0944,Ida,Haldane,Kittlewick,Bramble,27
18:35,1050,Leonard,Skelton,Morrowmere,Orchard,13
18:35,1088,Lavinia,Lumsden,Nettlebarrow,Mill,19
18:35,1468,Morris,Chalk,Hatherby,Bramble,15
18:35,1498,Olga,Bowden,Pennyholt,Church,12
18:35,1533,Ivo,Pocock,Nettlebarrow,Church,32
18:35,1646,Annie,Kitson,Larkspur Green,Bramble,3
18:35,1914,Bertha,Ashworth,Morrowmere,Bramble,4
18:35,2342,Ivo,Digby,Morrowmere,Orchard,3
18:35,2371,Thea,Ulverton,Owlhallow,Bramble,29
18:35,2411,Cyril,Lowe,Fernley,Orchard,36
18:35,2447,Lavinia,Enright,Rushcombe,Mill,12
18:35,2458,Nora,Judd,Brackenhythe,Orchard,24
18:35,2629,Vera,Sallis,Morrowmere,Orchard,29
18:35,2712,Edgar,Atherton,Nettlebarrow,Orchard,5
18:35,2876,Kit,Pennick,Brackenhythe,Bramble,33
18:35,2918,Fabian,Gilbey,Owlhallow,Church,19
18:35,3081,Martha,Fawcett,Larkspur Green,Church,11
18:35,3485,Marian,Fawcett,Kittlewick,Mill,10
18:35,3559,Enoch,Oxenford,Fernley,Mill,12
18:35,3582,Eden,Ewart,Wexley,Church,14
18:35,3621,Noel,Fenwick,Owlhallow,Bramble,14
18:35,3635,Alba,Barlow,Birchfold,Church,27
18:35,3797,Thea,Upton,Thornby Cross,Bramble,13
18:35,3868,Rosa,Elmore,Yarrowby,Mill,20
18:35,4124,Cyril,Digby,Kittlewick,Bramble,34
18:35,4129,Quentin,Ashdown,Birchfold,Bramble,31
18:35,4561,Nora,Gosling,Wexley,Orchard,23
18:35,4610,Dahlia,Witton,Wexley,Orchard,19
18:35,4677,Freda,Barlow,Rushcombe,Orchard,24
18:35,4816,Helena,Keeling,Fernley,Orchard,28
18:35,5417,Orson,Redfern,Yarrowby,Church,23
18:35,5429,Horace,Ingram,Owlhallow,Bramble,9
18:35,5540,Pearl,Onslow,Kittlewick,Bramble,10
18:35,5566,Orson,Monk,Morrowmere,Church,3
18:35,5908,Clara,Elphick,Thornby Cross,Mill,26
18:36,0194,Willa,Slade,Ashcott Heath,Orchard,34
18:36,0813,Ulla,Hawley,Thornby Cross,Orchard,15
18:36,0921,Elsie,Oxenford,Rushcombe,Orchard,36
18:36,0937,Mabel,Eckford,Morrowmere,Mill,29
18:36,0988,Helena,Fawcett,Wexley,Bramble,25
18:36,1245,Eden,Gilbey,Birchfold,Mill,17
18:36,1337,Lena,Maddox,Morrowmere,Church,24
18:36,1390,Sadie,Sutton,Ashcott Heath,Church,10
18:36,1413,Osric,Quayle,Owlhallow,Church,10
18:36,1690,Leonard,Openshaw,Morrowmere,Bramble,27
18:36,1898,Augusta,Newbolt,Brackenhythe,Orchard,31
18:36,1973,Mabel,Finlow,Birchfold,Orchard,2
18:36,2020,Kit,Padley,Yarrowby,Orchard,26
18:36,2219,Linus,Anstey,Dunwold,Church,9
18:36,2926,Maud,Ashdown,Thornby Cross,Bramble,1
18:36,3110,Lavinia,Tolley,Birchfold,Bramble,25
18:36,3300,Fabian,Digby,Thornby Cross,Bramble,22
18:36,3550,Alba,Otway,Larkspur Green,Church,32
18:36,3662,Linus,Upton,Hatherby,Mill,29
18:36,3731,Constance,Haldane,Morrowmere,Mill,21
18:36,4174,Nina,Meakin,Morrowmere,Orchard,27
18:36,4184,Maisie,Ainsworth,Wexley,Mill,5
18:36,4376,Jonah,Ramsay,Morrowmere,Church,4
18:36,4531,Edmund,Ambler,Larkspur Green,Church,29
18:36,4565,Amos,Applegarth,Ashcott Heath,Bramble,10
18:36,4670,Pearl,Otway,Larkspur Green,Bramble,1
18:36,4676,Willa,Otway,Yarrowby,Mill,4
18:36,4724,Arlo,Elstob,Yarrowby,Orchard,36
18:36,4735,Cedric,Coates,Morrowmere,Orchard,20
18:36,4972,Oona,Judd,Morrowmere,Mill,24
18:36,5190,Basil,Shilton,Wexley,Church,16
18:36,5275,Nell,Welch,Larkspur Green,Bramble,30
18:36,5459,Ida,Ramsay,Ashcott Heath,Bramble,35
18:36,5503,Cora,Nuttall,Rushcombe,Bramble,30
18:36,5673,Ella,Ashendon,Kittlewick,Bramble,19
18:36,5676,Mabel,Monk,Owlhallow,Church,13
18:36,5715,Olive,Bunting,Owlhallow,Church,29
18:36,5763,Eleanor,Sutton,Pennyholt,Mill,36
18:36,5945,Mercy,Arkell,Brackenhythe,Bramble,13
18:37,0125,Emma,Ulverton,Birchfold,Bramble,8
18:37,0380,Elva,Noakes,Fernley,Church,9
18:37,0586,Gwen,Welch,Morrowmere,Bramble,14
18:37,0780,Willa,Thwaite,Wexley,Bramble,11
18:37,0783,Una,Napier,Morrowmere,Church,33
18:37,0796,Hannah,Abbott,Kittlewick,Mill,34
18:37,0806,Bertha,Chilton,Pennyholt,Bramble,9
18:37,0812,Marian,Sutton,Yarrowby,Mill,7
18:37,1270,Abel,Eckford,Dunwold,Orchard,5
18:37,1407,Annie,Jessop,Brackenhythe,Bramble,29
18:37,1667,Nora,Tyson,Wexley,Bramble,7
18:37,1668,Vera,Kitson,Nettlebarrow,Mill,32
18:37,1700,Dora,Maddox,Nettlebarrow,Church,28
18:37,1983,Uma,Vance,Hatherby,Bramble,17
18:37,2141,Wilbur,Gale,Thornby Cross,Orchard,5
18:37,2467,Uma,Ewart,Yarrowby,Mill,26
18:37,2591,Clement,Sutton,Morrowmere,Mill,3
18:37,2628,Jonah,Ireton,Rushcombe,Bramble,26
18:37,2653,Myrtle,Digby,Morrowmere,Church,27
18:37,2748,Walter,Wilmot,Pennyholt,Church,3
18:37,2830,Pip,Tolley,Thornby Cross,Bramble,21
18:37,2964,Delia,Coates,Morrowmere,Bramble,14
18:37,3089,Josie,Anstey,Morrowmere,Orchard,22
18:37,3109,Ulla,Coates,Wexley,Orchard,15
18:37,3154,Pearl,Hawley,Thornby Cross,Bramble,29
18:37,3234,Eleanor,Skelton,Nettlebarrow,Mill,9
18:37,3384,Sadie,Bowden,Birchfold,Orchard,18
18:37,3489,Cedric,Aske,Birchfold,Bramble,18
18:37,3573,Fabian,Bainbridge,Brackenhythe,Church,34
18:37,3618,Ulla,Padley,Larkspur Green,Church,5
18:37,3673,Willa,Phelps,Larkspur Green,Orchard,6
18:37,3701,Helena,Arkwright,Hatherby,Mill,15
18:37,3833,Ivy,Hackett,Morrowmere,Bramble,1
18:37,3872,Opal,Noakes,Wexley,Bramble,26
18:37,4438,Oscar,Arkell,Wexley,Mill,18
18:37,4555,Noel,Ewart,Kittlewick,Mill,18
18:37,4593,Bertha,Pennick,Kittlewick,Orchard,24
18:37,4680,Ruth,Meakin,Yarrowby,Church,12
18:37,4764,Josie,Gale,Morrowmere,Mill,7
18:37,5108,Ulla,Openshaw,Owlhallow,Church,5
18:37,5173,Nina,Fawcett,Ashcott Heath,Church,36
18:37,5645,Martha,Edgworth,Morrowmere,Church,10
18:37,5929,Pip,Rudd,Morrowmere,Orchard,21
18:38,0001,Enid,Ibbott,Pennyholt,Mill,14
18:38,0485,Gideon,Ellwood,Owlhallow,Church,24
18:38,0531,Viola,Digby,Larkspur Green,Church,31
18:38,0637,Marian,Godwin,Wexley,Mill,25
18:38,0875,Ivo,Elstob,Ashcott Heath,Orchard,15
18:38,1153,Orson,Hackett,Pennyholt,Bramble,21
18:38,1456,Amos,Oddie,Wexley,Mill,20
18:38,1674,Ruth,Mellish,Owlhallow,Church,27
18:38,1887,Lottie,Shilton,Morrowmere,Orchard,32
18:38,1936,Orson,Edwards,Birchfold,Bramble,26
18:38,2046,Basil,Pocock,Owlhallow,Mill,34
18:38,2074,Beatrix,Hamblin,Hatherby,Bramble,10
18:38,2100,Celia,Ellingham,Morrowmere,Church,12
18:38,2289,Miriam,Ashwell,Nettlebarrow,Bramble,1
18:38,2529,Philippa,Edwards,Ashcott Heath,Mill,22
18:38,2734,Nina,Tyson,Thornby Cross,Bramble,5
18:38,2800,Freda,Fenwick,Thornby Cross,Church,15
18:38,2839,Gwen,Redfern,Hatherby,Bramble,5
18:38,2949,Magnus,Isherwood,Morrowmere,Orchard,11
18:38,3018,Milo,Newbolt,Pennyholt,Bramble,7
18:38,3280,Inez,Welch,Dunwold,Orchard,26
18:38,3356,Miriam,Oddie,Yarrowby,Church,9
18:38,3431,Cyril,Bowden,Morrowmere,Church,6
18:38,3768,Isla,Kaye,Morrowmere,Church,4
18:38,3938,Etta,Ashdown,Morrowmere,Church,24
18:38,3992,Leonard,Keeling,Rushcombe,Orchard,9
18:38,4467,Hector,Ibbott,Larkspur Green,Church,8
18:38,4575,Cedric,Noakes,Pennyholt,Bramble,26
18:38,4627,Dorian,Ashby,Ashcott Heath,Orchard,28
18:38,4806,Arthur,Lowe,Morrowmere,Bramble,15
18:38,5168,Abel,Allsop,Morrowmere,Mill,10
18:38,5353,Bernard,Onslow,Hatherby,Church,18
18:38,5563,Blanche,Winslow,Thornby Cross,Church,2
18:38,5680,Arthur,Bunting,Rushcombe,Mill,27
18:38,5853,Martha,Fenwick,Morrowmere,Mill,19
18:38,5985,Blanche,Isherwood,Dunwold,Mill,11
18:39,0441,Ebba,Bowden,Wexley,Church,26
18:39,0547,Selma,Elphick,Larkspur Green,Church,8
18:39,0935,Magnus,Slade,Morrowmere,Mill,18
18:39,0999,Leonard,Atherton,Rushcombe,Orchard,12
18:39,1019,Olive,Isherwood,Pennyholt,Bramble,9
18:39,1087,Jude,Underwood,Rushcombe,Mill,1
18:39,1260,Enoch,Orme,Rushcombe,Church,26
18:39,1283,Eden,Underwood,Birchfold,Bramble,15
18:39,1650,Eden,Hamblin,Hatherby,Bramble,7
18:39,1976,Maisie,Beck,Owlhallow,Mill,22
18:39,2007,Lavinia,Otway,Pennyholt,Bramble,18
18:39,2118,Miriam,Edwards,Morrowmere,Orchard,3
18:39,2480,Harriet,Fawcett,Morrowmere,Mill,33
18:39,2538,Nell,Oldfield,Morrowmere,Bramble,6
18:39,3003,Elsie,Larkin,Morrowmere,Bramble,17
18:39,3541,Philippa,Dabney,Rushcombe,Church,30
18:39,3761,Abel,Plumb,Thornby Cross,Church,29
18:39,3845,Hannah,Wakely,Brackenhythe,Bramble,22
18:39,3886,Arlo,Venables,Ashcott Heath,Bramble,9
18:39,4274,Nora,Tasker,Ashcott Heath,Bramble,12
18:39,4443,Iris,Larkin,Owlhallow,Bramble,24
18:39,4752,Clement,Upton,Morrowmere,Orchard,19
18:39,4946,Blanche,Wilmot,Rushcombe,Church,34
18:39,5260,Elsie,Bowden,Larkspur Green,Bramble,24
18:39,5525,Lydia,Judd,Morrowmere,Bramble,25
18:39,5904,Beatrix,Yelland,Kittlewick,Orchard,32
18:40,0407,Celia,Ibbott,Wexley,Church,19
18:40,0636,Iris,Ulverton,Dunwold,Orchard,23
18:40,1020,Ada,Heskett,Wexley,Orchard,22
18:40,1073,Jasper,Quayle,Kittlewick,Bramble,5
18:40,1139,Enoch,Aske,Morrowmere,Mill,16
18:40,1173,Myrtle,Pennick,Owlhallow,Church,4
18:40,1385,Edgar,Eastham,Wexley,Mill,19
18:40,1540,Uma,Elgood,Thornby Cross,Bramble,7
18:40,1657,Magnus,Lumsden,Fernley,Church,20
18:40,2001,Oscar,Oxenford,Hatherby,Mill,26
18:40,2283,Dahlia,Ashdown,Ashcott Heath,Mill,36
18:40,2453,Emma,Lowe,Morrowmere,Orchard,26
18:40,2461,Grace,Ainsworth,Hatherby,Bramble,35
18:40,2843,Harriet,Newbolt,Wexley,Bramble,4
18:40,3321,Josie,Welch,Wexley,Church,19
18:40,3812,Olive,Ewart,Rushcombe,Bramble,8
18:40,3839,Elsie,Aske,Dunwold,Orchard,18
18:40,3954,Sadie,Witton,Brackenhythe,Bramble,34
18:40,4368,Hannah,Sefton,Owlhallow,Orchard,25
18:40,4385,Mabel,Kaye,Morrowmere,Church,25
18:40,4510,Anna,Welch,Hatherby,Bramble,15
18:40,4842,Flora,Orme,Dunwold,Church,2
18:40,4927,Mabel,Elmore,Ashcott Heath,Orchard,6
18:40,5025,Ella,Rudd,Birchfold,Orchard,26
18:40,5095,Amos,Ebdon,Morrowmere,Mill,10
18:40,5297,Ezra,Hobday,Morrowmere,Mill,8
18:40,5529,Myrtle,Bowden,Fernley,Orchard,1
18:40,5620,Cedric,Kaye,Nettlebarrow,Mill,36
18:41,0055,Beatrix,Atherton,Hatherby,Bramble,2
18:41,0081,Elva,Upton,Birchfold,Church,20
18:41,0164,Uma,Anstey,Morrowmere,Orchard,14
18:41,0439,Gwen,Allsop,Thornby Cross,Church,6
18:41,0983,Cora,Elstob,Rushcombe,Church,33
18:41,1259,Dora,Phelps,Owlhallow,Orchard,30
18:41,1370,Marian,Stokes,Wexley,Church,5
18:41,1484,Morris,Ireton,Birchfold,Mill,4
18:41,1490,Sadie,Ackroyd,Larkspur Green,Orchard,2
18:41,1553,Beatrix,Fenwick,Nettlebarrow,Mill,6
18:41,1879,Annie,Digby,Morrowmere,Church,20
18:41,1952,Miriam,Tasker,Wexley,Bramble,23
18:41,2381,Basil,Haldane,Morrowmere,Church,9
18:41,2417,Lena,Newbolt,Birchfold,Bramble,19
18:41,2660,Ella,Meakin,Thornby Cross,Mill,8
18:41,2669,Abel,Padley,Thornby Cross,Orchard,24
18:41,2794,Blanche,Ulverton,Owlhallow,Bramble,20
18:41,2867,Jonah,Ackroyd,Morrowmere,Bramble,1
18:41,3818,Dorian,Brock,Thornby Cross,Mill,22
18:41,3978,Noel,Ashby,Owlhallow,Orchard,9
18:41,4286,Noel,Edwards,Birchfold,Bramble,2
18:41,4518,Marian,Wallis,Morrowmere,Bramble,25
18:41,4920,Enoch,Judd,Morrowmere,Church,32
18:41,4929,Opal,Skelton,Owlhallow,Mill,4
18:41,5202,Quentin,Dabney,Morrowmere,Church,34
18:41,5236,Rhoda,Redfern,Rushcombe,Bramble,5
18:41,5440,Ruth,Tyson,Morrowmere,Orchard,13
18:41,5448,Leonard,Ashdown,Thornby Cross,Bramble,9
18:41,5490,Enoch,Wallis,Morrowmere,Church,8
18:41,5578,Eleanor,Phelps,Brackenhythe,Mill,2
18:41,5775,Morris,Slade,Hatherby,Church,29
18:41,5907,Mercy,Raikes,Owlhallow,Bramble,22
18:41,5946,Horace,Arkell,Ashcott Heath,Orchard,2
18:42,0169,Horace,Cobbold,Rushcombe,Bramble,32
18:42,0312,Rosa,Swales,Owlhallow,Church,9
18:42,0329,Fabian,Yelland,Fernley,Church,21
18:42,0378,Dora,Padley,Owlhallow,Church,31
18:42,0664,Freda,Ashby,Thornby Cross,Bramble,4
18:42,0698,Blanche,Lumsden,Morrowmere,Church,11
18:42,0828,Cedric,Yelland,Fernley,Orchard,25
18:42,0835,Jonah,Ellwood,Dunwold,Mill,17
18:42,0878,Leonard,Clegg,Thornby Cross,Mill,22
18:42,1343,Vera,Maddox,Morrowmere,Bramble,19
18:42,1437,Josie,Twigg,Pennyholt,Church,35
18:42,1528,Celia,Ainsworth,Morrowmere,Bramble,29
18:42,1586,Cyril,Onslow,Nettlebarrow,Bramble,25
18:42,1948,Lavinia,Slade,Ashcott Heath,Orchard,34
18:42,2076,Abel,Hackett,Nettlebarrow,Orchard,31
18:42,2128,Selma,Eastham,Owlhallow,Orchard,27
18:42,2194,Ada,Blythe,Rushcombe,Mill,5
18:42,2237,Ezra,Mellish,Fernley,Orchard,9
18:42,2287,Martha,Ambler,Wexley,Church,32
18:42,3049,Eden,Ashdown,Owlhallow,Bramble,19
18:42,3973,Noel,Witton,Morrowmere,Bramble,18
18:42,4106,Lucian,Eskdale,Dunwold,Church,34
18:42,4163,Alba,Digby,Larkspur Green,Mill,21
18:42,4332,Dahlia,Ockley,Morrowmere,Orchard,25
18:42,4489,Elsie,Monk,Ashcott Heath,Bramble,29
18:42,4886,Celia,Chalk,Birchfold,Church,19
18:42,4889,Clement,Anstey,Morrowmere,Bramble,18
18:42,5046,Beatrix,Slade,Brackenhythe,Church,8
18:42,5249,Walter,Tasker,Morrowmere,Bramble,9
18:42,5580,Jonah,Meakin,Morrowmere,Bramble,26
18:42,5652,Josie,Orme,Wexley,Mill,33
18:43,0070,Enoch,Dabney,Morrowmere,Orchard,33
18:43,0193,Isla,Arkwright,Owlhallow,Mill,14
18:43,0362,Edmund,Noakes,Yarrowby,Church,36
18:43,0841,Enoch,Thwaite,Morrowmere,Church,10
18:43,0959,Jonah,Arkell,Fernley,Orchard,18
18:43,1051,Constance,Hobday,Yarrowby,Church,25
18:43,1555,Cora,Twigg,Owlhallow,Mill,17
18:43,1694,Orson,Ellwood,Nettlebarrow,Church,26
18:43,1927,Elva,Tyson,Morrowmere,Bramble,6
18:43,2002,Orson,Elgood,Morrowmere,Bramble,29
18:43,2038,Fabian,Bunting,Ashcott Heath,Church,19
18:43,2060,Myrtle,Kitson,Pennyholt,Orchard,31
18:43,2208,Horace,Yates,Owlhallow,Church,19
18:43,2416,Ansel,Pickles,Rushcombe,Church,16
18:43,2432,Martha,Hamblin,Morrowmere,Orchard,16
18:43,2483,Celia,Lowe,Birchfold,Church,20
18:43,2606,Edgar,Nuttall,Rushcombe,Bramble,22
18:43,2649,Noel,Ainsworth,Owlhallow,Bramble,36
18:43,2709,Thea,Abbott,Wexley,Bramble,34
18:43,2914,Iris,Hackett,Kittlewick,Orchard,23
18:43,3119,Linus,Padley,Morrowmere,Orchard,30
18:43,3160,Harriet,Kitson,Ashcott Heath,Church,22
18:43,3207,Inez,Tyson,Morrowmere,Bramble,24
18:43,3249,Martha,Pocock,Birchfold,Mill,16
18:43,3353,Constance,Jessop,Morrowmere,Church,15
18:43,3513,Augusta,Pellow,Fernley,Orchard,14
18:43,3640,Willa,Oxenford,Yarrowby,Bramble,28
18:43,3695,Annie,Pennick,Wexley,Bramble,24
18:43,4247,Ebba,Burnell,Wexley,Bramble,19
18:43,4259,Jasper,Webley,Nettlebarrow,Mill,9
18:43,4390,Enid,Usworth,Brackenhythe,Church,6
18:43,4407,Etta,Rook,Yarrowby,Church,32
18:43,4791,Basil,Underwood,Dunwold,Mill,5
18:43,4932,Iris,Gosling,Morrowmere,Orchard,3
18:43,5021,Edmund,Larkin,Nettlebarrow,Mill,19
18:43,5061,Milo,Aske,Ashcott Heath,Mill,23
18:43,5191,Pearl,Anstey,Owlhallow,Orchard,7
18:43,5293,Dorian,Ackroyd,Owlhallow,Bramble,24
18:43,5315,Annie,Ibbott,Morrowmere,Orchard,17
18:43,5381,Nora,Nuttall,Morrowmere,Orchard,28
18:43,5513,Harriet,Raikes,Nettlebarrow,Mill,34
18:43,5809,Nina,Oxenford,Larkspur Green,Mill,12
18:43,5824,Kit,Godwin,Larkspur Green,Bramble,13
18:43,5981,Oona,Isherwood,Rushcombe,Mill,6
18:44,0740,Elva,Ibbott,Yarrowby,Mill,13
18:44,0745,Linus,Dunstan,Ashcott Heath,Church,2
18:44,0749,Sadie,Slade,Larkspur Green,Bramble,19
18:44,1059,Abel,Upton,Hatherby,Orchard,19
18:44,1137,Morris,Hawley,Owlhallow,Church,29
18:44,1332,Wilbur,Napier,Owlhallow,Bramble,16
18:44,1356,Ansel,Ockley,Dunwold,Orchard,33
18:44,2315,Etta,Bainbridge,Yarrowby,Orchard,29
18:44,2757,Blanche,Thwaite,Kittlewick,Orchard,1
18:44,2816,Jude,Tolley,Morrowmere,Bramble,34
18:44,2852,Pip,Phelps,Pennyholt,Orchard,16
18:44,2944,Grace,Lumsden,Nettlebarrow,Mill,12
18:44,3226,Clement,Isherwood,Ashcott Heath,Mill,29
18:44,3359,Elsie,Edgworth,Fernley,Church,25
18:44,3381,Fabian,Openshaw,Morrowmere,Orchard,25
18:44,3389,Abel,Wilmot,Morrowmere,Orchard,29
18:44,3452,Hannah,Ockley,Wexley,Bramble,6
18:44,3455,Celia,Vance,Morrowmere,Church,13
18:44,3638,Kit,Hamblin,Morrowmere,Orchard,28
18:44,3736,Milo,Hackett,Morrowmere,Church,18
18:44,3967,Jude,Ashby,Ashcott Heath,Church,35
18:44,3979,Ezra,Vance,Morrowmere,Mill,19
18:44,4413,Flora,Lamb,Owlhallow,Mill,13
18:44,4741,Mabel,Hamblin,Owlhallow,Mill,15
18:44,4880,Uma,Swales,Ashcott Heath,Orchard,25
18:44,4939,Viola,Oddie,Morrowmere,Church,34
18:44,5005,Arthur,Ambler,Larkspur Green,Mill,11
18:44,5008,Grace,Venables,Hatherby,Bramble,32
18:44,5165,Celia,Wakely,Owlhallow,Mill,28
18:44,5407,Uma,Pocock,Birchfold,Bramble,10
18:44,5709,Delia,Rudd,Yarrowby,Mill,18
18:45,0011,Cyril,Hackett,Fernley,Church,33
18:45,0217,Hector,Thwaite,Nettlebarrow,Orchard,2
18:45,0694,Ada,Clegg,Owlhallow,Bramble,19
18:45,1182,Nina,Elphick,Birchfold,Bramble,3
18:45,1322,Thea,Overton,Rushcombe,Bramble,22
18:45,1398,Ansel,Haldane,Morrowmere,Church,27
18:45,1677,Orson,Beck,Dunwold,Church,36
18:45,1712,Sadie,Onslow,Thornby Cross,Bramble,28
18:45,1757,Edmund,Blythe,Owlhallow,Orchard,10
18:45,1783,Maud,Bunting,Morrowmere,Mill,26
18:45,1798,Walter,Witton,Ashcott Heath,Church,19
18:45,1931,Uma,Ainsworth,Owlhallow,Bramble,9
18:45,2207,Cora,Ashwell,Morrowmere,Church,32
18:45,2469,Fabian,Hobday,Thornby Cross,Bramble,20
18:45,2532,Constance,Lowe,Morrowmere,Bramble,22
18:45,2602,Nina,Burnell,Thornby Cross,Orchard,36
18:45,2699,Constance,Enright,Larkspur Green,Church,1
18:45,2782,Kit,Applegarth,Morrowmere,Church,27
18:45,2837,Orson,Blythe,Morrowmere,Bramble,5
18:45,2857,Ivo,Elgood,Thornby Cross,Bramble,11
18:45,2938,Ebba,Ibbott,Ashcott Heath,Bramble,16
18:45,2982,Percy,Eckford,Birchfold,Bramble,1
18:45,3130,Basil,Mellish,Morrowmere,Orchard,9
18:45,3385,Helena,Noakes,Dunwold,Church,24
18:45,4036,Elsie,Usworth,Dunwold,Church,18
18:45,4051,Linus,Lumsden,Wexley,Bramble,3
18:45,4055,Rosa,Mellish,Thornby Cross,Mill,8
18:45,4405,Enoch,Redfern,Rushcombe,Orchard,7
18:45,4455,Edmund,Ashendon,Birchfold,Orchard,18
18:45,4552,Wilbur,Otway,Brackenhythe,Mill,25
18:45,4644,Hector,Larkin,Larkspur Green,Orchard,24
18:45,4774,Enoch,Underwood,Kittlewick,Bramble,11
18:45,4809,Annabel,Coates,Fernley,Orchard,28
18:45,4818,Wilbur,Dabney,Birchfold,Church,16
18:45,4858,Grace,Ockley,Hatherby,Bramble,19
18:45,4861,Mercy,Ashby,Pennyholt,Mill,4
18:45,4935,Magnus,Ewart,Wexley,Church,10
18:45,4955,Edmund,Edwards,Morrowmere,Orchard,22
18:45,5057,Nina,Skelton,Morrowmere,Bramble,25
18:45,5127,Bernard,Eastham,Morrowmere,Orchard,22
18:45,5185,Edgar,Ambler,Ashcott Heath,Bramble,17
18:45,5342,Alba,Bainbridge,Ashcott Heath,Orchard,26
18:45,5496,Eleanor,Vance,Nettlebarrow,Mill,18
18:45,5867,Ida,Bunting,Pennyholt,Bramble,17
18:45,5956,Emma,Eastham,Morrowmere,Orchard,20
18:46,0108,Ivy,Venables,Hatherby,Church,14
18:46,0615,Lydia,Gale,Morrowmere,Mill,18
18:46,0798,Maud,Upton,Kittlewick,Church,18
18:46,1195,Walter,Yates,Morrowmere,Mill,33
18:46,1591,Basil,Eskdale,Pennyholt,Church,9
18:46,1661,Greta,Shilton,Hatherby,Orchard,20
18:46,1842,Pip,Overton,Thornby Cross,Orchard,28
18:46,2054,Philippa,Tolley,Kittlewick,Bramble,22
18:46,2253,Rosa,Oddie,Dunwold,Church,14
18:46,2310,Flora,Bainbridge,Nettlebarrow,Mill,34
18:46,2344,Uma,Ashdown,Dunwold,Mill,19
18:46,2408,Lavinia,Pennick,Wexley,Church,8
18:46,2482,Orson,Tolley,Morrowmere,Bramble,19
18:46,2666,Anna,Atherton,Nettlebarrow,Church,5
18:46,2781,Morris,Enright,Dunwold,Orchard,28
18:46,3016,Noel,Hamblin,Morrowmere,Church,26
18:46,3228,Orson,Burnell,Wexley,Church,30
18:46,3380,Emma,Oakley,Morrowmere,Orchard,28
18:46,3661,Delia,Larkin,Thornby Cross,Church,24
18:46,3704,Josie,Ashdown,Hatherby,Orchard,4
18:46,3990,Augusta,Oldfield,Dunwold,Bramble,25
18:46,4131,Pearl,Bowden,Morrowmere,Church,25
18:46,4318,Viola,Overton,Wexley,Bramble,26
18:46,4570,Rosa,Nettles,Morrowmere,Bramble,16
18:46,4695,Iris,Hamblin,Morrowmere,Orchard,13
18:46,5042,Dorian,Dunstan,Dunwold,Orchard,22
18:46,5439,Mercy,Nettles,Thornby Cross,Orchard,20
18:46,5451,Jonah,Ashwell,Nettlebarrow,Bramble,26
18:46,5688,Mercy,Sallis,Wexley,Church,23
18:46,5868,Ezra,Nuttall,Owlhallow,Church,13
18:47,0010,Harriet,Welch,Kittlewick,Bramble,35
18:47,0616,Morris,Barlow,Owlhallow,Bramble,26
18:47,0679,Lydia,Coates,Nettlebarrow,Mill,27
18:47,0703,Hector,Phelps,Brackenhythe,Church,17
18:47,1108,Augusta,Pickles,Wexley,Church,27
18:47,1123,Bella,Tolley,Fernley,Mill,3
18:47,1156,Olive,Godwin,Larkspur Green,Mill,12
18:47,1223,Noel,Pickles,Morrowmere,Orchard,28
18:47,1357,Enid,Satchell,Kittlewick,Bramble,20
18:47,1716,Ezra,Oddie,Hatherby,Bramble,18
18:47,1917,Martha,Atherton,Larkspur Green,Orchard,26
18:47,1935,Etta,Nettles,Owlhallow,Mill,5
18:47,2116,Blanche,Rook,Morrowmere,Orchard,25
18:47,2148,Isla,Haldane,Morrowmere,Mill,9
18:47,2176,Arlo,Arkwright,Larkspur Green,Bramble,18
18:47,2491,Noel,Overton,Yarrowby,Church,33
18:47,2576,Ada,Oldroyd,Thornby Cross,Church,6
18:47,2672,Sadie,Elgood,Wexley,Church,30
18:47,2783,Olive,Bainbridge,Larkspur Green,Orchard,32
18:47,2955,Gwen,Ashendon,Nettlebarrow,Orchard,5
18:47,2959,Cedric,Yates,Morrowmere,Orchard,2
18:47,2984,Annabel,Abbott,Morrowmere,Orchard,24
18:47,3223,Uma,Venables,Thornby Cross,Bramble,3
18:47,3290,Arthur,Wakely,Kittlewick,Orchard,27
18:47,3961,Philippa,Ashdown,Brackenhythe,Church,4
18:47,4029,Olga,Clegg,Rushcombe,Bramble,6
18:47,4224,Milo,Edgworth,Birchfold,Bramble,21
18:47,4297,Freda,Ackroyd,Morrowmere,Orchard,4
18:47,4586,Enid,Lowe,Brackenhythe,Church,25
18:47,4851,Oscar,Slade,Birchfold,Church,17
18:47,5067,Alba,Elphick,Morrowmere,Orchard,25
18:47,5088,Walter,Otway,Morrowmere,Church,32
18:47,5167,Olive,Twigg,Ashcott Heath,Mill,18
18:47,5470,Dora,Edgworth,Dunwold,Church,16
18:47,5555,Lavinia,Wakely,Morrowmere,Mill,11
18:47,5771,Otto,Chilton,Kittlewick,Church,12
18:47,5866,Greta,Lamb,Morrowmere,Bramble,4
18:47,5930,Eleanor,Burnell,Owlhallow,Orchard,33
18:48,0201,Josie,Dunstan,Nettlebarrow,Mill,27
18:48,0427,Enid,Arkwright,Owlhallow,Bramble,24
18:48,0545,Arlo,Thwaite,Kittlewick,Church,2
18:48,0629,Flora,Dabney,Owlhallow,Bramble,29
18:48,0904,Blanche,Gilbey,Rushcombe,Mill,32
18:48,1568,Una,Eastham,Morrowmere,Bramble,7
18:48,1649,Edgar,Chilton,Thornby Cross,Bramble,10
18:48,1715,Mabel,Applegarth,Birchfold,Mill,28
18:48,1839,Annabel,Monk,Wexley,Bramble,11
18:48,1886,Grace,Upton,Thornby Cross,Bramble,2
18:48,1969,Ivo,Venables,Wexley,Church,2
18:48,2022,Eden,Redfern,Wexley,Bramble,32
18:48,2258,Enoch,Hobday,Fernley,Bramble,2
18:48,2498,Lavinia,Elphick,Larkspur Green,Orchard,21
18:48,3187,Viola,Yelland,Hatherby,Bramble,33
18:48,3274,Enoch,Ackroyd,Kittlewick,Orchard,31
18:48,3555,Osric,Hamblin,Morrowmere,Orchard,12
18:48,3561,Constance,Elphick,Ashcott Heath,Church,25
18:48,3678,Linus,Rook,Brackenhythe,Church,2
18:48,3726,Ella,Applegarth,Ashcott Heath,Orchard,5
18:48,4147,Edmund,Burnell,Brackenhythe,Bramble,21
18:48,4583,Grace,Fairley,Dunwold,Bramble,30
18:48,4633,Blanche,Bunting,Brackenhythe,Bramble,17
18:48,4640,Annie,Orme,Ashcott Heath,Mill,20
18:48,4938,Ivo,Fenwick,Fernley,Bramble,17
18:48,5130,Greta,Napier,Morrowmere,Bramble,12
18:48,5160,Mercy,Haldane,Owlhallow,Bramble,3
18:48,5457,Jude,Oakley,Fernley,Orchard,11
18:48,5477,Greta,Nettles,Hatherby,Church,27
18:48,5671,Beatrix,Upton,Larkspur Green,Church,19
18:48,5684,Maud,Satchell,Birchfold,Church,5
18:48,5745,Nina,Anstey,Morrowmere,Church,21
18:49,0056,Orla,Larkin,Wexley,Church,24
18:49,0112,Bertha,Quayle,Yarrowby,Mill,17
18:49,0167,Nell,Edwards,Kittlewick,Orchard,27
18:49,0168,Walter,Blythe,Morrowmere,Orchard,14
18:49,0177,Mabel,Beck,Birchfold,Bramble,7
18:49,0276,Miriam,Barlow,Fernley,Orchard,33
18:49,0532,Horace,Hamblin,Owlhallow,Bramble,12
18:49,0627,Mabel,Rook,Ashcott Heath,Bramble,1
18:49,0634,Lavinia,Shilton,Yarrowby,Mill,24
18:49,0948,Una,Shilton,Morrowmere,Orchard,27
18:49,0976,Ulla,Dabney,Thornby Cross,Orchard,21
18:49,0990,Wilbur,Mellish,Morrowmere,Orchard,22
18:49,1278,Iris,Ackroyd,Morrowmere,Bramble,18
18:49,1361,Enoch,Lumsden,Nettlebarrow,Mill,14
18:49,1461,Leonard,Kitson,Hatherby,Church,18
18:49,1820,Vera,Pickles,Morrowmere,Church,30
18:49,2056,Horace,Aske,Morrowmere,Orchard,32
18:49,2409,Horace,Eskdale,Birchfold,Mill,33
18:49,2567,Elsie,Heskett,Ashcott Heath,Orchard,7
18:49,2640,Enid,Inchley,Morrowmere,Mill,30
18:49,2658,Cyril,Bunting,Birchfold,Church,34
18:49,2891,Lottie,Chilton,Hatherby,Bramble,9
18:49,2946,Abel,Ilsley,Brackenhythe,Orchard,1
18:49,3008,Eleanor,Winslow,Ashcott Heath,Mill,21
18:49,3020,Leonard,Gale,Ashcott Heath,Bramble,25
18:49,3054,Philippa,Ormerod,Dunwold,Bramble,25
18:49,3131,Ivy,Judd,Pennyholt,Mill,20
18:49,3161,Olive,Oakley,Morrowmere,Mill,6
18:49,3401,Noel,Shilton,Morrowmere,Bramble,1
18:49,3539,Myrtle,Pocock,Morrowmere,Mill,19
18:49,3676,Arlo,Quayle,Dunwold,Mill,18
18:49,4230,Iris,Cobbold,Rushcombe,Bramble,36
18:49,4353,Edmund,Ockley,Morrowmere,Orchard,6
18:49,4470,Jasper,Judd,Hatherby,Church,8
18:49,4544,Celia,Skelton,Morrowmere,Mill,35
18:49,4585,Jonah,Padley,Ashcott Heath,Orchard,24
18:49,4594,Dorian,Plumb,Birchfold,Orchard,35
18:49,4698,Percy,Ockley,Owlhallow,Church,17
18:49,4709,Bertha,Fairley,Yarrowby,Church,27
18:49,4808,Osric,Sutton,Pennyholt,Bramble,27
18:49,4827,Etta,Vance,Pennyholt,Church,29
18:49,4863,Rhoda,Meakin,Dunwold,Church,28
18:49,4878,Marian,Finlow,Hatherby,Mill,27
18:49,4950,Ruth,Barlow,Birchfold,Bramble,29
18:49,5050,Ansel,Elphick,Nettlebarrow,Orchard,36
18:49,5109,Elva,Gale,Nettlebarrow,Mill,6
18:49,5324,Magnus,Lamb,Ashcott Heath,Orchard,5
18:49,5335,Annie,Pocock,Morrowmere,Orchard,36
18:49,5351,Percy,Inchley,Rushcombe,Orchard,1
18:49,5605,Lavinia,Anstey,Hatherby,Orchard,23
18:49,5729,Walter,Arkell,Morrowmere,Orchard,30
18:49,5944,Lottie,Abbott,Birchfold,Mill,28
18:49,5953,Amos,Venables,Dunwold,Orchard,19
18:50,0083,Olive,Phelps,Birchfold,Church,13
18:50,0153,Blanche,Applegarth,Morrowmere,Bramble,28
18:50,0273,Myrtle,Chilton,Hatherby,Mill,3
18:50,0304,Flora,Lumsden,Morrowmere,Orchard,12
18:50,0517,Miriam,Lumsden,Rushcombe,Church,24
18:50,0653,Basil,Bainbridge,Larkspur Green,Church,1
18:50,0696,Lucian,Ashwell,Birchfold,Bramble,36
18:50,0939,Bernard,Otway,Yarrowby,Orchard,21
18:50,1119,Grace,Hackett,Morrowmere,Church,33
18:50,1402,Marian,Elgood,Brackenhythe,Mill,32
18:50,1514,Quentin,Oxenford,Birchfold,Church,8
18:50,1575,Flora,Isherwood,Rushcombe,Orchard,24
18:50,1679,Maud,Venables,Fernley,Bramble,25
18:50,1804,Eleanor,Lamb,Yarrowby,Bramble,4
18:50,2014,Blanche,Dunstan,Ashcott Heath,Church,22
18:50,2103,Willa,Napier,Brackenhythe,Orchard,22
18:50,2149,Maisie,Allsop,Ashcott Heath,Church,16
18:50,2500,Noel,Burnell,Owlhallow,Orchard,1
18:50,2514,Milo,Eastham,Thornby Cross,Bramble,1
18:50,2626,Clara,Heskett,Wexley,Orchard,23
18:50,2713,Mabel,Quayle,Morrowmere,Bramble,2
18:50,2815,Milo,Maddox,Rushcombe,Mill,35
18:50,3012,Magnus,Hobday,Morrowmere,Bramble,21
18:50,3181,Jude,Fawcett,Yarrowby,Church,4
18:50,3236,Philippa,Larkin,Wexley,Orchard,6
18:50,3337,Lucian,Brock,Hatherby,Church,31
18:50,3518,Ada,Elmore,Pennyholt,Mill,24
18:50,3593,Uma,Ellwood,Morrowmere,Bramble,33
18:50,3821,Flora,Ashendon,Hatherby,Bramble,23
18:50,3826,Orson,Dawes,Morrowmere,Church,6
18:50,3857,Milo,Enright,Thornby Cross,Church,5
18:50,4406,Percy,Tolley,Ashcott Heath,Mill,5
18:50,4554,Quentin,Quayle,Thornby Cross,Church,4
18:50,4701,Horace,Burnell,Larkspur Green,Church,28
18:50,4931,Lavinia,Pellow,Morrowmere,Church,24
18:50,4958,Helena,Oxenford,Pennyholt,Bramble,30
18:50,5120,Alma,Godwin,Ashcott Heath,Bramble,19
18:50,5587,Etta,Brock,Dunwold,Mill,22
18:50,5737,Maud,Openshaw,Fernley,Orchard,1
18:50,5942,Oona,Gosling,Dunwold,Orchard,22
18:51,0234,Clara,Ormerod,Morrowmere,Orchard,18
18:51,0255,Sadie,Finlow,Yarrowby,Church,10
18:51,0358,Olga,Barlow,Ashcott Heath,Church,7
18:51,0370,Eden,Orme,Fernley,Orchard,31
18:51,0504,Edgar,Openshaw,Hatherby,Orchard,18
18:51,0661,Ida,Skelton,Wexley,Church,2
18:51,0884,Maud,Ashwell,Hatherby,Bramble,34
18:51,0889,Blanche,Redfern,Hatherby,Mill,33
18:51,0946,Miriam,Digby,Morrowmere,Orchard,31
18:51,1058,Viola,Twigg,Wexley,Bramble,21
18:51,1303,Enid,Oldroyd,Fernley,Church,24
18:51,1499,Arlo,Chilton,Rushcombe,Church,27
18:51,1602,Ada,Coates,Brackenhythe,Orchard,19
18:51,1622,Eden,Pennick,Morrowmere,Church,18
18:51,2039,Constance,Openshaw,Morrowmere,Bramble,12
18:51,2052,Harriet,Ireton,Rushcombe,Church,20
18:51,2130,Jude,Thwaite,Larkspur Green,Orchard,8
18:51,2553,Greta,Digby,Ashcott Heath,Bramble,9
18:51,2931,Augusta,Enright,Rushcombe,Mill,14
18:51,2939,Hector,Chilton,Rushcombe,Orchard,24
18:51,3064,Emma,Eskdale,Nettlebarrow,Bramble,24
18:51,3167,Annie,Fenwick,Larkspur Green,Mill,30
18:51,3198,Greta,Webley,Morrowmere,Church,11
18:51,3533,Oscar,Noakes,Nettlebarrow,Bramble,20
18:51,3765,Lavinia,Sutton,Owlhallow,Church,24
18:51,4008,Harriet,Gale,Rushcombe,Church,20
18:51,4238,Eden,Digby,Brackenhythe,Bramble,34
18:51,4284,Myrtle,Pellow,Yarrowby,Orchard,2
18:51,4377,Ruth,Twigg,Fernley,Church,12
18:51,4511,Quentin,Ewart,Larkspur Green,Orchard,24
18:51,4614,Ella,Slade,Morrowmere,Church,7
18:51,4691,Mercy,Thwaite,Hatherby,Orchard,2
18:51,5059,Celia,Sutton,Owlhallow,Mill,19
18:51,5368,Augusta,Beck,Morrowmere,Mill,17
18:51,5449,Basil,Sefton,Birchfold,Mill,27
18:51,5660,Orson,Keeling,Fernley,Church,28
18:51,5764,Clara,Fawcett,Hatherby,Church,28
18:51,5794,Oscar,Fawcett,Wexley,Bramble,11
18:51,5920,Edgar,Edwards,Birchfold,Mill,25
18:52,0918,Grace,Rudd,Rushcombe,Mill,32
18:52,0926,Sadie,Kaye,Pennyholt,Bramble,17
18:52,1013,Viola,Nettles,Rushcombe,Bramble,9
18:52,1056,Olga,Hackett,Morrowmere,Bramble,33
18:52,1101,Annie,Clegg,Brackenhythe,Church,9
18:52,1280,Noel,Monk,Kittlewick,Mill,7
18:52,1312,Wilbur,Bowden,Morrowmere,Mill,4
18:52,1320,Cyril,Ackroyd,Morrowmere,Mill,22
18:52,1358,Clara,Twigg,Morrowmere,Mill,25
18:52,1849,Dorian,Oldfield,Birchfold,Orchard,31
18:52,1874,Pip,Cobbold,Hatherby,Mill,8
18:52,2044,Cora,Meakin,Birchfold,Orchard,7
18:52,2138,Olive,Ambler,Nettlebarrow,Church,18
18:52,2365,Ezra,Tasker,Morrowmere,Church,15
18:52,2655,Eden,Bunting,Brackenhythe,Church,33
18:52,3056,Kit,Fenwick,Pennyholt,Orchard,14
18:52,3215,Bernard,Pocock,Nettlebarrow,Bramble,27
18:52,4177,Walter,Welch,Yarrowby,Bramble,31
18:52,4218,Cora,Ibbott,Rushcombe,Bramble,25
18:52,4250,Josie,Jessop,Morrowmere,Orchard,13
18:52,4277,Ansel,Eskdale,Yarrowby,Bramble,29
18:52,4287,Arlo,Coates,Pennyholt,Orchard,4
18:52,4603,Edmund,Gale,Hatherby,Mill,4
18:52,4635,Wilbur,Oakley,Birchfold,Bramble,2
18:52,4728,Percy,Hobday,Hatherby,Orchard,2
18:52,4862,Harriet,Coates,Fernley,Orchard,12
18:52,4985,Ansel,Aske,Fernley,Orchard,19
18:52,5101,Pearl,Arkell,Pennyholt,Orchard,12
18:52,5357,Nell,Witton,Fernley,Bramble,29
18:52,5878,Fabian,Otway,Nettlebarrow,Orchard,35
18:52,5935,Greta,Quayle,Yarrowby,Mill,34
18:53,0015,Dahlia,Maddox,Ashcott Heath,Church,12
18:53,0069,Edgar,Witton,Ashcott Heath,Bramble,14
18:53,0227,Milo,Rook,Ashcott Heath,Bramble,15
18:53,0359,Enoch,Ellwood,Morrowmere,Bramble,15
18:53,0383,Arthur,Godwin,Fernley,Orchard,21
18:53,0396,Constance,Monk,Brackenhythe,Mill,2
18:53,0505,Josie,Tolley,Birchfold,Bramble,1
18:53,1162,Morris,Finlow,Fernley,Orchard,35
18:53,1197,Oona,Aske,Thornby Cross,Church,26
18:53,1210,Noel,Tyson,Rushcombe,Orchard,29
18:53,1349,Thea,Oddie,Nettlebarrow,Orchard,29
18:53,1598,Edmund,Haldane,Dunwold,Orchard,21
18:53,2027,Osric,Ormerod,Morrowmere,Bramble,16
18:53,2140,Grace,Allsop,Kittlewick,Mill,26
18:53,2170,Alba,Pellow,Birchfold,Mill,2
18:53,2205,Miriam,Ramsay,Kittlewick,Mill,9
18:53,2231,Lavinia,Hawley,Hatherby,Bramble,18
18:53,2744,Maisie,Satchell,Birchfold,Bramble,7
18:53,2853,Clement,Wakely,Dunwold,Bramble,8
18:53,2920,Clara,Godwin,Dunwold,Mill,13
18:53,2981,Ruth,Kaye,Owlhallow,Bramble,16
18:53,3143,Lottie,Witton,Larkspur Green,Orchard,23
18:53,3169,Eden,Pocock,Birchfold,Church,25
18:53,3178,Viola,Ashendon,Dunwold,Church,3
18:53,3412,Ansel,Dunstan,Dunwold,Bramble,6
18:53,3658,Dorian,Openshaw,Wexley,Bramble,27
18:53,3779,Etta,Witton,Fernley,Mill,2
18:53,3796,Ebba,Larkin,Morrowmere,Mill,3
18:53,4683,Horace,Oldfield,Dunwold,Bramble,6
18:53,4717,Uma,Dunstan,Morrowmere,Orchard,34
18:53,5153,Augusta,Redfern,Morrowmere,Orchard,18
18:53,5204,Miriam,Raikes,Hatherby,Bramble,23
18:53,5222,Sadie,Hackett,Kittlewick,Orchard,35
18:53,5257,Willa,Arkell,Owlhallow,Bramble,1
18:53,5759,Ansel,Ireton,Owlhallow,Bramble,13
18:53,5975,Oscar,Chilton,Rushcombe,Bramble,26
18:54,0007,Ida,Blythe,Birchfold,Orchard,13
18:54,0068,Ivy,Haldane,Nettlebarrow,Bramble,25
18:54,0206,Lydia,Edwards,Brackenhythe,Mill,9
18:54,0580,Olga,Ellwood,Yarrowby,Orchard,19
18:54,0881,Nell,Pickles,Nettlebarrow,Bramble,34
18:54,1093,Delia,Elstob,Nettlebarrow,Bramble,25
18:54,1391,Sadie,Venables,Thornby Cross,Bramble,19
18:54,1445,Walter,Atherton,Wexley,Bramble,19
18:54,1543,Inez,Elmore,Dunwold,Orchard,3
18:54,1844,Sadie,Gale,Wexley,Bramble,27
18:54,1977,Edgar,Tolley,Dunwold,Orchard,16
18:54,2035,Morris,Oldroyd,Dunwold,Bramble,35
18:54,2190,Enid,Kitson,Morrowmere,Bramble,17
18:54,2223,Pip,Ashwell,Morrowmere,Church,21
18:54,2331,Arlo,Padley,Pennyholt,Mill,9
18:54,2526,Cora,Dabney,Thornby Cross,Mill,16
18:54,2868,Josie,Burnell,Brackenhythe,Bramble,5
18:54,3446,Martha,Chalk,Owlhallow,Church,22
18:54,3514,Una,Edgworth,Yarrowby,Church,27
18:54,3614,Edmund,Osgood,Ashcott Heath,Church,10
18:54,4043,Uma,Sefton,Larkspur Green,Bramble,30
18:54,4088,Maud,Sefton,Morrowmere,Church,22
18:54,4221,Pip,Ulverton,Larkspur Green,Bramble,7
18:54,4235,Arlo,Jessop,Brackenhythe,Bramble,21
18:54,4262,Alba,Hawley,Owlhallow,Orchard,10
18:54,4324,Kit,Rudd,Pennyholt,Church,1
18:54,4391,Rosa,Oxenford,Owlhallow,Orchard,7
18:54,4786,Milo,Osgood,Morrowmere,Mill,3
18:54,4893,Bella,Hawley,Morrowmere,Bramble,6
18:54,4960,Marian,Rook,Pennyholt,Orchard,15
18:54,5265,Uma,Ulverton,Thornby Cross,Orchard,7
18:54,5455,Oona,Pocock,Owlhallow,Mill,34
18:55,0020,Harriet,Elmore,Pennyholt,Orchard,21
18:55,0410,Nell,Skelton,Nettlebarrow,Orchard,7
18:55,0438,Nell,Newbolt,Larkspur Green,Orchard,35
18:55,0510,Ebba,Phelps,Birchfold,Orchard,14
18:55,0735,Noel,Oldfield,Thornby Cross,Church,20
18:55,1274,Ella,Lamb,Birchfold,Orchard,18
18:55,1548,Morris,Hobday,Larkspur Green,Mill,28
18:55,1629,Morris,Vance,Thornby Cross,Bramble,35
18:55,1940,Gideon,Ulverton,Morrowmere,Mill,10
18:55,2032,Dahlia,Meakin,Hatherby,Bramble,4
18:55,2436,Elsie,Pellow,Birchfold,Orchard,25
18:55,2441,Alma,Abbott,Hatherby,Church,29
18:55,2621,Beatrix,Webley,Ashcott Heath,Church,29
18:55,2710,Isla,Elphick,Wexley,Bramble,25
18:55,2779,Lottie,Fenwick,Rushcombe,Bramble,8
18:55,3101,Helena,Ambler,Yarrowby,Bramble,12
18:55,3189,Beatrix,Usworth,Fernley,Bramble,12
18:55,3379,Basil,Onslow,Birchfold,Bramble,27
18:55,3493,Pip,Elmore,Wexley,Orchard,25
18:55,3536,Eden,Blythe,Rushcombe,Bramble,8
18:55,3943,Nina,Clegg,Thornby Cross,Orchard,4
18:55,4003,Maud,Gale,Fernley,Mill,34
18:55,4392,Milo,Underwood,Owlhallow,Orchard,28
18:55,4486,Kit,Winslow,Birchfold,Bramble,33
18:55,4557,Nina,Isherwood,Birchfold,Orchard,17
18:55,4636,Myrtle,Redfern,Morrowmere,Church,33
18:55,4714,Delia,Arkell,Morrowmere,Mill,7
18:55,4805,Enoch,Eckford,Morrowmere,Mill,20
18:55,4888,Lena,Ellwood,Owlhallow,Mill,6
18:55,5374,Bella,Swales,Morrowmere,Church,6
18:55,5822,Milo,Brock,Fernley,Church,34
18:55,5860,Ivo,Uttley,Rushcombe,Bramble,32
18:56,0039,Lydia,Aske,Larkspur Green,Bramble,14
18:56,0129,Alba,Pennick,Nettlebarrow,Bramble,5
18:56,0158,Opal,Elstob,Morrowmere,Mill,23
18:56,0170,Linus,Fenwick,Owlhallow,Mill,4
18:56,0213,Dora,Sallis,Ashcott Heath,Bramble,26
18:56,0559,Kit,Isherwood,Rushcombe,Bramble,18
18:56,0852,Greta,Heskett,Owlhallow,Bramble,16
18:56,0876,Olga,Wallis,Rushcombe,Orchard,13
18:56,1366,Orla,Judd,Ashcott Heath,Bramble,5
18:56,1485,Clara,Welch,Owlhallow,Church,31
18:56,1563,Amos,Elstob,Larkspur Green,Orchard,14
18:56,1644,Edmund,Sallis,Nettlebarrow,Bramble,1
18:56,1744,Annie,Chalk,Morrowmere,Bramble,18
18:56,1958,Amos,Brock,Morrowmere,Orchard,25
18:56,1963,Miriam,Monk,Dunwold,Mill,26
18:56,2200,Josie,Arkell,Brackenhythe,Bramble,15
18:56,2340,Lena,Fenwick,Brackenhythe,Mill,26
18:56,2370,Linus,Kitson,Morrowmere,Church,4
18:56,3015,Beatrix,Ebdon,Ashcott Heath,Church,36
18:56,3043,Magnus,Quayle,Hatherby,Church,11
18:56,3267,Ida,Ellwood,Rushcombe,Church,26
18:56,3268,Nora,Hobday,Nettlebarrow,Bramble,18
18:56,4013,Cedric,Elphick,Hatherby,Bramble,4
18:56,4173,Augusta,Edwards,Pennyholt,Bramble,5
18:56,4271,Otto,Stokes,Morrowmere,Bramble,23
18:56,4379,Annie,Elmore,Pennyholt,Orchard,36
18:56,4421,Blanche,Finlow,Hatherby,Church,14
18:56,4924,Osric,Ashdown,Nettlebarrow,Bramble,27
18:56,5020,Bernard,Aske,Nettlebarrow,Bramble,5
18:56,5345,Enid,Wilmot,Rushcombe,Mill,19
18:56,5613,Blanche,Monk,Birchfold,Mill,12
18:56,5669,Thea,Openshaw,Morrowmere,Orchard,15
18:56,5750,Augusta,Vance,Morrowmere,Orchard,10
18:56,5917,Horace,Isherwood,Dunwold,Mill,31
18:57,0103,Clement,Padley,Fernley,Mill,27
18:57,0175,Orson,Haldane,Thornby Cross,Mill,34
18:57,0196,Morris,Witton,Morrowmere,Mill,29
18:57,0233,Osric,Wakely,Brackenhythe,Church,9
18:57,0237,Lucian,Pickles,Morrowmere,Church,33
18:57,0762,Oscar,Meakin,Hatherby,Orchard,36
18:57,0809,Martha,Sutton,Dunwold,Bramble,5
18:57,0854,Opal,Ashworth,Ashcott Heath,Mill,10
18:57,0855,Basil,Pickles,Rushcombe,Orchard,5
18:57,1300,Cora,Ramsay,Ashcott Heath,Bramble,17
18:57,1308,Morris,Eastham,Ashcott Heath,Mill,7
18:57,1612,Oona,Hackett,Yarrowby,Church,2
18:57,1624,Ezra,Fawcett,Morrowmere,Church,6
18:57,1634,Bertha,Phelps,Yarrowby,Bramble,5
18:57,1954,Josie,Ebdon,Thornby Cross,Mill,6
18:57,2069,Martha,Enright,Larkspur Green,Orchard,2
18:57,2224,Freda,Otway,Wexley,Bramble,11
18:57,2300,Magnus,Nettles,Birchfold,Bramble,23
18:57,2460,Lavinia,Upton,Larkspur Green,Bramble,16
18:57,2475,Ebba,Winslow,Fernley,Mill,25
18:57,2966,Edgar,Digby,Morrowmere,Bramble,23
18:57,2986,Nell,Phelps,Larkspur Green,Mill,35
18:57,3244,Olive,Osgood,Morrowmere,Church,5
18:57,3261,Cyril,Bainbridge,Morrowmere,Orchard,16
18:57,3352,Horace,Openshaw,Morrowmere,Church,10
18:57,3565,Selma,Plumb,Thornby Cross,Mill,1
18:57,4101,Uma,Abbott,Morrowmere,Church,15
18:57,4364,Leonard,Sutton,Ashcott Heath,Church,20
18:57,4388,Cedric,Swales,Thornby Cross,Orchard,20
18:57,4476,Dora,Lamb,Larkspur Green,Church,24
18:57,4524,Jude,Hobday,Owlhallow,Mill,23
18:57,4621,Hannah,Satchell,Kittlewick,Orchard,35
18:57,4650,Ebba,Ashby,Morrowmere,Orchard,12
18:57,5149,Blanche,Ewart,Morrowmere,Bramble,19
18:57,5299,Lottie,Eckford,Ashcott Heath,Mill,10
18:57,5406,Ebba,Chalk,Owlhallow,Mill,22
18:57,5497,Horace,Wilmot,Owlhallow,Church,28
18:57,5514,Ada,Sallis,Birchfold,Mill,25
18:57,5571,Dora,Plumb,Dunwold,Mill,23
18:57,5654,Leonard,Venables,Morrowmere,Mill,34
18:57,5872,Morris,Allsop,Yarrowby,Bramble,27
18:58,0116,Dahlia,Webley,Thornby Cross,Church,14
18:58,0244,Martha,Ashendon,Birchfold,Mill,3
18:58,0996,Magnus,Mellish,Wexley,Church,19
18:58,1040,Blanche,Oxenford,Morrowmere,Bramble,12
18:58,1178,Alba,Napier,Birchfold,Mill,35
18:58,1554,Dora,Wilmot,Fernley,Mill,5
18:58,1803,Alma,Thwaite,Rushcombe,Church,14
18:58,2090,Rosa,Wilmot,Morrowmere,Mill,3
18:58,2159,Ansel,Ellingham,Ashcott Heath,Bramble,20
18:58,2196,Mercy,Abbott,Dunwold,Orchard,35
18:58,2368,Nina,Hamblin,Hatherby,Orchard,9
18:58,2494,Alma,Ulverton,Pennyholt,Bramble,34
18:58,2847,Elsie,Digby,Yarrowby,Orchard,33
18:58,2896,Anna,Gilbey,Morrowmere,Church,23
18:58,3177,Gwen,Edwards,Kittlewick,Orchard,22
18:58,3235,Willa,Gale,Nettlebarrow,Bramble,19
18:58,3256,Augusta,Usworth,Kittlewick,Church,27
18:58,3351,Effie,Nettles,Nettlebarrow,Orchard,28
18:58,3437,Jasper,Eskdale,Yarrowby,Orchard,23
18:58,3515,Milo,Ashdown,Birchfold,Bramble,10
18:58,3592,Harriet,Lowe,Dunwold,Mill,8
18:58,3817,Orson,Eskdale,Morrowmere,Church,10
18:58,3890,Magnus,Tyson,Wexley,Bramble,20
18:58,3968,Celia,Chilton,Morrowmere,Mill,1
18:58,4089,Grace,Shilton,Ashcott Heath,Bramble,1
18:58,4093,Delia,Digby,Pennyholt,Orchard,7
18:58,4242,Nora,Finlow,Yarrowby,Bramble,27
18:58,4836,Helena,Twigg,Pennyholt,Mill,7
18:58,5047,Elsie,Redfern,Owlhallow,Bramble,28
18:58,5076,Otto,Pennick,Fernley,Mill,35
18:58,5203,Inez,Oxenford,Larkspur Green,Church,22
18:58,5312,Viola,Blythe,Nettlebarrow,Mill,5
18:58,5494,Oona,Keeling,Pennyholt,Bramble,32
18:58,5819,Elsie,Fenwick,Wexley,Orchard,11
18:59,0072,Jasper,Twigg,Dunwold,Bramble,36
18:59,0172,Oona,Eastham,Rushcombe,Church,10
18:59,0219,Isla,Skelton,Nettlebarrow,Orchard,32
18:59,0519,Ida,Eskdale,Fernley,Mill,2
18:59,0539,Jude,Applegarth,Morrowmere,Orchard,30
18:59,0905,Annie,Godwin,Larkspur Green,Church,25
18:59,1048,Orson,Osgood,Kittlewick,Bramble,22
18:59,1074,Bertha,Chalk,Morrowmere,Mill,6
18:59,1082,Magnus,Pennick,Kittlewick,Church,20
18:59,1373,Lena,Nettles,Ashcott Heath,Mill,27
18:59,1665,Ada,Witton,Morrowmere,Mill,15
18:59,1801,Kit,Hackett,Ashcott Heath,Bramble,18
18:59,1890,Josie,Clegg,Rushcombe,Mill,19
18:59,1947,Hannah,Slade,Ashcott Heath,Mill,24
18:59,2540,Alba,Plumb,Yarrowby,Mill,12
18:59,2545,Cora,Sefton,Morrowmere,Bramble,31
18:59,2766,Greta,Edgworth,Thornby Cross,Church,13
18:59,2907,Ezra,Hawley,Rushcombe,Bramble,36
18:59,3193,Maisie,Ashdown,Owlhallow,Church,16
18:59,3347,Annie,Meakin,Brackenhythe,Orchard,29
18:59,3664,Una,Ashworth,Yarrowby,Orchard,3
18:59,3759,Morris,Sallis,Brackenhythe,Orchard,22
18:59,4112,Linus,Ormerod,Ashcott Heath,Mill,32
18:59,4208,Eleanor,Redfern,Brackenhythe,Mill,16
18:59,4245,Beatrix,Gale,Wexley,Orchard,1
18:59,4327,Quentin,Sallis,Morrowmere,Bramble,20
18:59,4482,Jasper,Beck,Fernley,Mill,19
18:59,4589,Ezra,Raikes,Rushcombe,Bramble,24
18:59,4679,Dorian,Slade,Morrowmere,Bramble,27
18:59,4711,Willa,Newbolt,Morrowmere,Bramble,12
18:59,4770,Dora,Applegarth,Ashcott Heath,Bramble,2
18:59,4795,Eleanor,Shilton,Ashcott Heath,Bramble,12
18:59,5413,Helena,Nettles,Thornby Cross,Orchard,2
18:59,5705,Annie,Newbolt,Nettlebarrow,Church,6
18:59,5869,Greta,Dawes,Birchfold,Church,16
18:59,5918,Viola,Thwaite,Wexley,Mill,5
19:00,0082,Nell,Rook,Brackenhythe,Church,13
19:00,0138,Mercy,Upton,Hatherby,Orchard,17
19:00,0150,Philippa,Quayle,Nettlebarrow,Orchard,20
19:00,0421,Basil,Tyson,Morrowmere,Bramble,35
19:00,0676,Dorian,Overton,Kittlewick,Orchard,10
19:00,1372,Kit,Phelps,Fernley,Church,10
19:00,1908,Magnus,Ingram,Owlhallow,Mill,22
19:00,2036,Jude,Clegg,Ashcott Heath,Bramble,32
19:00,2563,Thea,Hobday,Brackenhythe,Church,33
19:00,2997,Thea,Yates,Hatherby,Bramble,14
19:00,3354,Greta,Abbott,Nettlebarrow,Church,31
19:00,3395,Olive,Overton,Dunwold,Mill,36
19:00,3529,Beatrix,Ireton,Morrowmere,Church,13
19:00,3602,Eden,Larkin,Dunwold,Mill,13
19:00,3702,Ada,Cobbold,Morrowmere,Church,33
19:00,3951,Jonah,Ingram,Nettlebarrow,Mill,20
19:00,4907,Ida,Coates,Wexley,Mill,14
19:00,5292,Jasper,Osgood,Morrowmere,Mill,27
19:00,5340,Isla,Satchell,Brackenhythe,Orchard,20
19:00,5795,Leonard,Lumsden,Thornby Cross,Bramble,16
19:01,0472,Milo,Napier,Larkspur Green,Bramble,21
19:01,0496,Olga,Oldroyd,Ashcott Heath,Orchard,24
19:01,0562,Beatrix,Blythe,Morrowmere,Mill,17
19:01,0778,Cyril,Otway,Morrowmere,Church,19
19:01,0804,Celia,Tasker,Morrowmere,Bramble,31
19:01,0956,Elva,Pickles,Larkspur Green,Mill,28
19:01,1610,Josie,Ashby,Morrowmere,Bramble,32
19:01,1988,Philippa,Hamblin,Owlhallow,Orchard,7
19:01,2017,Enid,Ebdon,Hatherby,Mill,10
19:01,2233,Maisie,Enright,Hatherby,Bramble,32
19:01,2335,Oona,Kitson,Morrowmere,Bramble,27
19:01,2385,Alba,Maddox,Dunwold,Bramble,23
19:01,2637,Amos,Sefton,Larkspur Green,Bramble,33
19:01,2651,Sadie,Gosling,Owlhallow,Church,11
19:01,2679,Percy,Hackett,Morrowmere,Bramble,19
19:01,2874,Vera,Thwaite,Brackenhythe,Bramble,1
19:01,2930,Edgar,Applegarth,Dunwold,Bramble,28
19:01,3014,Viola,Lowe,Wexley,Mill,29
19:01,3732,Lucian,Oakley,Yarrowby,Orchard,36
19:01,3771,Abel,Fenwick,Morrowmere,Mill,23
19:01,3883,Ansel,Rook,Morrowmere,Mill,33
19:01,4024,Lucian,Bowden,Morrowmere,Mill,24
19:01,4219,Ezra,Yelland,Larkspur Green,Church,2
19:01,4293,Ivo,Hawley,Morrowmere,Orchard,22
19:01,4426,Lydia,Overton,Owlhallow,Church,33
19:01,4607,Jasper,Heskett,Morrowmere,Bramble,3
19:01,4702,Osric,Plumb,Hatherby,Bramble,5
19:01,4740,Wilbur,Ingram,Larkspur Green,Church,25
19:01,5082,Linus,Oldroyd,Thornby Cross,Mill,26
19:01,5122,Thea,Hawley,Morrowmere,Bramble,34
19:01,5493,Osric,Keeling,Owlhallow,Orchard,14
19:01,5519,Magnus,Ainsworth,Brackenhythe,Mill,35
19:01,5568,Ivy,Oldfield,Morrowmere,Bramble,30
19:01,5656,Rhoda,Napier,Rushcombe,Bramble,11
19:01,5751,Effie,Pickles,Morrowmere,Orchard,12
19:01,5863,Orson,Noakes,Morrowmere,Mill,21
19:02,0243,Cyril,Ashendon,Yarrowby,Mill,29
19:02,0249,Olive,Webley,Pennyholt,Mill,17
19:02,0489,Gideon,Judd,Rushcombe,Bramble,12
19:02,0626,Mabel,Tolley,Pennyholt,Orchard,8
19:02,0908,Etta,Ebdon,Larkspur Green,Bramble,26
19:02,1166,Mercy,Usworth,Fernley,Orchard,29
19:02,1288,Greta,Godwin,Nettlebarrow,Mill,32
19:02,1291,Percy,Ilsley,Rushcombe,Bramble,36
19:02,1396,Milo,Pennick,Yarrowby,Mill,24
19:02,1403,Ulla,Plumb,Thornby Cross,Bramble,10
19:02,1483,Constance,Mellish,Dunwold,Church,23
19:02,1502,Augusta,Openshaw,Wexley,Church,36
19:02,1535,Elsie,Webley,Hatherby,Orchard,3
19:02,2050,Ulla,Nettles,Fernley,Mill,24
19:02,2212,Celia,Applegarth,Rushcombe,Mill,26
19:02,3298,Blanche,Ambler,Nettlebarrow,Bramble,25
19:02,3388,Alba,Tyson,Morrowmere,Orchard,26
19:02,3564,Annie,Ramsay,Morrowmere,Orchard,17
19:02,3735,Etta,Sutton,Rushcombe,Church,30
19:02,4060,Enid,Otway,Ashcott Heath,Mill,29
19:02,4090,Celia,Shilton,Wexley,Church,21
19:02,4205,Lottie,Chalk,Fernley,Church,32
19:02,4207,Selma,Ashworth,Morrowmere,Mill,36
19:02,4288,Kit,Skelton,Morrowmere,Church,19
19:02,4352,Ivy,Skelton,Morrowmere,Mill,36
19:02,4457,Noel,Bowden,Fernley,Church,35
19:02,4472,Iris,Anstey,Larkspur Green,Bramble,10
19:02,4562,Marian,Ebdon,Morrowmere,Bramble,25
19:02,4873,Effie,Wilmot,Larkspur Green,Church,31
19:02,5212,Linus,Haldane,Morrowmere,Bramble,21
19:02,5990,Rosa,Rook,Thornby Cross,Bramble,11
19:03,0356,Eleanor,Padley,Brackenhythe,Mill,24
19:03,0601,Gwen,Oldroyd,Hatherby,Bramble,13
19:03,0613,Ruth,Bainbridge,Ashcott Heath,Mill,35
19:03,0825,Lena,Ashendon,Wexley,Church,3
19:03,1022,Pip,Lumsden,Rushcombe,Orchard,9
19:03,1130,Abel,Ashby,Nettlebarrow,Mill,28
19:03,1145,Fabian,Bowden,Fernley,Mill,34
19:03,1212,Bernard,Oldroyd,Thornby Cross,Church,9
19:03,1590,Basil,Brock,Wexley,Bramble,30
19:03,1637,Lavinia,Skelton,Wexley,Mill,34
19:03,1672,Bella,Yates,Morrowmere,Orchard,20
19:03,1775,Edgar,Hobday,Morrowmere,Church,27
19:03,1782,Una,Fairley,Morrowmere,Bramble,16
19:03,1836,Ivy,Welch,Nettlebarrow,Bramble,27
19:03,1933,Linus,Eckford,Kittlewick,Church,8
19:03,2099,Myrtle,Monk,Morrowmere,Church,10
19:03,2305,Oona,Lamb,Nettlebarrow,Mill,25
19:03,2433,Hector,Anstey,Kittlewick,Mill,18
19:03,2487,Dorian,Ockley,Morrowmere,Bramble,13
19:03,2688,Blanche,Mellish,Larkspur Green,Orchard,4
19:03,2739,Viola,Otway,Morrowmere,Mill,34
19:03,3138,Orla,Overton,Morrowmere,Bramble,20
19:03,3237,Otto,Noakes,Morrowmere,Orchard,34
19:03,3265,Jude,Ashdown,Morrowmere,Orchard,25
19:03,3362,Flora,Nuttall,Rushcombe,Bramble,17
19:03,3637,Annie,Edgworth,Morrowmere,Bramble,19
19:03,3728,Osric,Fenwick,Wexley,Church,14
19:03,3995,Jude,Gosling,Kittlewick,Orchard,10
19:03,4237,Freda,Hawley,Larkspur Green,Mill,16
19:03,4596,Lavinia,Rudd,Wexley,Mill,17
19:03,4684,Gideon,Hamblin,Wexley,Bramble,23
19:03,4926,Lydia,Mellish,Larkspur Green,Church,23
19:03,5361,Helena,Beck,Morrowmere,Orchard,33
19:03,5418,Vera,Ingram,Owlhallow,Bramble,29
19:03,5698,Osric,Bainbridge,Morrowmere,Orchard,22
19:03,5879,Ezra,Edgworth,Morrowmere,Church,27
19:03,5988,Ulla,Swales,Larkspur Green,Orchard,19
19:04,0231,Bernard,Burnell,Fernley,Bramble,17
19:04,0274,Rosa,Lumsden,Larkspur Green,Church,9
19:04,0690,Gideon,Sallis,Rushcombe,Bramble,14
19:04,0913,Kit,Newbolt,Larkspur Green,Church,27
19:04,1133,Ida,Yelland,Ashcott Heath,Orchard,36
19:04,1246,Enoch,Fawcett,Kittlewick,Church,12
19:04,1253,Iris,Keeling,Owlhallow,Bramble,19
19:04,1478,Helena,Enright,Yarrowby,Bramble,24
19:04,1520,Hannah,Overton,Larkspur Green,Church,36
19:04,1636,Anna,Arkell,Morrowmere,Orchard,1
19:04,1961,Thea,Ainsworth,Larkspur Green,Church,21
19:04,2236,Orson,Oddie,Yarrowby,Church,31
19:04,2261,Augusta,Ellingham,Fernley,Bramble,15
19:04,2296,Augusta,Ainsworth,Fernley,Church,16
19:04,2384,Opal,Fawcett,Thornby Cross,Orchard,19
19:04,2393,Rhoda,Onslow,Yarrowby,Mill,28
19:04,2472,Lavinia,Hobday,Pennyholt,Bramble,1
19:04,2554,Noel,Redfern,Wexley,Mill,27
19:04,2888,Bertha,Welch,Morrowmere,Bramble,11
19:04,3068,Annie,Gosling,Birchfold,Orchard,5
19:04,3304,Lydia,Winslow,Dunwold,Orchard,6
19:04,3307,Eleanor,Ebdon,Kittlewick,Mill,34
19:04,3414,Hannah,Atherton,Thornby Cross,Bramble,13
19:04,3697,Lavinia,Ashwell,Yarrowby,Orchard,9
19:04,3770,Olive,Sutton,Ashcott Heath,Mill,12
19:04,3956,Cedric,Bowden,Owlhallow,Church,11
19:04,4257,Fabian,Ashby,Morrowmere,Orchard,10
19:04,4260,Edgar,Ashendon,Rushcombe,Mill,2
19:04,4460,Selma,Sallis,Morrowmere,Bramble,30
19:04,4579,Abel,Elmore,Hatherby,Orchard,19
19:04,5170,Miriam,Vance,Fernley,Orchard,10
19:04,5211,Jonah,Sallis,Yarrowby,Church,14
19:04,5238,Alba,Coates,Ashcott Heath,Mill,11
19:04,5326,Ezra,Swales,Kittlewick,Bramble,36
19:04,5686,Magnus,Maddox,Owlhallow,Mill,14
19:05,0114,Mercy,Satchell,Dunwold,Church,1
19:05,0238,Ivy,Rudd,Pennyholt,Bramble,11
19:05,0457,Uma,Ashwell,Pennyholt,Church,31
19:05,1269,Arlo,Pennick,Morrowmere,Bramble,19
19:05,1397,Arlo,Yelland,Morrowmere,Church,15
19:05,1524,Alma,Rudd,Ashcott Heath,Mill,20
19:05,1639,Edmund,Allsop,Wexley,Mill,30
19:05,1670,Martha,Ashwell,Morrowmere,Orchard,5
19:05,2047,Enoch,Wilmot,Ashcott Heath,Church,9
19:05,2095,Ebba,Atherton,Fernley,Church,7
19:05,2633,Clement,Yates,Nettlebarrow,Orchard,3
19:05,2828,Jude,Keeling,Owlhallow,Church,27
19:05,3065,Linus,Applegarth,Owlhallow,Bramble,6
19:05,3276,Wilbur,Thwaite,Owlhallow,Mill,18
19:05,3291,Viola,Edwards,Pennyholt,Orchard,20
19:05,3447,Enoch,Heskett,Yarrowby,Orchard,20
19:05,3525,Pearl,Ellwood,Yarrowby,Mill,28
19:05,3668,Fabian,Plumb,Owlhallow,Bramble,11
19:05,3693,Leonard,Allsop,Morrowmere,Mill,18
19:05,4272,Maisie,Gilbey,Hatherby,Mill,29
19:05,4354,Milo,Winslow,Morrowmere,Bramble,29
19:05,4567,Percy,Shilton,Birchfold,Church,6
19:05,4631,Vera,Clegg,Brackenhythe,Bramble,32
19:05,4829,Enoch,Chilton,Pennyholt,Church,20
19:05,4835,Annabel,Ockley,Morrowmere,Orchard,19
19:05,5032,Morris,Ulverton,Larkspur Green,Bramble,19
19:05,5129,Willa,Osgood,Thornby Cross,Mill,15
19:05,5252,Mercy,Webley,Yarrowby,Orchard,36
19:05,5480,Ulla,Gosling,Larkspur Green,Mill,35
19:05,5598,Alba,Gosling,Dunwold,Bramble,36
19:06,0246,Pearl,Ewart,Morrowmere,Bramble,32
19:06,0499,Cora,Orme,Morrowmere,Church,5
19:06,0633,Clara,Arkell,Ashcott Heath,Church,28
19:06,0739,Horace,Oakley,Thornby Cross,Mill,19
19:06,0807,Abel,Stokes,Morrowmere,Bramble,14
19:06,0928,Alma,Upton,Rushcombe,Bramble,15
19:06,1377,Orla,Isherwood,Morrowmere,Mill,35
19:06,1443,Otto,Quayle,Morrowmere,Bramble,25
19:06,1684,Dora,Tolley,Dunwold,Church,20
19:06,2028,Bernard,Edgworth,Fernley,Orchard,16
19:06,2192,Lena,Hackett,Larkspur Green,Bramble,2
19:06,2241,Flora,Eskdale,Dunwold,Orchard,30
19:06,2314,Uma,Elmore,Wexley,Mill,18
19:06,2644,Grace,Tolley,Birchfold,Church,15
19:06,3558,Osric,Ellwood,Brackenhythe,Mill,3
19:06,3619,Horace,Maddox,Morrowmere,Orchard,28
19:06,3950,Linus,Pennick,Morrowmere,Orchard,30
19:06,4072,Hannah,Bowden,Larkspur Green,Bramble,15
19:06,4159,Celia,Quayle,Ashcott Heath,Church,6
19:06,4199,Leonard,Ramsay,Morrowmere,Church,18
19:06,4432,Beatrix,Eckford,Morrowmere,Orchard,27
19:06,4471,Rhoda,Winslow,Brackenhythe,Church,4
19:06,5019,Uma,Ashworth,Morrowmere,Orchard,7
19:06,5239,Martha,Oldfield,Thornby Cross,Bramble,28
19:06,5546,Olga,Stokes,Nettlebarrow,Bramble,34
19:06,5651,Thea,Skelton,Morrowmere,Bramble,31
19:06,5921,Pearl,Padley,Rushcombe,Church,31
19:06,5986,Inez,Pocock,Dunwold,Orchard,15
19:07,0133,Eden,Aske,Fernley,Bramble,25
19:07,0318,Amos,Aske,Brackenhythe,Church,10
19:07,0403,Beatrix,Sallis,Birchfold,Bramble,9
19:07,0553,Orla,Openshaw,Owlhallow,Mill,7
19:07,0563,Edgar,Wakely,Yarrowby,Mill,35
19:07,1006,Cyril,Sefton,Pennyholt,Bramble,33
19:07,1090,Milo,Tasker,Morrowmere,Bramble,17
19:07,1286,Celia,Ewart,Rushcombe,Orchard,32
19:07,1374,Mercy,Hackett,Morrowmere,Orchard,28
19:07,2301,Magnus,Blythe,Yarrowby,Orchard,6
19:07,2623,Ivy,Barlow,Brackenhythe,Orchard,20
19:07,2693,Willa,Isherwood,Wexley,Church,17
19:07,3045,Blanche,Uttley,Fernley,Bramble,27
19:07,3372,Ulla,Newbolt,Pennyholt,Orchard,18
19:07,3375,Lena,Slade,Hatherby,Orchard,31
19:07,3597,Freda,Rudd,Nettlebarrow,Bramble,26
19:07,3975,Abel,Meakin,Thornby Cross,Mill,13
19:07,4100,Greta,Burnell,Brackenhythe,Church,21
19:07,4134,Arlo,Anstey,Morrowmere,Church,5
19:07,4194,Blanche,Dawes,Morrowmere,Mill,35
19:07,4642,Wilbur,Abbott,Hatherby,Bramble,30
19:07,4793,Enoch,Ormerod,Hatherby,Mill,26
19:07,4819,Dahlia,Fawcett,Wexley,Mill,33
19:07,4971,Olga,Webley,Morrowmere,Mill,16
19:07,4983,Ruth,Wakely,Wexley,Mill,19
19:07,5169,Fabian,Oldfield,Ashcott Heath,Orchard,9
19:07,5749,Ezra,Ockley,Rushcombe,Orchard,23
19:07,5923,Clara,Ireton,Ashcott Heath,Church,13
19:08,0046,Sadie,Oldfield,Morrowmere,Bramble,4
19:08,0426,Grace,Swales,Morrowmere,Bramble,33
19:08,0456,Gwen,Ewart,Larkspur Green,Mill,23
19:08,0568,Ada,Ackroyd,Birchfold,Orchard,6
19:08,1033,Jasper,Wakely,Brackenhythe,Church,35
19:08,1076,Cedric,Larkin,Fernley,Mill,32
19:08,1810,Lena,Allsop,Kittlewick,Bramble,23
19:08,2086,Etta,Chalk,Fernley,Bramble,22
19:08,2109,Ezra,Tyson,Hatherby,Bramble,2
19:08,2112,Willa,Ellingham,Morrowmere,Orchard,17
19:08,2459,Maisie,Elstob,Pennyholt,Mill,15
19:08,2746,Fabian,Ellingham,Thornby Cross,Orchard,23
19:08,3329,Helena,Sutton,Morrowmere,Orchard,20
19:08,3520,Nina,Haldane,Brackenhythe,Church,10
19:08,3549,Arthur,Bowden,Rushcombe,Orchard,2
19:08,3578,Lottie,Underwood,Larkspur Green,Orchard,9
19:08,3733,Constance,Ainsworth,Morrowmere,Bramble,24
19:08,4057,Lena,Onslow,Ashcott Heath,Bramble,27
19:08,4500,Elva,Ireton,Wexley,Mill,36
19:08,4646,Josie,Ramsay,Fernley,Orchard,18
19:08,4703,Arlo,Onslow,Dunwold,Mill,13
19:08,4854,Emma,Wilmot,Morrowmere,Mill,22
19:08,4892,Cedric,Webley,Kittlewick,Church,8
19:08,4937,Elva,Oddie,Morrowmere,Church,11
19:08,4977,Eleanor,Elmore,Wexley,Orchard,19
19:08,5133,Nell,Kitson,Wexley,Bramble,5
19:08,5201,Martha,Ramsay,Morrowmere,Church,15
19:08,5394,Jonah,Witton,Fernley,Bramble,29
19:08,5445,Kit,Twigg,Brackenhythe,Church,34
19:08,5478,Ruth,Hackett,Morrowmere,Church,8
19:08,5517,Constance,Rook,Larkspur Green,Bramble,30
19:08,5647,Myrtle,Ambler,Hatherby,Bramble,8
19:08,5730,Dahlia,Ashendon,Pennyholt,Orchard,32
19:08,5820,Pearl,Oldfield,Thornby Cross,Mill,17
19:08,5852,Jonah,Ashby,Kittlewick,Orchard,13
19:08,5925,Percy,Ormerod,Larkspur Green,Bramble,36
19:09,0048,Pearl,Mellish,Yarrowby,Mill,5
19:09,0091,Nora,Ulverton,Thornby Cross,Church,31
19:09,0259,Edgar,Oakley,Owlhallow,Church,14
19:09,0459,Elva,Chalk,Pennyholt,Mill,13
19:09,0589,Mabel,Heskett,Larkspur Green,Bramble,5
19:09,0610,Ivy,Stokes,Ashcott Heath,Orchard,5
19:09,0652,Mercy,Elstob,Morrowmere,Bramble,13
19:09,0665,Linus,Noakes,Wexley,Bramble,29
19:09,0759,Maud,Winslow,Hatherby,Mill,13
19:09,1099,Orson,Anstey,Morrowmere,Orchard,17
19:09,1105,Ulla,Twigg,Morrowmere,Bramble,29
19:09,1328,Uma,Eastham,Rushcombe,Church,1
19:09,1330,Iris,Venables,Larkspur Green,Orchard,19
19:09,1379,Dora,Kaye,Yarrowby,Mill,20
19:09,1594,Rosa,Plumb,Thornby Cross,Orchard,9
19:09,1651,Augusta,Mellish,Dunwold,Church,29
19:09,2025,Percy,Overton,Rushcombe,Church,33
19:09,2256,Opal,Haldane,Birchfold,Church,28
19:09,2339,Nell,Isherwood,Pennyholt,Bramble,24
19:09,2497,Otto,Ackroyd,Owlhallow,Bramble,34
19:09,2645,Celia,Elphick,Nettlebarrow,Bramble,31
19:09,2662,Hannah,Elmore,Morrowmere,Mill,35
19:09,2692,Ezra,Onslow,Wexley,Church,26
19:09,2835,Constance,Coates,Kittlewick,Orchard,12
19:09,2994,Rhoda,Witton,Hatherby,Orchard,35
19:09,3284,Magnus,Monk,Morrowmere,Orchard,2
19:09,3295,Basil,Ashdown,Birchfold,Orchard,8
19:09,3396,Una,Gosling,Morrowmere,Mill,10
19:09,3470,Ezra,Hamblin,Morrowmere,Bramble,32
19:09,4143,Emma,Heskett,Hatherby,Church,12
19:09,4149,Morris,Yelland,Birchfold,Church,29
19:09,4549,Walter,Judd,Morrowmere,Bramble,4
19:09,4821,Iris,Noakes,Wexley,Mill,35
19:09,4979,Abel,Underwood,Nettlebarrow,Bramble,17
19:09,5198,Constance,Nuttall,Larkspur Green,Church,23
19:09,5229,Horace,Upton,Morrowmere,Church,19
19:09,5253,Osric,Ilsley,Morrowmere,Mill,25
19:09,5319,Freda,Fairley,Birchfold,Bramble,22
19:09,5346,Anna,Fairley,Yarrowby,Orchard,16
19:09,5395,Philippa,Judd,Rushcombe,Bramble,24
19:09,5434,Etta,Newbolt,Morrowmere,Mill,21
19:09,5446,Lucian,Otway,Hatherby,Orchard,20
19:09,5511,Philippa,Phelps,Pennyholt,Bramble,36
19:09,5634,Ruth,Underwood,Morrowmere,Bramble,34
19:09,5658,Oona,Lumsden,Wexley,Church,26
19:09,5725,Cora,Plumb,Pennyholt,Orchard,3
19:09,5897,Edmund,Cobbold,Morrowmere,Mill,22
19:10,0393,Beatrix,Tyson,Wexley,Bramble,18
19:10,0400,Pearl,Ebdon,Pennyholt,Bramble,11
19:10,0688,Fabian,Noakes,Yarrowby,Mill,25
19:10,0708,Bertha,Lumsden,Larkspur Green,Bramble,9
19:10,0711,Anna,Usworth,Brackenhythe,Mill,8
19:10,0726,Ulla,Onslow,Ashcott Heath,Bramble,18
19:10,0850,Marian,Newbolt,Morrowmere,Orchard,4
19:10,0923,Mercy,Oldroyd,Fernley,Church,16
19:10,1537,Oscar,Burnell,Morrowmere,Bramble,17
19:10,1785,Milo,Ashby,Morrowmere,Mill,10
19:10,2213,Kit,Wakely,Yarrowby,Bramble,33
19:10,2216,Ada,Padley,Hatherby,Mill,19
19:10,2277,Bella,Dabney,Owlhallow,Bramble,17
19:10,3186,Ansel,Stokes,Wexley,Orchard,16
19:10,3190,Alma,Vance,Morrowmere,Mill,20
19:10,3677,Dahlia,Ambler,Kittlewick,Bramble,8
19:10,3711,Ivo,Ashworth,Dunwold,Bramble,21
19:10,3787,Thea,Quayle,Yarrowby,Church,10
19:10,3948,Hector,Isherwood,Hatherby,Mill,13
19:10,3971,Wilbur,Usworth,Birchfold,Mill,6
19:10,3986,Enoch,Hackett,Hatherby,Mill,35
19:10,4289,Leonard,Elmore,Hatherby,Mill,34
19:10,4483,Opal,Yates,Kittlewick,Church,24
19:10,5009,Mabel,Skelton,Hatherby,Orchard,10
19:10,5247,Pearl,Ireton,Larkspur Green,Orchard,27
19:10,5857,Alba,Quayle,Owlhallow,Orchard,25
19:11,0209,Wilbur,Ackroyd,Fernley,Mill,28
19:11,1065,Oona,Oxenford,Birchfold,Orchard,26
19:11,1464,Ivo,Jessop,Wexley,Orchard,12
19:11,1603,Dora,Bainbridge,Brackenhythe,Mill,21
19:11,1746,Ruth,Ibbott,Morrowmere,Bramble,13
19:11,1779,Mercy,Elmore,Kittlewick,Bramble,32
19:11,2031,Lottie,Arkell,Hatherby,Bramble,2
19:11,2119,Cora,Padley,Morrowmere,Bramble,20
19:11,2158,Bertha,Cobbold,Yarrowby,Mill,10
19:11,2172,Hannah,Dawes,Larkspur Green,Orchard,24
19:11,2187,Mabel,Judd,Rushcombe,Orchard,24
19:11,2309,Celia,Ramsay,Yarrowby,Church,6
19:11,2440,Effie,Fairley,Morrowmere,Church,10
19:11,2588,Ida,Oldfield,Wexley,Bramble,2
19:11,2643,Gideon,Tolley,Fernley,Mill,33
19:11,2656,Fabian,Ashworth,Hatherby,Bramble,6
19:11,2756,Percy,Newbolt,Thornby Cross,Orchard,6
19:11,3113,Wilbur,Ramsay,Owlhallow,Bramble,32
19:11,3139,Olga,Dunstan,Owlhallow,Orchard,21
19:11,3166,Ezra,Digby,Brackenhythe,Mill,24
19:11,3170,Cora,Ellingham,Wexley,Church,8
19:11,3210,Orson,Tyson,Wexley,Orchard,27
19:11,3490,Celia,Yates,Kittlewick,Church,13
19:11,3692,Una,Allsop,Morrowmere,Church,34
19:11,3878,Annie,Overton,Birchfold,Orchard,3
19:11,3929,Ebba,Osgood,Wexley,Mill,36
19:11,4130,Opal,Lowe,Birchfold,Bramble,16
19:11,4167,Blanche,Maddox,Ashcott Heath,Bramble,27
19:11,4321,Clara,Tolley,Owlhallow,Church,11
19:11,5504,Gideon,Blythe,Kittlewick,Orchard,1
19:12,0151,Josie,Pocock,Yarrowby,Mill,35
19:12,0293,Willa,Gilbey,Rushcombe,Bramble,32
19:12,0503,Nell,Wilmot,Morrowmere,Mill,23
19:12,0790,Eden,Nuttall,Rushcombe,Bramble,8
19:12,0830,Pearl,Rook,Nettlebarrow,Church,11
19:12,1030,Selma,Wallis,Morrowmere,Orchard,1
19:12,1522,Bella,Ireton,Morrowmere,Church,10
19:12,1859,Clement,Pennick,Ashcott Heath,Church,25
19:12,2053,Dora,Onslow,Dunwold,Church,18
19:12,2492,Dora,Gosling,Morrowmere,Mill,11
19:12,2740,Mercy,Dawes,Morrowmere,Bramble,6
19:12,3259,Walter,Plumb,Morrowmere,Bramble,7
19:12,3309,Nina,Dunstan,Fernley,Orchard,5
19:12,3483,Ella,Skelton,Morrowmere,Mill,29
19:12,3484,Greta,Hamblin,Fernley,Orchard,9
19:12,3509,Anna,Sefton,Morrowmere,Mill,6
19:12,3595,Ivo,Nuttall,Fernley,Bramble,31
19:12,3653,Mabel,Larkin,Brackenhythe,Mill,30
19:12,3725,Philippa,Hobday,Pennyholt,Bramble,22
19:12,3851,Sadie,Tyson,Nettlebarrow,Mill,15
19:12,3852,Iris,Ainsworth,Yarrowby,Mill,28
19:12,3989,Inez,Otway,Nettlebarrow,Orchard,2
19:12,4231,Lottie,Hamblin,Yarrowby,Mill,24
19:12,4311,Percy,Eastham,Ashcott Heath,Bramble,4
19:12,4317,Elsie,Oddie,Ashcott Heath,Orchard,4
19:12,4778,Walter,Upton,Yarrowby,Bramble,33
19:12,4940,Philippa,Tyson,Yarrowby,Mill,24
19:12,4991,Constance,Eckford,Kittlewick,Church,27
19:12,5060,Rosa,Pellow,Morrowmere,Mill,21
19:13,0171,Walter,Tyson,Owlhallow,Orchard,16
19:13,0229,Milo,Elgood,Morrowmere,Bramble,29
19:13,0277,Alma,Ilsley,Yarrowby,Church,26
19:13,0558,Linus,Beck,Birchfold,Mill,25
19:13,0565,Beatrix,Bowden,Morrowmere,Mill,30
19:13,0771,Bertha,Oakley,Brackenhythe,Mill,20
19:13,0938,Horace,Bainbridge,Fernley,Bramble,33
19:13,0954,Milo,Thwaite,Morrowmere,Mill,31
19:13,0986,Annabel,Beck,Nettlebarrow,Church,33
19:13,1035,Eden,Shilton,Ashcott Heath,Mill,15
19:13,1124,Nina,Allsop,Fernley,Mill,32
19:13,1334,Thea,Ackroyd,Kittlewick,Church,5
19:13,1616,Gideon,Ibbott,Morrowmere,Orchard,14
19:13,1640,Blanche,Abbott,Morrowmere,Church,22
19:13,2111,Pip,Venables,Yarrowby,Orchard,26
19:13,2359,Basil,Ellingham,Pennyholt,Bramble,30
19:13,2470,Greta,Coates,Owlhallow,Mill,30
19:13,2550,Augusta,Blythe,Morrowmere,Church,17
19:13,2771,Beatrix,Openshaw,Larkspur Green,Orchard,32
19:13,3021,Gwen,Phelps,Brackenhythe,Mill,4
19:13,3066,Inez,Ilsley,Thornby Cross,Orchard,11
19:13,3250,Lavinia,Raikes,Morrowmere,Mill,7
19:13,3328,Ezra,Ashendon,Wexley,Mill,32
19:13,3369,Arthur,Satchell,Morrowmere,Bramble,35
19:13,3473,Dora,Digby,Dunwold,Bramble,17
19:13,3504,Josie,Ockley,Morrowmere,Bramble,28
19:13,3567,Abel,Noakes,Pennyholt,Orchard,17
19:13,4016,Delia,Sefton,Ashcott Heath,Mill,6
19:13,4030,Dora,Ramsay,Birchfold,Mill,14
19:13,4099,Fabian,Judd,Yarrowby,Orchard,18
19:13,4249,Miriam,Elstob,Nettlebarrow,Mill,35
19:13,4319,Dora,Ashby,Wexley,Mill,19
19:13,4430,Harriet,Allsop,Morrowmere,Church,6
19:13,4521,Enoch,Clegg,Owlhallow,Church,35
19:13,4529,Nell,Raikes,Morrowmere,Orchard,2
19:13,4624,Cora,Oldroyd,Nettlebarrow,Orchard,27
19:13,4799,Jonah,Webley,Nettlebarrow,Bramble,25
19:13,4811,Iris,Plumb,Dunwold,Church,30
19:13,5325,Cedric,Oldfield,Morrowmere,Orchard,4
19:13,5740,Uma,Maddox,Morrowmere,Orchard,29
19:13,5812,Otto,Ilsley,Thornby Cross,Mill,23
19:13,5861,Bella,Gale,Birchfold,Mill,5
19:13,5909,Delia,Padley,Kittlewick,Church,34
19:13,5987,Percy,Edgworth,Yarrowby,Bramble,33
19:14,0040,Ella,Oldfield,Morrowmere,Bramble,12
19:14,0140,Orla,Dunstan,Pennyholt,Orchard,28
19:14,0155,Annabel,Oxenford,Thornby Cross,Bramble,15
19:14,0208,Osric,Allsop,Morrowmere,Church,15
19:14,0266,Eleanor,Wakely,Nettlebarrow,Mill,28
19:14,0525,Una,Digby,Ashcott Heath,Mill,12
19:14,0609,Ivo,Redfern,Yarrowby,Orchard,11
19:14,0645,Clara,Ellingham,Ashcott Heath,Orchard,36
19:14,0848,Edgar,Fawcett,Morrowmere,Mill,7
19:14,0859,Cora,Sallis,Rushcombe,Orchard,13
19:14,0943,Basil,Ashby,Dunwold,Church,35
19:14,1070,Hannah,Tyson,Thornby Cross,Bramble,23
19:14,1419,Cora,Bowden,Morrowmere,Orchard,28
19:14,1501,Hannah,Bainbridge,Larkspur Green,Mill,9
19:14,1662,Martha,Aske,Dunwold,Church,27
19:14,1807,Mercy,Tasker,Rushcombe,Bramble,11
19:14,2320,Delia,Oxenford,Morrowmere,Bramble,17
19:14,2373,Lena,Usworth,Wexley,Church,35
19:14,2974,Martha,Slade,Morrowmere,Mill,6
19:14,3286,Enoch,Elstob,Pennyholt,Mill,13
19:14,3417,Kit,Beck,Yarrowby,Bramble,19
19:14,3838,Percy,Arkell,Morrowmere,Bramble,8
19:14,3958,Otto,Cobbold,Brackenhythe,Church,24
19:14,4027,Alba,Arkwright,Owlhallow,Orchard,24
19:14,4200,Una,Haldane,Wexley,Mill,19
19:14,4290,Pearl,Twigg,Nettlebarrow,Bramble,20
19:14,4451,Freda,Hackett,Kittlewick,Mill,3
19:14,4576,Helena,Cobbold,Morrowmere,Bramble,10
19:14,5071,Mabel,Fenwick,Yarrowby,Orchard,26
19:14,5097,Annie,Arkwright,Hatherby,Orchard,22
19:14,5402,Ruth,Nettles,Birchfold,Mill,33
19:14,5464,Annie,Lamb,Dunwold,Church,11
19:14,5552,Inez,Gale,Fernley,Church,10
19:14,5882,Delia,Vance,Thornby Cross,Orchard,1
19:14,5980,Annabel,Underwood,Wexley,Orchard,14
19:15,0026,Anna,Inchley,Nettlebarrow,Bramble,2
19:15,0080,Magnus,Orme,Fernley,Bramble,29
19:15,0115,Leonard,Kaye,Morrowmere,Bramble,28
19:15,0264,Lena,Meakin,Dunwold,Church,15
19:15,0292,Percy,Bowden,Fernley,Bramble,31
19:15,0623,Abel,Slade,Rushcombe,Mill,28
19:15,1141,Bernard,Fawcett,Morrowmere,Bramble,34
19:15,1314,Wilbur,Monk,Ashcott Heath,Orchard,5
19:15,1425,Osric,Tolley,Dunwold,Orchard,3
19:15,1504,Gwen,Edgworth,Larkspur Green,Orchard,2
19:15,1561,Gideon,Isherwood,Kittlewick,Orchard,22
19:15,1731,Delia,Dawes,Dunwold,Church,1
19:15,1753,Ivy,Openshaw,Yarrowby,Mill,14
19:15,1939,Constance,Barlow,Dunwold,Church,28
19:15,1941,Celia,Venables,Morrowmere,Orchard,6
19:15,1962,Una,Thwaite,Fernley,Mill,23
19:15,2021,Anna,Chalk,Brackenhythe,Bramble,8
19:15,2306,Maud,Brock,Dunwold,Bramble,7
19:15,2387,Osric,Twigg,Nettlebarrow,Mill,21
19:15,2758,Lena,Napier,Nettlebarrow,Mill,19
19:15,3589,Clement,Wallis,Morrowmere,Mill,27
19:15,3757,Nell,Haldane,Birchfold,Mill,36
19:15,3947,Selma,Padley,Morrowmere,Bramble,17
19:15,3994,Alma,Chilton,Yarrowby,Orchard,6
19:15,4075,Sadie,Aske,Birchfold,Bramble,2
19:15,4148,Enoch,Dawes,Morrowmere,Orchard,9
19:15,4168,Nina,Padley,Larkspur Green,Orchard,3
19:15,4172,Ada,Webley,Birchfold,Orchard,30
19:15,4292,Augusta,Ockley,Yarrowby,Church,11
19:15,4341,Nina,Rook,Morrowmere,Church,15
19:15,4488,Eden,Arkwright,Thornby Cross,Mill,35
19:15,4520,Nina,Winslow,Kittlewick,Orchard,21
19:15,4550,Edmund,Venables,Pennyholt,Bramble,21
19:15,4592,Morris,Hackett,Thornby Cross,Orchard,20
19:15,4608,Ada,Meakin,Nettlebarrow,Mill,8
19:15,4663,Inez,Satchell,Owlhallow,Mill,25
19:15,4934,Oscar,Eskdale,Dunwold,Orchard,33
19:15,5121,Eden,Oxenford,Larkspur Green,Bramble,6
19:15,5290,Rhoda,Ambler,Morrowmere,Church,29
19:15,5400,Rosa,Cobbold,Kittlewick,Orchard,16
19:15,5450,Osric,Aske,Ashcott Heath,Bramble,10
19:15,5964,Mabel,Pickles,Morrowmere,Orchard,25
19:16,0251,Opal,Edwards,Nettlebarrow,Bramble,13
19:16,0299,Hector,Coates,Brackenhythe,Bramble,34
19:16,0316,Ivo,Ebdon,Morrowmere,Mill,20
19:16,0570,Kit,Overton,Yarrowby,Church,10
19:16,0932,Ada,Edwards,Wexley,Bramble,1
19:16,1121,Harriet,Ulverton,Morrowmere,Bramble,31
19:16,1439,Uma,Beck,Nettlebarrow,Mill,15
19:16,1452,Selma,Orme,Fernley,Bramble,24
19:16,1569,Opal,Onslow,Kittlewick,Mill,32
19:16,1991,Dora,Judd,Wexley,Orchard,6
19:16,2049,Annie,Barlow,Wexley,Mill,16
19:16,2173,Orla,Mellish,Birchfold,Church,21
19:16,2382,Arthur,Upton,Hatherby,Orchard,22
19:16,2456,Dorian,Ellwood,Larkspur Green,Bramble,9
19:16,2682,Ansel,Openshaw,Nettlebarrow,Mill,13
19:16,2975,Wilbur,Pocock,Larkspur Green,Church,32
19:16,3029,Ivy,Bowden,Hatherby,Church,27
19:16,3318,Alba,Ellwood,Fernley,Church,9
19:16,3576,Una,Heskett,Kittlewick,Orchard,26
19:16,3828,Olga,Thwaite,Larkspur Green,Bramble,30
19:16,3861,Arthur,Ainsworth,Ashcott Heath,Bramble,21
19:16,3988,Alba,Kaye,Dunwold,Bramble,30
19:16,4187,Leonard,Nettles,Larkspur Green,Mill,25
19:16,4401,Otto,Shilton,Wexley,Church,8
19:16,4434,Oona,Underwood,Brackenhythe,Bramble,19
19:16,4461,Philippa,Kitson,Owlhallow,Church,26
19:16,4528,Percy,Lamb,Birchfold,Church,5
19:16,4657,Leonard,Chilton,Morrowmere,Orchard,14
19:16,4783,Wilbur,Ockley,Kittlewick,Orchard,8
19:16,5065,Annabel,Ebdon,Rushcombe,Church,14
19:17,0225,Noel,Newbolt,Morrowmere,Church,1
19:17,0340,Rhoda,Ashendon,Thornby Cross,Mill,12
19:17,0341,Cyril,Twigg,Morrowmere,Bramble,35
19:17,0695,Blanche,Osgood,Birchfold,Bramble,5
19:17,0767,Fabian,Onslow,Yarrowby,Orchard,35
19:17,0914,Clara,Ashworth,Owlhallow,Orchard,20
19:17,0960,Maisie,Atherton,Dunwold,Bramble,17
19:17,1028,Horace,Ackroyd,Owlhallow,Mill,25
19:17,1255,Magnus,Rudd,Thornby Cross,Orchard,30
19:17,1405,Grace,Pellow,Thornby Cross,Church,27
19:17,1545,Eleanor,Tasker,Brackenhythe,Orchard,6
19:17,1854,Una,Maddox,Morrowmere,Orchard,2
19:17,1987,Miriam,Enright,Larkspur Green,Bramble,16
19:17,2125,Emma,Barlow,Pennyholt,Orchard,18
19:17,2136,Osric,Gilbey,Kittlewick,Orchard,14
19:17,2240,Oscar,Ashwell,Brackenhythe,Bramble,4
19:17,2636,Enoch,Arkell,Birchfold,Bramble,30
19:17,2664,Jasper,Welch,Kittlewick,Orchard,7
19:17,2711,Alba,Ashwell,Yarrowby,Bramble,8
19:17,2915,Ida,Uttley,Morrowmere,Bramble,12
19:17,2968,Arthur,Bainbridge,Dunwold,Church,3
19:17,3620,Effie,Napier,Morrowmere,Church,12
19:17,3698,Bertha,Fenwick,Wexley,Bramble,34
19:17,4867,Elsie,Abbott,Owlhallow,Orchard,20
19:17,4942,Philippa,Heskett,Hatherby,Bramble,34
19:17,4969,Amos,Ibbott,Birchfold,Bramble,21
19:17,5081,Lucian,Ellwood,Morrowmere,Mill,13
19:18,0086,Lucian,Underwood,Morrowmere,Church,15
19:18,0543,Alba,Arkell,Dunwold,Church,34
19:18,0560,Bertha,Padley,Morrowmere,Church,14
19:18,0811,Nina,Ainsworth,Brackenhythe,Bramble,31
19:18,0909,Eleanor,Brock,Wexley,Church,4
19:18,0969,Horace,Witton,Pennyholt,Orchard,29
19:18,0994,Elsie,Inchley,Morrowmere,Bramble,6
19:18,1007,Ivy,Pellow,Larkspur Green,Church,20
19:18,1029,Flora,Brock,Wexley,Church,29
19:18,1113,Augusta,Digby,Hatherby,Mill,6
19:18,1301,Augusta,Inchley,Larkspur Green,Church,2
19:18,1536,Willa,Lamb,Larkspur Green,Church,23
19:18,1691,Lydia,Tolley,Larkspur Green,Orchard,28
19:18,1738,Lavinia,Phelps,Nettlebarrow,Orchard,10
19:18,2345,Bernard,Allsop,Fernley,Church,12
19:18,2899,Cora,Atherton,Hatherby,Mill,22
19:18,2996,Gideon,Oakley,Dunwold,Bramble,26
19:18,3147,Pearl,Elphick,Morrowmere,Bramble,6
19:18,3221,Flora,Barlow,Dunwold,Bramble,7
19:18,3672,Wilbur,Rudd,Brackenhythe,Bramble,2
19:18,3776,Thea,Witton,Pennyholt,Church,30
19:18,3814,Oona,Yates,Yarrowby,Mill,21
19:18,3825,Viola,Eckford,Thornby Cross,Church,24
19:18,3827,Arthur,Eastham,Birchfold,Church,13
19:18,3984,Amos,Elgood,Dunwold,Orchard,8
19:18,4059,Bernard,Openshaw,Birchfold,Church,11
19:18,4255,Olga,Dabney,Owlhallow,Orchard,14
19:18,4905,Iris,Abbott,Morrowmere,Church,11
19:18,4909,Uma,Napier,Hatherby,Orchard,21
19:18,5123,Helena,Ashworth,Wexley,Bramble,28
19:18,5206,Lavinia,Padley,Nettlebarrow,Mill,8
19:18,5227,Lucian,Yates,Owlhallow,Orchard,18
19:18,5245,Horace,Anstey,Morrowmere,Church,31
19:18,5506,Beatrix,Enright,Yarrowby,Mill,2
19:18,5635,Enid,Thwaite,Hatherby,Bramble,30
19:18,5839,Cora,Arkwright,Morrowmere,Church,20
19:19,0123,Otto,Yelland,Yarrowby,Orchard,32
19:19,0348,Helena,Dawes,Larkspur Green,Bramble,3
19:19,0625,Grace,Hobday,Kittlewick,Bramble,15
19:19,0799,Noel,Anstey,Brackenhythe,Mill,30
19:19,0910,Alba,Ashdown,Thornby Cross,Bramble,1
19:19,0941,Constance,Winslow,Yarrowby,Bramble,36
19:19,0950,Jonah,Onslow,Morrowmere,Mill,23
19:19,1272,Una,Larkin,Morrowmere,Orchard,21
19:19,1581,Ebba,Sefton,Morrowmere,Mill,34
19:19,1866,Ansel,Mellish,Morrowmere,Mill,11
19:19,2234,Delia,Otway,Morrowmere,Orchard,16
19:19,2665,Augusta,Swales,Ashcott Heath,Mill,18
19:19,3639,Ella,Bowden,Larkspur Green,Orchard,35
19:19,4113,Una,Ramsay,Kittlewick,Church,26
19:19,4154,Milo,Eckford,Pennyholt,Church,36
19:19,4193,Maud,Gosling,Nettlebarrow,Mill,26
19:19,4798,Leonard,Ashby,Wexley,Bramble,1
19:19,4871,Ivy,Fawcett,Wexley,Mill,21
19:19,5035,Uma,Ibbott,Ashcott Heath,Church,10
19:19,5483,Noel,Ambler,Brackenhythe,Orchard,15
19:19,5870,Etta,Eastham,Owlhallow,Orchard,21
19:19,5962,Arlo,Oldroyd,Morrowmere,Mill,17
19:20,0363,Maud,Elphick,Fernley,Mill,1
19:20,0724,Abel,Ellingham,Pennyholt,Bramble,14
19:20,0831,Lucian,Webley,Nettlebarrow,Orchard,31
19:20,0957,Wilbur,Ilsley,Nettlebarrow,Mill,25
19:20,1110,Thea,Eastham,Wexley,Orchard,11
19:20,1143,Bernard,Rudd,Birchfold,Church,12
19:20,1170,Ada,Aske,Rushcombe,Bramble,10
19:20,1323,Blanche,Aske,Kittlewick,Orchard,5
19:20,1444,Selma,Tolley,Rushcombe,Bramble,28
19:20,1750,Inez,Eastham,Brackenhythe,Bramble,10
19:20,1960,Sadie,Wilmot,Nettlebarrow,Orchard,8
19:20,2542,Edgar,Gilbey,Morrowmere,Orchard,26
19:20,2549,Constance,Edwards,Brackenhythe,Church,10
19:20,3196,Bella,Inchley,Dunwold,Church,20
19:20,3551,Pip,Hackett,Nettlebarrow,Mill,33
19:20,3575,Fabian,Gale,Morrowmere,Mill,26
19:20,3588,Clara,Onslow,Morrowmere,Mill,8
19:20,4005,Rosa,Slade,Thornby Cross,Bramble,6
19:20,4049,Abel,Eastham,Morrowmere,Mill,13
19:20,4082,Mabel,Gilbey,Hatherby,Bramble,23
19:20,4264,Selma,Noakes,Larkspur Green,Orchard,24
19:20,4347,Dora,Chalk,Hatherby,Bramble,33
19:20,4598,Inez,Pellow,Owlhallow,Church,24
19:20,4700,Beatrix,Twigg,Morrowmere,Church,6
19:20,5284,Augusta,Maddox,Yarrowby,Orchard,8
19:20,5838,Ella,Ulverton,Larkspur Green,Church,30
19:21,0085,Ivo,Eckford,Kittlewick,Mill,36
19:21,0288,Ulla,Beck,Wexley,Mill,5
19:21,0479,Gideon,Hobday,Thornby Cross,Orchard,9
19:21,0631,Willa,Anstey,Morrowmere,Church,4
19:21,1003,Iris,Fairley,Dunwold,Bramble,4
19:21,1047,Opal,Winslow,Morrowmere,Orchard,11
19:21,1177,Orla,Lowe,Owlhallow,Mill,14
19:21,1214,Noel,Onslow,Owlhallow,Orchard,25
19:21,2023,Lucian,Jessop,Nettlebarrow,Church,32
19:21,2206,Etta,Ashendon,Hatherby,Orchard,1
19:21,2284,Jasper,Newbolt,Fernley,Church,32
19:21,2632,Lucian,Bunting,Nettlebarrow,Bramble,27
19:21,2972,Effie,Ormerod,Nettlebarrow,Church,15
19:21,4121,Isla,Brock,Ashcott Heath,Bramble,15
19:21,4303,Arlo,Allsop,Pennyholt,Bramble,25
19:21,4328,Ivo,Keeling,Kittlewick,Bramble,31
19:21,4340,Blanche,Burnell,Morrowmere,Bramble,25
19:21,4372,Horace,Sallis,Brackenhythe,Mill,19
19:21,4459,Philippa,Atherton,Owlhallow,Mill,25
19:21,4480,Leonard,Yates,Hatherby,Church,35
19:21,4546,Sadie,Elphick,Ashcott Heath,Orchard,35
19:21,4578,Miriam,Finlow,Morrowmere,Mill,8
19:21,4601,Viola,Atherton,Larkspur Green,Church,13
19:21,4890,Oscar,Raikes,Kittlewick,Mill,9
19:21,5006,Edmund,Tolley,Pennyholt,Orchard,15
19:21,5030,Hannah,Enright,Hatherby,Bramble,19
19:21,5237,Amos,Judd,Pennyholt,Bramble,13
19:21,5545,Iris,Sutton,Larkspur Green,Bramble,7
19:21,5830,Oscar,Bowden,Birchfold,Church,35
19:21,5970,Cedric,Venables,Morrowmere,Bramble,11
19:22,0291,Vera,Keeling,Pennyholt,Orchard,26
19:22,0317,Hector,Abbott,Morrowmere,Bramble,22
19:22,0544,Dorian,Venables,Rushcombe,Bramble,9
19:22,1001,Cyril,Heskett,Birchfold,Church,12
19:22,1968,Abel,Inchley,Owlhallow,Bramble,4
19:22,2131,Oona,Godwin,Wexley,Mill,17
19:22,2325,Effie,Usworth,Kittlewick,Bramble,18
19:22,2582,Alma,Orme,Owlhallow,Mill,10
19:22,2715,Clara,Tasker,Morrowmere,Church,35
19:22,2988,Wilbur,Fairley,Rushcombe,Church,15
19:22,3102,Vera,Fairley,Yarrowby,Church,23
19:22,3253,Annie,Heskett,Wexley,Bramble,25
19:22,3393,Amos,Ewart,Thornby Cross,Church,36
19:22,4117,Edgar,Padley,Nettlebarrow,Church,35
19:22,4322,Noel,Elphick,Larkspur Green,Church,11
19:22,4581,Celia,Redfern,Thornby Cross,Bramble,3
19:22,4839,Hannah,Gosling,Birchfold,Church,24
19:22,4941,Constance,Keeling,Hatherby,Mill,17
19:22,4981,Thea,Elstob,Pennyholt,Bramble,11
19:22,4984,Anna,Venables,Owlhallow,Bramble,9
19:22,5159,Blanche,Atherton,Owlhallow,Church,22
19:22,5590,Flora,Edgworth,Birchfold,Orchard,5
19:22,5850,Vera,Jessop,Kittlewick,Church,34
19:22,5941,Ulla,Keeling,Rushcombe,Church,6
19:23,0239,Oona,Enright,Hatherby,Orchard,32
19:23,0412,Cyril,Burnell,Thornby Cross,Bramble,33
19:23,0470,Mercy,Atherton,Morrowmere,Church,36
19:23,1039,Leonard,Sefton,Hatherby,Mill,29
19:23,1046,Celia,Ireton,Fernley,Church,9
19:23,1163,Ansel,Shilton,Pennyholt,Mill,15
19:23,1324,Morris,Judd,Owlhallow,Church,19
19:23,1497,Percy,Webley,Morrowmere,Church,2
19:23,1611,Uma,Welch,Pennyholt,Church,8
19:23,2005,Nina,Hobday,Rushcombe,Orchard,6
19:23,2271,Effie,Ashendon,Birchfold,Mill,8
19:23,2434,Oscar,Isherwood,Dunwold,Orchard,36
19:23,2573,Thea,Tolley,Ashcott Heath,Bramble,24
19:23,2594,Kit,Vance,Thornby Cross,Bramble,31
19:23,2671,Enoch,Lowe,Owlhallow,Bramble,19
19:23,2973,Helena,Winslow,Morrowmere,Orchard,26
19:23,3654,Arlo,Plumb,Owlhallow,Mill,17
19:23,3684,Fabian,Phelps,Kittlewick,Orchard,10
19:23,3747,Orla,Elphick,Pennyholt,Orchard,19
19:23,3846,Enoch,Hawley,Wexley,Mill,20
19:23,4038,Delia,Ambler,Wexley,Bramble,22
19:23,4064,Osric,Nuttall,Morrowmere,Orchard,20
19:23,4073,Edna,Elworthy,Hatherby,Orchard,21
19:23,4144,Leonard,Dawes,Wexley,Bramble,31
19:23,4302,Olga,Keeling,Morrowmere,Church,28
19:23,4456,Bella,Nuttall,Morrowmere,Bramble,11
19:23,5022,Edmund,Fawcett,Nettlebarrow,Church,8
19:23,5205,Wilbur,Wilmot,Morrowmere,Church,32
19:23,5360,Selma,Ellwood,Morrowmere,Mill,10
19:24,0038,Orla,Anstey,Ashcott Heath,Bramble,25
19:24,0195,Rosa,Ockley,Ashcott Heath,Orchard,1
19:24,0265,Dora,Redfern,Birchfold,Bramble,1
19:24,0640,Emma,Edwards,Owlhallow,Bramble,20
19:24,0820,Dorian,Skelton,Morrowmere,Church,12
19:24,1321,Ivy,Ackroyd,Dunwold,Church,36
19:24,1784,Willa,Sefton,Rushcombe,Bramble,27
19:24,2214,Gwen,Rudd,Rushcombe,Mill,1
19:24,2395,Lena,Rudd,Brackenhythe,Bramble,34
19:24,2745,Cora,Elmore,Yarrowby,Church,32
19:24,2897,Mercy,Clegg,Morrowmere,Orchard,35
19:24,3248,Una,Pellow,Hatherby,Bramble,16
19:24,3296,Vera,Edgworth,Wexley,Mill,20
19:24,3338,Elva,Elmore,Kittlewick,Bramble,31
19:24,3440,Hannah,Chilton,Birchfold,Orchard,2
19:24,3522,Quentin,Keeling,Morrowmere,Orchard,6
19:24,3682,Jasper,Elstob,Ashcott Heath,Church,27
19:24,3717,Ada,Ewart,Owlhallow,Orchard,11
19:24,3738,Maud,Heskett,Morrowmere,Bramble,22
19:24,3775,Horace,Heskett,Yarrowby,Church,4
19:24,3881,Enoch,Ashby,Morrowmere,Church,23
19:24,4053,Edgar,Ockley,Brackenhythe,Church,5
19:24,4252,Gideon,Gosling,Thornby Cross,Church,18
19:24,4921,Sadie,Upton,Yarrowby,Orchard,11
19:24,5055,Quentin,Haldane,Owlhallow,Bramble,14
19:25,0186,Elsie,Godwin,Morrowmere,Bramble,15
19:25,0284,Augusta,Stokes,Pennyholt,Orchard,1
19:25,0330,Freda,Abbott,Owlhallow,Church,22
19:25,0366,Blanche,Welch,Ashcott Heath,Mill,30
19:25,0572,Cyril,Welch,Hatherby,Bramble,34
19:25,0680,Gideon,Plumb,Morrowmere,Mill,19
19:25,0792,Lucian,Haldane,Pennyholt,Mill,26
19:25,1388,Bella,Meakin,Owlhallow,Bramble,19
19:25,1845,Opal,Abbott,Birchfold,Church,10
19:25,2252,Quentin,Elmore,Hatherby,Mill,30
19:25,2268,Bernard,Ockley,Thornby Cross,Orchard,22
19:25,2552,Sadie,Digby,Morrowmere,Bramble,24
19:25,2556,Pip,Sefton,Brackenhythe,Bramble,6
19:25,2597,Blanche,Pennick,Wexley,Church,4
19:25,2873,Flora,Applegarth,Nettlebarrow,Bramble,24
19:25,3071,Selma,Ashby,Brackenhythe,Bramble,4
19:25,3133,Grace,Chilton,Morrowmere,Mill,11
19:25,3137,Olive,Chalk,Wexley,Orchard,7
19:25,3183,Selma,Elmore,Hatherby,Mill,23
19:25,3712,Myrtle,Fawcett,Larkspur Green,Bramble,3
19:25,3751,Otto,Isherwood,Morrowmere,Mill,13
19:25,4693,Dahlia,Satchell,Rushcombe,Church,22
19:25,5026,Ivy,Ashwell,Hatherby,Church,17
19:25,5262,Mabel,Ramsay,Rushcombe,Bramble,27
19:25,5282,Annie,Hackett,Morrowmere,Church,21
19:25,5365,Bernard,Elgood,Wexley,Mill,28
19:25,5371,Arthur,Underwood,Pennyholt,Mill,33
19:25,5727,Cyril,Ramsay,Dunwold,Bramble,19
19:25,5955,Delia,Swales,Morrowmere,Mill,1
19:26,0113,Leonard,Otway,Kittlewick,Bramble,30
19:26,0187,Inez,Isherwood,Nettlebarrow,Orchard,27
19:26,0731,Horace,Ramsay,Dunwold,Bramble,15
19:26,0979,Osric,Heskett,Yarrowby,Mill,1
19:26,1027,Jude,Yelland,Birchfold,Orchard,7
19:26,1395,Lena,Ireton,Hatherby,Church,17
19:26,1510,Mabel,Witton,Fernley,Church,13
19:26,1666,Fabian,Stokes,Morrowmere,Mill,10
19:26,1790,Viola,Oldfield,Brackenhythe,Orchard,4
19:26,2317,Orla,Jessop,Thornby Cross,Mill,5
19:26,2507,Hector,Ashworth,Kittlewick,Bramble,17
19:26,2958,Cyril,Pennick,Morrowmere,Orchard,6
19:26,3025,Iris,Webley,Morrowmere,Orchard,32
19:26,3095,Una,Sutton,Morrowmere,Orchard,14
19:26,3155,Nell,Coates,Larkspur Green,Church,29
19:26,3202,Constance,Lamb,Rushcombe,Orchard,25
19:26,3212,Greta,Beck,Morrowmere,Orchard,3
19:26,3898,Horace,Sutton,Larkspur Green,Mill,8
19:26,4191,Ivo,Hobday,Morrowmere,Church,9
19:26,4361,Ulla,Vance,Ashcott Heath,Church,21
19:26,4591,Opal,Isherwood,Owlhallow,Orchard,18
19:26,4744,Selma,Fawcett,Brackenhythe,Bramble,14
19:26,4914,Kit,Tasker,Larkspur Green,Bramble,26
19:26,5564,Philippa,Winslow,Yarrowby,Mill,12
19:26,5770,Leonard,Vance,Dunwold,Church,3
19:26,5915,Alma,Jessop,Kittlewick,Mill,29
19:26,5931,Alma,Usworth,Brackenhythe,Bramble,1
19:26,5950,Bella,Mellish,Morrowmere,Church,16
19:27,0411,Orson,Coates,Thornby Cross,Bramble,8
19:27,0516,Amos,Arkell,Morrowmere,Orchard,17
19:27,0709,Uma,Eskdale,Morrowmere,Orchard,22
19:27,0942,Marian,Monk,Brackenhythe,Bramble,3
19:27,0965,Lavinia,Overton,Wexley,Orchard,20
19:27,0966,Alba,Eckford,Birchfold,Orchard,5
19:27,1202,Eden,Raikes,Yarrowby,Mill,31
19:27,1273,Lena,Hamblin,Morrowmere,Mill,15
19:27,1319,Walter,Openshaw,Brackenhythe,Church,18
19:27,1345,Magnus,Kitson,Kittlewick,Church,31
19:27,1350,Josie,Chalk,Pennyholt,Mill,22
19:27,1589,Orson,Gale,Owlhallow,Orchard,10
19:27,1966,Freda,Sutton,Dunwold,Church,18
19:27,2297,Oscar,Inchley,Hatherby,Church,28
19:27,2380,Lavinia,Ainsworth,Morrowmere,Church,30
19:27,2400,Opal,Slade,Dunwold,Church,16
19:27,2708,Ruth,Monk,Owlhallow,Orchard,31
19:27,2832,Nora,Lamb,Morrowmere,Orchard,34
19:27,2834,Dahlia,Gilbey,Larkspur Green,Mill,18
19:27,3099,Gwen,Ackroyd,Morrowmere,Church,4
19:27,3153,Vera,Wakely,Ashcott Heath,Church,27
19:27,3314,Olga,Heskett,Birchfold,Church,35
19:27,3430,Otto,Gilbey,Wexley,Church,35
19:27,3859,Noel,Webley,Wexley,Orchard,32
19:27,4329,Dorian,Enright,Nettlebarrow,Mill,21
19:27,4667,Augusta,Heskett,Morrowmere,Orchard,17
19:27,4800,Pip,Keeling,Owlhallow,Church,2
19:27,5279,Jasper,Openshaw,Owlhallow,Mill,4
19:27,5287,Fabian,Ingram,Brackenhythe,Bramble,26
19:27,5460,Harriet,Ingram,Nettlebarrow,Mill,21
19:27,5989,Ivy,Elphick,Morrowmere,Orchard,18
19:28,0051,Viola,Judd,Morrowmere,Church,4
19:28,0228,Delia,Dabney,Larkspur Green,Orchard,15
19:28,0377,Nell,Chilton,Owlhallow,Orchard,30
19:28,0477,Rhoda,Kitson,Kittlewick,Mill,17
19:28,0566,Fabian,Blythe,Ashcott Heath,Mill,10
19:28,0839,Nina,Arkwright,Morrowmere,Church,27
19:28,1150,Leonard,Finlow,Kittlewick,Church,34
19:28,1465,Osric,Ashendon,Morrowmere,Church,32
19:28,1487,Lottie,Allsop,Rushcombe,Mill,27
19:28,1550,Hector,Pickles,Birchfold,Orchard,35
19:28,1739,Basil,Beck,Pennyholt,Bramble,31
19:28,1742,Lavinia,Thwaite,Owlhallow,Bramble,35
19:28,2041,Alba,Rudd,Pennyholt,Mill,6
19:28,2061,Anna,Clegg,Wexley,Bramble,24
19:28,2285,Arlo,Otway,Hatherby,Bramble,1
19:28,2327,Jasper,Aske,Wexley,Orchard,28
19:28,2419,Clara,Beck,Morrowmere,Mill,26
19:28,2517,Freda,Winslow,Birchfold,Mill,18
19:28,2647,Bernard,Ainsworth,Birchfold,Bramble,20
19:28,3017,Cedric,Lumsden,Morrowmere,Orchard,21
19:28,3363,Maud,Ireton,Nettlebarrow,Bramble,10
19:28,3386,Constance,Oddie,Brackenhythe,Mill,21
19:28,3606,Inez,Cobbold,Dunwold,Bramble,30
19:28,3863,Marian,Ewart,Morrowmere,Orchard,5
19:28,4126,Ruth,Judd,Thornby Cross,Orchard,31
19:28,4307,Orla,Satchell,Morrowmere,Mill,25
19:28,4433,Linus,Lamb,Ashcott Heath,Church,20
19:28,4507,Basil,Coates,Brackenhythe,Orchard,30
19:28,4994,Jonah,Dawes,Birchfold,Orchard,13
19:28,5015,Enoch,Edgworth,Owlhallow,Church,16
19:28,5152,Noel,Heskett,Ashcott Heath,Orchard,24
19:28,5498,Marian,Yates,Yarrowby,Orchard,28
19:28,5603,Alma,Arkwright,Morrowmere,Orchard,14
19:28,5610,Lavinia,Lamb,Yarrowby,Church,20
19:28,5948,Amos,Onslow,Larkspur Green,Mill,3
19:29,0373,Edmund,Plumb,Morrowmere,Bramble,19
19:29,0397,Cedric,Pickles,Yarrowby,Orchard,36
19:29,0405,Gideon,Hackett,Morrowmere,Bramble,25
19:29,0484,Ansel,Keeling,Owlhallow,Bramble,23
19:29,1480,Gwen,Applegarth,Rushcombe,Church,35
19:29,1492,Cyril,Orme,Yarrowby,Bramble,1
19:29,1791,Jasper,Barlow,Wexley,Orchard,16
19:29,2166,Harriet,Overton,Rushcombe,Orchard,5
19:29,2328,Olga,Otway,Hatherby,Orchard,12
19:29,2490,Magnus,Sefton,Pennyholt,Church,23
19:29,2702,Nora,Ellwood,Morrowmere,Mill,1
19:29,2718,Dahlia,Lumsden,Kittlewick,Church,20
19:29,2772,Elva,Welch,Morrowmere,Church,23
19:29,2908,Nora,Webley,Morrowmere,Mill,35
19:29,2956,Nora,Meakin,Wexley,Orchard,32
19:29,3530,Lena,Tyson,Wexley,Bramble,25
19:29,3669,Clara,Eastham,Larkspur Green,Mill,2
19:29,3670,Etta,Arkwright,Pennyholt,Orchard,20
19:29,3764,Cedric,Haldane,Yarrowby,Orchard,7
19:29,3888,Percy,Usworth,Ashcott Heath,Orchard,32
19:29,4622,Magnus,Ashendon,Morrowmere,Orchard,34
19:29,4781,Gwen,Fenwick,Morrowmere,Bramble,12
19:29,5241,Myrtle,Arkell,Hatherby,Church,15
19:29,5269,Uma,Kitson,Pennyholt,Orchard,13
19:29,5695,Hannah,Ramsay,Dunwold,Mill,29
19:30,0119,Elva,Twigg,Pennyholt,Orchard,9
19:30,0163,Alba,Ibbott,Fernley,Mill,29
19:30,0173,Quentin,Jessop,Rushcombe,Church,32
19:30,0530,Constance,Pocock,Morrowmere,Orchard,35
19:30,0678,Rosa,Ellwood,Brackenhythe,Bramble,19
19:30,0844,Leonard,Cobbold,Rushcombe,Mill,25
19:30,1837,Ida,Thwaite,Owlhallow,Bramble,23
19:30,1921,Miriam,Anstey,Hatherby,Orchard,22
19:30,2064,Lucian,Keeling,Rushcombe,Orchard,26
19:30,2203,Ulla,Redfern,Rushcombe,Bramble,20
19:30,2404,Milo,Nuttall,Nettlebarrow,Orchard,4
19:30,2530,Ella,Chalk,Ashcott Heath,Church,21
19:30,2670,Augusta,Godwin,Morrowmere,Church,28
19:30,2696,Ebba,Meakin,Morrowmere,Bramble,36
19:30,2902,Alma,Ackroyd,Rushcombe,Bramble,19
19:30,3024,Elva,Oakley,Morrowmere,Church,34
19:30,3517,Hannah,Wallis,Morrowmere,Church,24
19:30,3744,Augusta,Thwaite,Morrowmere,Mill,6
19:30,3919,Enid,Ramsay,Hatherby,Church,27
19:30,4103,Marian,Edgworth,Fernley,Bramble,8
19:30,4110,Inez,Kitson,Brackenhythe,Orchard,13
19:30,4761,Grace,Ashwell,Morrowmere,Church,26
19:30,4769,Hannah,Elphick,Hatherby,Bramble,22
19:30,4883,Orla,Ambler,Morrowmere,Mill,2
19:30,5250,Celia,Pellow,Wexley,Orchard,34
19:30,5437,Edgar,Uttley,Rushcombe,Bramble,27
19:30,5717,Magnus,Eskdale,Morrowmere,Church,2
19:30,5976,Eleanor,Satchell,Thornby Cross,Bramble,10
19:31,0320,Olive,Brock,Dunwold,Bramble,17
19:31,0476,Ada,Gale,Nettlebarrow,Mill,4
19:31,0480,Bella,Barlow,Owlhallow,Bramble,2
19:31,0624,Maud,Elgood,Morrowmere,Mill,19
19:31,0719,Arthur,Ilsley,Thornby Cross,Orchard,8
19:31,1652,Lydia,Tyson,Birchfold,Bramble,28
19:31,1826,Beatrix,Oxenford,Rushcombe,Mill,4
19:31,1932,Leonard,Mellish,Rushcombe,Mill,10
19:31,2313,Dorian,Fairley,Owlhallow,Mill,29
19:31,2377,Enoch,Satchell,Morrowmere,Church,6
19:31,2484,Cora,Newbolt,Hatherby,Church,4
19:31,3247,Clara,Gale,Ashcott Heath,Orchard,9
19:31,3251,Selma,Yelland,Pennyholt,Orchard,29
19:31,3301,Abel,Ashendon,Wexley,Mill,12
19:31,3313,Greta,Chilton,Morrowmere,Mill,1
19:31,3772,Lydia,Edgworth,Larkspur Green,Mill,15
19:31,3940,Bernard,Newbolt,Ashcott Heath,Orchard,26
19:31,4091,Magnus,Osgood,Morrowmere,Orchard,32
19:31,4499,Elsie,Bunting,Thornby Cross,Church,3
19:31,4894,Clara,Applegarth,Rushcombe,Mill,23
19:31,5162,Arlo,Fawcett,Morrowmere,Orchard,18
19:31,5286,Celia,Webley,Yarrowby,Orchard,20
19:31,5565,Opal,Ewart,Ashcott Heath,Mill,23
19:32,0030,Effie,Hawley,Dunwold,Orchard,36
19:32,0917,Effie,Chalk,Nettlebarrow,Church,26
19:32,0924,Mabel,Sallis,Thornby Cross,Bramble,2
19:32,1187,Elsie,Gale,Fernley,Mill,29
19:32,1353,Orson,Bowden,Morrowmere,Church,19
19:32,1596,Pearl,Gilbey,Morrowmere,Church,7
19:32,1673,Olive,Wallis,Nettlebarrow,Orchard,16
19:32,1769,Isla,Swales,Pennyholt,Bramble,22
19:32,1777,Eleanor,Yelland,Morrowmere,Bramble,6
19:32,1868,Anna,Ashwell,Yarrowby,Bramble,16
19:32,2178,Horace,Tasker,Thornby Cross,Bramble,2
19:32,2759,Marian,Vance,Morrowmere,Church,11
19:32,2990,Josie,Cobbold,Rushcombe,Bramble,3
19:32,3209,Eden,Enright,Ashcott Heath,Orchard,24
19:32,3252,Greta,Lumsden,Ashcott Heath,Mill,33
19:32,4078,Ivo,Brock,Hatherby,Bramble,32
19:32,4513,Miriam,Underwood,Wexley,Church,13
19:32,4671,Eleanor,Elgood,Morrowmere,Orchard,24
19:32,4749,Oscar,Keeling,Rushcombe,Bramble,6
19:32,5184,Philippa,Beck,Wexley,Bramble,32
19:32,5892,Annie,Inchley,Owlhallow,Bramble,4
19:33,0126,Miriam,Beck,Morrowmere,Church,23
19:33,0179,Ezra,Eckford,Owlhallow,Church,6
19:33,0361,Noel,Gosling,Kittlewick,Church,18
19:33,0528,Hector,Finlow,Hatherby,Mill,20
19:33,0658,Lucian,Hackett,Wexley,Orchard,7
19:33,0663,Lucian,Clegg,Ashcott Heath,Bramble,27
19:33,0744,Ella,Uttley,Morrowmere,Orchard,8
19:33,0887,Horace,Brock,Thornby Cross,Orchard,6
19:33,1186,Osric,Orme,Morrowmere,Bramble,1
19:33,1759,Lavinia,Orme,Fernley,Church,5
19:33,1768,Olga,Hawley,Brackenhythe,Mill,26
19:33,1794,Eden,Hackett,Rushcombe,Church,20
19:33,1833,Abel,Webley,Dunwold,Orchard,10
19:33,2137,Myrtle,Twigg,Hatherby,Orchard,2
19:33,2561,Celia,Noakes,Wexley,Bramble,12
19:33,2879,Bernard,Larkin,Morrowmere,Mill,14
19:33,3330,Jonah,Clegg,Morrowmere,Mill,6
19:33,3342,Maisie,Shilton,Hatherby,Bramble,20
19:33,3742,Dorian,Keeling,Pennyholt,Orchard,26
19:33,3803,Milo,Sefton,Hatherby,Bramble,11
19:33,3819,Alba,Jessop,Morrowmere,Bramble,4
19:33,3909,Effie,Hackett,Yarrowby,Mill,4
19:33,3952,Opal,Bainbridge,Yarrowby,Bramble,36
19:33,4039,Walter,Thwaite,Birchfold,Church,29
19:33,4689,Clement,Hamblin,Yarrowby,Church,30
19:33,4726,Mabel,Ellwood,Birchfold,Bramble,25
19:33,5118,Annie,Ellingham,Fernley,Bramble,26
19:33,5251,Emma,Ambler,Morrowmere,Orchard,7
19:33,5615,Gwen,Wallis,Wexley,Church,16
19:34,0101,Nora,Welch,Morrowmere,Mill,33
19:34,0327,Linus,Gosling,Wexley,Mill,13
19:34,0333,Horace,Bunting,Pennyholt,Church,20
19:34,1136,Walter,Yelland,Wexley,Bramble,18
19:34,1261,Vera,Godwin,Morrowmere,Mill,34
19:34,1482,Myrtle,Kaye,Ashcott Heath,Mill,11
19:34,1620,Hannah,Godwin,Nettlebarrow,Church,15
19:34,1724,Etta,Monk,Hatherby,Mill,1
19:34,2489,Uma,Oldfield,Owlhallow,Orchard,26
19:34,2584,Eleanor,Arkell,Kittlewick,Church,31
19:34,2917,Gideon,Finlow,Larkspur Green,Orchard,13
19:34,3213,Effie,Dawes,Morrowmere,Church,3
19:34,3496,Quentin,Orme,Kittlewick,Orchard,23
19:34,4061,Edgar,Isherwood,Morrowmere,Orchard,29
19:34,4210,Annie,Gale,Ashcott Heath,Church,34
19:34,4396,Kit,Monk,Rushcombe,Mill,32
19:34,4419,Dorian,Napier,Fernley,Church,18
19:34,4428,Myrtle,Edgworth,Fernley,Church,7
19:34,5307,Augusta,Applegarth,Hatherby,Orchard,24
19:34,5403,Helena,Lowe,Brackenhythe,Church,7
19:34,5405,Isla,Phelps,Wexley,Orchard,19
19:34,5641,Iris,Beck,Thornby Cross,Mill,17
19:34,5694,Nina,Welch,Owlhallow,Orchard,3
19:34,5836,Lucian,Godwin,Hatherby,Bramble,32
19:35,0355,Marian,Rudd,Fernley,Mill,15
19:35,0461,Augusta,Finlow,Morrowmere,Orchard,20
19:35,0617,Linus,Tolley,Owlhallow,Orchard,22
19:35,0838,Orson,Plumb,Morrowmere,Mill,26
19:35,1045,Otto,Ormerod,Hatherby,Mill,35
19:35,1515,Ezra,Beck,Owlhallow,Mill,5
19:35,1805,Inez,Winslow,Birchfold,Church,32
19:35,1852,Bertha,Ebdon,Morrowmere,Orchard,4
19:35,1853,Fabian,Kaye,Birchfold,Mill,21
19:35,2197,Wilbur,Kaye,Thornby Cross,Orchard,36
19:35,3285,Rhoda,Fawcett,Larkspur Green,Bramble,3
19:35,3466,Osric,Uttley,Rushcombe,Orchard,31
19:35,3500,Ella,Ibbott,Morrowmere,Bramble,6
19:35,3600,Opal,Sefton,Pennyholt,Church,26
19:35,4058,Inez,Applegarth,Brackenhythe,Bramble,12
19:35,4267,Anna,Bainbridge,Rushcombe,Mill,6
19:35,4296,Dora,Ingram,Owlhallow,Bramble,15
19:35,4431,Amos,Yates,Wexley,Bramble,9
19:35,4609,Ulla,Elmore,Morrowmere,Bramble,4
19:35,5028,Inez,Redfern,Thornby Cross,Church,31
19:35,5303,Amos,Welch,Nettlebarrow,Bramble,32
19:35,5466,Ivy,Orme,Kittlewick,Mill,28
19:35,5607,Lucian,Lumsden,Wexley,Mill,8
19:35,5696,Magnus,Nuttall,Morrowmere,Church,30
19:35,5827,Maisie,Edwards,Larkspur Green,Bramble,12
19:36,0294,Orson,Yelland,Hatherby,Bramble,18
19:36,0529,Amos,Monk,Morrowmere,Mill,12
19:36,0659,Lydia,Tasker,Morrowmere,Mill,21
19:36,0732,Josie,Skelton,Rushcombe,Church,26
19:36,0934,Ebba,Maddox,Kittlewick,Orchard,24
19:36,1085,Freda,Noakes,Kittlewick,Mill,12
19:36,1717,Morris,Ainsworth,Nettlebarrow,Bramble,35
19:36,1850,Rosa,Allsop,Thornby Cross,Church,26
19:36,1888,Linus,Judd,Dunwold,Bramble,13
19:36,2079,Elsie,Tasker,Morrowmere,Orchard,31
19:36,2127,Pip,Abbott,Morrowmere,Church,2
19:36,2980,Mercy,Lumsden,Ashcott Heath,Church,1
19:36,3046,Olive,Ebdon,Morrowmere,Bramble,25
19:36,3090,Gideon,Maddox,Ashcott Heath,Mill,4
19:36,3498,Eden,Ambler,Nettlebarrow,Bramble,11
19:36,3965,Orla,Rook,Hatherby,Mill,25
19:36,4025,Edgar,Beck,Rushcombe,Bramble,29
19:36,4381,Jude,Aske,Morrowmere,Mill,28
19:36,4548,Augusta,Ireton,Owlhallow,Mill,34
19:36,4782,Lottie,Orme,Dunwold,Mill,8
19:36,4949,Percy,Burnell,Kittlewick,Mill,2
19:36,4953,Jonah,Osgood,Dunwold,Mill,17
19:36,5196,Grace,Wallis,Kittlewick,Bramble,19
19:36,5677,Walter,Bainbridge,Pennyholt,Orchard,12
19:36,5690,Cyril,Shilton,Nettlebarrow,Bramble,9
19:36,5993,Annie,Witton,Pennyholt,Orchard,15
19:37,0283,Myrtle,Burnell,Wexley,Bramble,12
19:37,0898,Elva,Fairley,Dunwold,Bramble,24
19:37,1042,Iris,Chilton,Thornby Cross,Church,4
19:37,1311,Willa,Kitson,Brackenhythe,Church,22
19:37,2089,Opal,Rudd,Dunwold,Orchard,1
19:37,2595,Dahlia,Bowden,Wexley,Bramble,33
19:37,2941,Cyril,Fawcett,Morrowmere,Mill,8
19:37,3111,Annie,Oxenford,Morrowmere,Orchard,33
19:37,3164,Pearl,Winslow,Morrowmere,Orchard,9
19:37,3194,Clara,Vance,Morrowmere,Church,13
19:37,3756,Hector,Kitson,Dunwold,Orchard,28
19:37,3813,Ulla,Pocock,Thornby Cross,Orchard,18
19:37,4007,Lydia,Wilmot,Rushcombe,Church,36
19:37,4070,Isla,Lowe,Morrowmere,Orchard,9
19:37,4204,Sadie,Elmore,Hatherby,Orchard,18
19:37,4312,Pip,Isherwood,Dunwold,Bramble,18
19:37,4611,Oscar,Skelton,Fernley,Bramble,2
19:37,5024,Ada,Bainbridge,Kittlewick,Church,28
19:37,5056,Clement,Ashwell,Brackenhythe,Church,21
19:37,5306,Maud,Gilbey,Kittlewick,Church,27
19:38,0346,Wilbur,Ireton,Ashcott Heath,Orchard,34
19:38,0669,Effie,Heskett,Morrowmere,Orchard,13
19:38,0879,Lucian,Ashendon,Ashcott Heath,Church,19
19:38,1015,Freda,Plumb,Morrowmere,Orchard,25
19:38,1200,Anna,Lamb,Owlhallow,Mill,2
19:38,1576,Basil,Tolley,Owlhallow,Church,20
19:38,2106,Rosa,Enright,Morrowmere,Orchard,36
19:38,2551,Blanche,Brock,Rushcombe,Church,13
19:38,2841,Leonard,Swales,Birchfold,Bramble,19
19:38,2887,Opal,Hamblin,Hatherby,Church,32
19:38,3322,Iris,Lumsden,Fernley,Mill,19
19:38,3566,Inez,Usworth,Morrowmere,Church,32
19:38,3880,Jude,Elgood,Dunwold,Church,25
19:38,3933,Maud,Orme,Hatherby,Orchard,24
19:38,3939,Magnus,Ebdon,Morrowmere,Church,24
19:38,4115,Kit,Arkell,Thornby Cross,Mill,7
19:38,4202,Ruth,Elstob,Kittlewick,Mill,3
19:38,4363,Lavinia,Oldroyd,Morrowmere,Orchard,21
19:38,4857,Milo,Monk,Kittlewick,Bramble,21
19:38,4910,Rhoda,Dunstan,Wexley,Orchard,15
19:38,5106,Gideon,Shilton,Fernley,Mill,22
19:38,5883,Isla,Ashendon,Hatherby,Church,30
19:38,5973,Freda,Gale,Larkspur Green,Orchard,18
19:39,0106,Jasper,Pickles,Morrowmere,Mill,7
19:39,0160,Maisie,Onslow,Dunwold,Bramble,7
19:39,1222,Pip,Quayle,Brackenhythe,Bramble,34
19:39,1241,Lottie,Ashworth,Kittlewick,Church,33
19:39,1417,Bella,Slade,Ashcott Heath,Church,2
19:39,1526,Opal,Ashby,Birchfold,Bramble,10
19:39,1663,Lena,Applegarth,Rushcombe,Church,19
19:39,2353,Harriet,Bowden,Thornby Cross,Mill,32
19:39,2687,Nell,Lamb,Birchfold,Mill,36
19:39,2752,Oscar,Ireton,Morrowmere,Church,8
19:39,3055,Morris,Thwaite,Fernley,Church,32
19:39,3076,Philippa,Dawes,Birchfold,Bramble,26
19:39,3092,Gideon,Arkell,Morrowmere,Orchard,30
19:39,3326,Abel,Lamb,Wexley,Church,25
19:39,3928,Linus,Ainsworth,Morrowmere,Orchard,6
19:39,4229,Lydia,Yelland,Morrowmere,Bramble,2
19:39,4446,Ivo,Wakely,Pennyholt,Bramble,31
19:39,4468,Abel,Ireton,Thornby Cross,Orchard,20
19:39,4630,Enid,Heskett,Owlhallow,Bramble,14
19:39,4898,Ulla,Enright,Morrowmere,Orchard,28
19:39,5370,Emma,Tyson,Wexley,Bramble,26
19:39,5399,Ulla,Atherton,Hatherby,Mill,19
19:39,5891,Fabian,Haldane,Morrowmere,Mill,16
19:40,0141,Jonah,Bunting,Brackenhythe,Bramble,36
19:40,0182,Eleanor,Elphick,Ashcott Heath,Bramble,15
19:40,0837,Milo,Uttley,Wexley,Church,21
19:40,0871,Miriam,Aske,Nettlebarrow,Bramble,23
19:40,1067,Emma,Tolley,Rushcombe,Orchard,2
19:40,1635,Edgar,Kitson,Morrowmere,Orchard,33
19:40,1692,Gideon,Fawcett,Yarrowby,Bramble,13
19:40,1755,Pip,Pennick,Thornby Cross,Mill,6
19:40,1922,Augusta,Twigg,Birchfold,Church,2
19:40,2101,Nina,Godwin,Rushcombe,Orchard,10
19:40,2146,Oona,Sallis,Rushcombe,Bramble,20
19:40,2622,Orla,Redfern,Thornby Cross,Orchard,4
19:40,2691,Hannah,Ilsley,Rushcombe,Church,4
19:40,2789,Lucian,Ellingham,Morrowmere,Bramble,24
19:40,2954,Wilbur,Ashworth,Dunwold,Bramble,30
19:40,3315,Viola,Burnell,Dunwold,Mill,20
19:40,3492,Harriet,Elgood,Ashcott Heath,Church,33
19:40,4046,Anna,Ebdon,Ashcott Heath,Church,24
19:40,4050,Basil,Lumsden,Hatherby,Orchard,18
19:40,4458,Dorian,Bowden,Larkspur Green,Mill,4
19:40,4466,Morris,Larkin,Morrowmere,Orchard,23
19:40,4925,Ivy,Wilmot,Brackenhythe,Bramble,6
19:40,5453,Dorian,Eskdale,Owlhallow,Orchard,20
19:40,5495,Cyril,Noakes,Morrowmere,Bramble,21
19:40,5757,Wilbur,Elmore,Morrowmere,Church,36
19:40,5937,Enoch,Meakin,Larkspur Green,Church,8
19:41,0191,Clara,Sallis,Wexley,Mill,10
19:41,0268,Harriet,Hackett,Larkspur Green,Church,1
19:41,1211,Oona,Ashby,Thornby Cross,Orchard,3
19:41,1556,Pip,Blythe,Yarrowby,Mill,22
19:41,1754,Elsie,Beck,Hatherby,Church,2
19:41,1828,Lydia,Dawes,Morrowmere,Mill,1
19:41,2583,Delia,Ramsay,Dunwold,Mill,25
19:41,2788,Grace,Finlow,Hatherby,Orchard,29
19:41,2824,Ivy,Onslow,Brackenhythe,Orchard,31
19:41,3519,Clara,Keeling,Morrowmere,Mill,1
19:41,3626,Ada,Ulverton,Ashcott Heath,Church,27
19:41,3642,Flora,Elmore,Owlhallow,Bramble,32
19:41,3647,Anna,Allsop,Morrowmere,Bramble,11
19:41,3941,Ezra,Applegarth,Thornby Cross,Mill,18
19:41,4022,Ivy,Oddie,Owlhallow,Bramble,30
19:41,4295,Helena,Osgood,Owlhallow,Church,4
19:41,5314,Ansel,Sallis,Wexley,Orchard,31
19:41,5777,Iris,Pennick,Ashcott Heath,Church,7
19:41,5871,Bella,Welch,Wexley,Bramble,23
19:41,5886,Jasper,Witton,Ashcott Heath,Orchard,2
19:41,5899,Uma,Bunting,Kittlewick,Church,30
19:41,5919,Ida,Hackett,Thornby Cross,Orchard,21
19:42,0047,Nell,Otway,Birchfold,Church,36
19:42,0334,Iris,Elstob,Dunwold,Orchard,6
19:42,0886,Rhoda,Cobbold,Kittlewick,Mill,28
19:42,1089,Una,Burnell,Birchfold,Orchard,12
19:42,1359,Basil,Eckford,Nettlebarrow,Mill,18
19:42,1702,Ella,Elgood,Ashcott Heath,Church,18
19:42,1771,Noel,Dunstan,Larkspur Green,Church,21
19:42,2010,Linus,Arkwright,Rushcombe,Bramble,9
19:42,2132,Flora,Elstob,Pennyholt,Mill,10
19:42,2430,Nora,Padley,Brackenhythe,Mill,9
19:42,3080,Otto,Judd,Rushcombe,Bramble,5
19:42,3921,Percy,Upton,Fernley,Mill,30
19:42,4054,Blanche,Ashendon,Fernley,Church,11
19:42,4198,Effie,Webley,Hatherby,Church,13
19:42,4685,Constance,Hawley,Morrowmere,Mill,35
19:42,4846,Jonah,Venables,Hatherby,Bramble,30
19:42,5054,Iris,Isherwood,Birchfold,Bramble,13
19:42,5484,Maud,Cobbold,Morrowmere,Mill,4
19:42,5636,Lydia,Digby,Morrowmere,Orchard,26
19:42,5916,Fabian,Elmore,Larkspur Green,Bramble,9
19:42,5967,Grace,Judd,Larkspur Green,Mill,25
19:43,0550,Flora,Thwaite,Kittlewick,Orchard,30
19:43,0575,Delia,Ainsworth,Morrowmere,Church,16
19:43,0578,Lucian,Sallis,Brackenhythe,Bramble,17
19:43,0593,Freda,Ewart,Nettlebarrow,Mill,22
19:43,1168,Greta,Ilsley,Wexley,Church,17
19:43,1928,Kit,Fairley,Fernley,Mill,35
19:43,2366,Uma,Meakin,Ashcott Heath,Mill,5
19:43,3297,Viola,Usworth,Birchfold,Bramble,15
19:43,3432,Arthur,Osgood,Dunwold,Orchard,17
19:43,3798,Milo,Elphick,Morrowmere,Orchard,17
19:43,4355,Dorian,Underwood,Dunwold,Orchard,7
19:43,4414,Nell,Ashworth,Fernley,Bramble,36
19:43,4825,Annabel,Venables,Nettlebarrow,Bramble,9
19:43,4838,Selma,Beck,Brackenhythe,Bramble,10
19:43,5298,Mercy,Wallis,Morrowmere,Bramble,5
19:43,5355,Myrtle,Ellwood,Morrowmere,Bramble,36
19:43,5640,Emma,Upton,Morrowmere,Bramble,24
19:43,5736,Bella,Gosling,Wexley,Orchard,32
19:43,5841,Ivy,Ambler,Kittlewick,Orchard,33
19:43,5947,Nell,Blythe,Ashcott Heath,Mill,13
19:44,0258,Elsie,Haldane,Owlhallow,Church,26
19:44,0386,Constance,Larkin,Ashcott Heath,Bramble,4
19:44,0618,Augusta,Isherwood,Morrowmere,Mill,28
19:44,0670,Walter,Hobday,Morrowmere,Mill,3
19:44,0706,Jonah,Tolley,Morrowmere,Mill,5
19:44,1225,Ansel,Skelton,Morrowmere,Bramble,8
19:44,1447,Enoch,Nuttall,Brackenhythe,Mill,17
19:44,2736,Thea,Chilton,Wexley,Mill,30
19:44,2936,Percy,Brock,Morrowmere,Bramble,33
19:44,3865,Enid,Newbolt,Yarrowby,Orchard,32
19:44,4066,Dorian,Welch,Morrowmere,Mill,3
19:44,4766,Edgar,Nettles,Morrowmere,Orchard,22
19:44,5386,Etta,Ambler,Dunwold,Orchard,34
19:44,5609,Nina,Nuttall,Nettlebarrow,Orchard,1
19:44,5849,Thea,Nettles,Morrowmere,Orchard,33
19:45,0491,Ivy,Edwards,Owlhallow,Mill,5
19:45,0671,Dora,Kitson,Morrowmere,Orchard,18
19:45,0992,Dorian,Beck,Rushcombe,Church,17
19:45,1112,Clement,Chilton,Brackenhythe,Bramble,2
19:45,1793,Vera,Underwood,Morrowmere,Mill,15
19:45,2329,Orla,Otway,Rushcombe,Orchard,35
19:45,2431,Iris,Gale,Nettlebarrow,Orchard,10
19:45,2439,Olive,Thwaite,Morrowmere,Orchard,6
19:45,2449,Lydia,Lowe,Brackenhythe,Orchard,1
19:45,2951,Willa,Nuttall,Ashcott Heath,Church,28
19:45,3122,Quentin,Fenwick,Nettlebarrow,Bramble,4
19:45,3201,Miriam,Nettles,Wexley,Bramble,5
19:45,3465,Rhoda,Thwaite,Rushcombe,Mill,14
19:45,3599,Arlo,Enright,Owlhallow,Church,3
19:45,3688,Cora,Clegg,Nettlebarrow,Orchard,30
19:45,3864,Martha,Vance,Ashcott Heath,Church,25
19:45,3879,Greta,Keeling,Yarrowby,Bramble,24
19:45,4052,Sadie,Arkwright,Thornby Cross,Orchard,1
19:45,4358,Etta,Finlow,Kittlewick,Bramble,28
19:45,4399,Jasper,Clegg,Ashcott Heath,Church,15
19:45,4833,Wilbur,Eastham,Wexley,Bramble,12
19:45,4962,Abel,Ormerod,Owlhallow,Bramble,24
19:45,5243,Elsie,Lowe,Yarrowby,Orchard,26
19:45,5734,Ida,Osgood,Larkspur Green,Mill,9
19:46,0236,Ebba,Godwin,Morrowmere,Church,1
19:46,0323,Ida,Underwood,Larkspur Green,Mill,27
19:46,0527,Ezra,Ebdon,Kittlewick,Orchard,35
19:46,0635,Lucian,Allsop,Birchfold,Bramble,24
19:46,1249,Annie,Fawcett,Wexley,Church,35
19:46,1369,Lottie,Beck,Kittlewick,Mill,8
19:46,1972,Kit,Barlow,Fernley,Church,19
19:46,2167,Emma,Ackroyd,Larkspur Green,Church,3
19:46,2667,Gideon,Allsop,Hatherby,Church,3
19:46,2770,Dahlia,Elmore,Morrowmere,Church,16
19:46,2786,Noel,Ulverton,Morrowmere,Orchard,33
19:46,2802,Maud,Yates,Pennyholt,Bramble,17
19:46,2886,Una,Fenwick,Morrowmere,Mill,6
19:46,3461,Grace,Anstey,Ashcott Heath,Orchard,31
19:46,3791,Hannah,Newbolt,Kittlewick,Mill,4
19:46,3804,Quentin,Noakes,Kittlewick,Bramble,22
19:46,4077,Philippa,Elgood,Pennyholt,Bramble,21
19:46,4365,Lena,Keeling,Thornby Cross,Orchard,6
19:46,4658,Arlo,Hawley,Birchfold,Bramble,23
19:46,4817,Celia,Padley,Rushcombe,Bramble,27
19:46,4824,Nell,Plumb,Larkspur Green,Church,22
19:46,5072,Miriam,Fenwick,Ashcott Heath,Orchard,16
19:46,5180,Oscar,Yelland,Morrowmere,Mill,21
19:46,5188,Olga,Monk,Ashcott Heath,Mill,3
19:46,5278,Ebba,Witton,Morrowmere,Bramble,17
19:46,5675,Olive,Noakes,Owlhallow,Church,5
19:46,5978,Nell,Hobday,Birchfold,Church,24
19:47,0180,Rosa,Wakely,Morrowmere,Church,36
19:47,0925,Osric,Nettles,Brackenhythe,Bramble,2
19:47,1227,Horace,Lumsden,Morrowmere,Church,30
19:47,1819,Cora,Gale,Hatherby,Church,10
19:47,2034,Selma,Vance,Birchfold,Church,1
19:47,2087,Otto,Ashworth,Hatherby,Bramble,32
19:47,2257,Noel,Bunting,Thornby Cross,Church,36
19:47,2319,Thea,Hackett,Nettlebarrow,Orchard,29
19:47,2723,Marian,Beck,Fernley,Orchard,18
19:47,2743,Ebba,Tolley,Birchfold,Mill,21
19:47,3467,Enid,Hamblin,Morrowmere,Orchard,30
19:47,3512,Gideon,Dawes,Thornby Cross,Mill,19
19:47,3634,Pearl,Oddie,Morrowmere,Mill,14
19:47,3907,Emma,Slade,Fernley,Bramble,19
19:47,4263,Viola,Bunting,Larkspur Green,Orchard,17
19:47,4386,Jude,Godwin,Brackenhythe,Orchard,19
19:47,4856,Ivy,Sutton,Morrowmere,Bramble,9
19:47,5143,Lydia,Pennick,Morrowmere,Mill,16
19:47,5426,Eden,Ellwood,Larkspur Green,Mill,5
19:47,5781,Arthur,Enright,Rushcombe,Mill,7
19:48,0435,Viola,Hobday,Morrowmere,Mill,30
19:48,0473,Leonard,Hobday,Wexley,Mill,30
19:48,0481,Bella,Yelland,Morrowmere,Orchard,3
19:48,0606,Gideon,Meakin,Morrowmere,Church,32
19:48,0847,Annie,Bowden,Wexley,Bramble,7
19:48,1205,Edgar,Sefton,Morrowmere,Orchard,15
19:48,1282,Arthur,Digby,Thornby Cross,Mill,21
19:48,1500,Harriet,Atherton,Hatherby,Orchard,1
19:48,2307,Ada,Orme,Morrowmere,Orchard,8
19:48,2361,Myrtle,Clegg,Owlhallow,Church,1
19:48,2414,Una,Yates,Morrowmere,Bramble,15
19:48,2575,Clara,Enright,Morrowmere,Bramble,34
19:48,2581,Marian,Twigg,Nettlebarrow,Bramble,36
19:48,2901,Lottie,Slade,Larkspur Green,Mill,27
19:48,3310,Clement,Uttley,Fernley,Bramble,9
19:48,3377,Dahlia,Ebdon,Wexley,Bramble,1
19:48,3382,Enoch,Ashworth,Dunwold,Mill,23
19:48,3656,Viola,Gilbey,Larkspur Green,Orchard,19
19:48,3843,Enoch,Rook,Pennyholt,Bramble,25
19:48,3983,Gwen,Winslow,Hatherby,Bramble,9
19:48,4161,Ella,Shilton,Morrowmere,Mill,34
19:48,4298,Grace,Aske,Ashcott Heath,Mill,17
19:48,4395,Elva,Ashdown,Thornby Cross,Mill,22
19:48,4498,Bertha,Pickles,Brackenhythe,Bramble,31
19:48,4789,Inez,Uttley,Ashcott Heath,Bramble,21
19:48,4961,Ulla,Osgood,Brackenhythe,Orchard,29
19:48,5134,Bella,Ambler,Brackenhythe,Bramble,12
19:48,5541,Alba,Stokes,Ashcott Heath,Mill,9
19:48,5561,Quentin,Ackroyd,Kittlewick,Church,36
19:48,5604,Emma,Wallis,Kittlewick,Church,2
19:48,5728,Arthur,Barlow,Nettlebarrow,Mill,6
19:49,0212,Dorian,Burnell,Pennyholt,Mill,10
19:49,0769,Beatrix,Dabney,Larkspur Green,Bramble,22
19:49,0819,Enid,Atherton,Ashcott Heath,Orchard,22
19:49,1313,Willa,Quayle,Hatherby,Bramble,22
19:49,1421,Ansel,Isherwood,Thornby Cross,Church,3
19:49,1814,Elsie,Padley,Fernley,Orchard,16
19:49,1897,Selma,Pocock,Morrowmere,Church,35
19:49,1909,Mabel,Bunting,Nettlebarrow,Church,1
19:49,1912,Annie,Webley,Nettlebarrow,Mill,2
19:49,2398,Jude,Kitson,Yarrowby,Mill,6
19:49,2406,Alba,Winslow,Kittlewick,Bramble,18
19:49,3057,Delia,Fawcett,Hatherby,Church,7
19:49,3091,Cedric,Wilmot,Rushcombe,Orchard,23
19:49,3105,Nora,Abbott,Larkspur Green,Bramble,31
19:49,3418,Martha,Underwood,Kittlewick,Bramble,11
19:49,4071,Annabel,Sefton,Ashcott Heath,Mill,5
19:49,5155,Nora,Ashworth,Hatherby,Church,36
19:49,5436,Otto,Oxenford,Morrowmere,Bramble,18
19:49,5469,Lottie,Coates,Brackenhythe,Bramble,7
19:50,0110,Cedric,Skelton,Morrowmere,Bramble,19
19:50,0131,Opal,Ashwell,Rushcombe,Bramble,36
19:50,0492,Maisie,Elphick,Owlhallow,Orchard,7
19:50,0656,Rosa,Lowe,Yarrowby,Bramble,26
19:50,0758,Uma,Lowe,Larkspur Green,Orchard,24
19:50,1009,Arthur,Thwaite,Morrowmere,Orchard,36
19:50,1128,Lavinia,Burnell,Yarrowby,Bramble,23
19:50,1155,Beatrix,Orme,Morrowmere,Church,25
19:50,1219,Vera,Ulverton,Owlhallow,Mill,30
19:50,1544,Linus,Onslow,Morrowmere,Bramble,13
19:50,1592,Freda,Stokes,Morrowmere,Church,5
19:50,1811,Elsie,Ulverton,Birchfold,Mill,36
19:50,1905,Olive,Orme,Morrowmere,Mill,11
19:50,1953,Eden,Phelps,Dunwold,Mill,16
19:50,2145,Opal,Hawley,Thornby Cross,Mill,9
19:50,2477,Lavinia,Welch,Morrowmere,Mill,13
19:50,2865,Ezra,Wakely,Hatherby,Mill,18
19:50,2961,Gwen,Swales,Dunwold,Church,2
19:50,3199,Cedric,Sallis,Birchfold,Orchard,21
19:50,3436,Annabel,Enright,Birchfold,Church,1
19:50,3607,Dorian,Nettles,Morrowmere,Church,14
19:50,3773,Maisie,Hobday,Birchfold,Orchard,18
19:50,4152,Dorian,Cobbold,Kittlewick,Bramble,9
19:50,4495,Orla,Elgood,Morrowmere,Mill,22
19:51,0104,Dahlia,Mellish,Fernley,Church,23
19:51,0448,Uma,Twigg,Morrowmere,Church,30
19:51,0569,Elva,Webley,Hatherby,Church,24
19:51,0591,Ruth,Pellow,Pennyholt,Orchard,32
19:51,0952,Cyril,Ingram,Fernley,Church,6
19:51,1950,Thea,Thwaite,Hatherby,Bramble,5
19:51,2175,Ivy,Brock,Morrowmere,Bramble,13
19:51,2717,Cedric,Onslow,Owlhallow,Orchard,11
19:51,2738,Fabian,Maddox,Yarrowby,Orchard,15
19:51,2807,Jasper,Lumsden,Thornby Cross,Church,21
19:51,2893,Mercy,Overton,Morrowmere,Orchard,1
19:51,3067,Otto,Swales,Ashcott Heath,Mill,32
19:51,3409,Nina,Yelland,Larkspur Green,Bramble,9
19:51,3523,Cora,Fawcett,Thornby Cross,Mill,12
19:51,3562,Rhoda,Lowe,Morrowmere,Orchard,8
19:51,4228,Jasper,Fairley,Birchfold,Mill,30
19:51,4543,Rhoda,Otway,Yarrowby,Bramble,6
19:51,4750,Freda,Isherwood,Morrowmere,Mill,33
19:51,5079,Etta,Atherton,Wexley,Bramble,7
19:51,5462,Vera,Lamb,Larkspur Green,Bramble,3
19:51,5885,Edgar,Redfern,Dunwold,Bramble,25
19:52,0124,Gideon,Monk,Thornby Cross,Mill,24
19:52,0437,Amos,Wallis,Brackenhythe,Orchard,5
19:52,0455,Linus,Sefton,Thornby Cross,Mill,19
19:52,0632,Edmund,Brock,Rushcombe,Orchard,5
19:52,0725,Pip,Padley,Brackenhythe,Mill,5
19:52,1204,Jude,Satchell,Birchfold,Church,6
19:52,1851,Harriet,Stokes,Hatherby,Church,27
19:52,2156,Noel,Edgworth,Ashcott Heath,Orchard,19
19:52,2222,Magnus,Gosling,Ashcott Heath,Mill,12
19:52,2412,Helena,Chilton,Owlhallow,Mill,31
19:52,2610,Maisie,Underwood,Brackenhythe,Mill,30
19:52,2725,Orla,Allsop,Larkspur Green,Orchard,18
19:52,2821,Orla,Webley,Birchfold,Bramble,14
19:52,2842,Ella,Eckford,Ashcott Heath,Bramble,26
19:52,3037,Nora,Sutton,Larkspur Green,Orchard,5
19:52,3125,Kit,Pocock,Owlhallow,Bramble,21
19:52,3142,Martha,Nuttall,Wexley,Bramble,32
19:52,3273,Una,Isherwood,Morrowmere,Bramble,31
19:52,3616,Edmund,Pellow,Pennyholt,Mill,28
19:52,3730,Myrtle,Bainbridge,Pennyholt,Bramble,9
19:52,4120,Lottie,Rudd,Pennyholt,Orchard,10
19:52,4823,Martha,Ashdown,Birchfold,Church,26
19:52,4875,Noel,Wilmot,Ashcott Heath,Mill,21
19:52,5051,Alma,Plumb,Dunwold,Church,23
19:52,5132,Ansel,Lamb,Rushcombe,Church,19
19:52,5291,Abel,Winslow,Wexley,Church,11
19:52,5528,Jonah,Uttley,Brackenhythe,Orchard,32
19:52,5779,Dora,Ashendon,Morrowmere,Church,12
19:52,5815,Martha,Allsop,Morrowmere,Bramble,28
19:52,5992,Arlo,Shilton,Larkspur Green,Mill,19
19:53,0270,Cyril,Ambler,Wexley,Mill,7
19:53,0445,Inez,Arkwright,Yarrowby,Church,14
19:53,0873,Blanche,Ashwell,Pennyholt,Church,29
19:53,0893,Morris,Nuttall,Kittlewick,Church,6
19:53,1142,Bertha,Ambler,Ashcott Heath,Church,19
19:53,2133,Orla,Hamblin,Kittlewick,Bramble,15
19:53,2589,Edgar,Stokes,Pennyholt,Mill,11
19:53,2615,Leonard,Maddox,Kittlewick,Bramble,20
19:53,2940,Olga,Gale,Thornby Cross,Orchard,5
19:53,3192,Inez,Venables,Dunwold,Mill,17
19:53,3224,Milo,Larkin,Birchfold,Bramble,32
19:53,3270,Effie,Ilsley,Fernley,Bramble,14
19:53,3538,Oona,Arkwright,Kittlewick,Mill,24
19:53,3623,Eleanor,Ireton,Dunwold,Orchard,23
19:53,3891,Vera,Yelland,Owlhallow,Church,3
19:53,4604,Marian,Noakes,Morrowmere,Bramble,9
19:53,4796,Alba,Lumsden,Brackenhythe,Church,10
19:53,5112,Edmund,Rook,Brackenhythe,Church,7
19:53,5256,Beatrix,Oddie,Thornby Cross,Bramble,28
19:53,5329,Grace,Elgood,Owlhallow,Orchard,18
19:53,5424,Thea,Allsop,Nettlebarrow,Church,12
19:53,5826,Ella,Overton,Larkspur Green,Orchard,30
19:53,5877,Dahlia,Brock,Hatherby,Mill,11
19:54,0067,Una,Slade,Birchfold,Bramble,28
19:54,0189,Rosa,Burnell,Fernley,Orchard,34
19:54,0458,Osric,Oldfield,Morrowmere,Mill,6
19:54,0993,Flora,Tolley,Morrowmere,Bramble,9
19:54,1086,Walter,Uttley,Hatherby,Bramble,34
19:54,1360,Magnus,Wallis,Birchfold,Bramble,9
19:54,1430,Ivy,Bunting,Nettlebarrow,Orchard,7
19:54,2195,Opal,Gilbey,Ashcott Heath,Mill,18
19:54,2572,Rhoda,Godwin,Rushcombe,Bramble,6
19:54,2763,Annabel,Ackroyd,Rushcombe,Bramble,2
19:54,2784,Lottie,Isherwood,Larkspur Green,Mill,34
19:54,3010,Effie,Ellwood,Yarrowby,Orchard,25
19:54,3222,Morris,Underwood,Kittlewick,Church,6
19:54,3540,Bella,Napier,Kittlewick,Orchard,15
19:54,3996,Thea,Godwin,Wexley,Orchard,3
19:54,4664,Walter,Mellish,Thornby Cross,Bramble,12
19:54,4797,Horace,Otway,Rushcombe,Church,12
19:54,4864,Blanche,Ashworth,Birchfold,Orchard,33
19:54,5322,Percy,Cobbold,Morrowmere,Bramble,14
19:55,1341,Cedric,Arkell,Ashcott Heath,Orchard,1
19:55,1615,Otto,Pocock,Morrowmere,Bramble,36
19:55,1696,Wilbur,Ambler,Morrowmere,Church,15
19:55,1778,Arthur,Webley,Pennyholt,Church,22
19:55,1975,Orson,Inchley,Wexley,Orchard,19
19:55,2018,Vera,Ainsworth,Dunwold,Bramble,15
19:55,2182,Leonard,Monk,Pennyholt,Bramble,2
19:55,2403,Effie,Yelland,Wexley,Church,28
19:55,2889,Nell,Ashdown,Wexley,Bramble,32
19:55,2969,Nina,Swales,Brackenhythe,Church,13
19:55,3344,Maisie,Rudd,Wexley,Church,33
19:55,3501,Viola,Finlow,Fernley,Orchard,34
19:55,3696,Myrtle,Sutton,Owlhallow,Mill,22
19:55,3760,Ida,Chilton,Kittlewick,Bramble,3
19:55,3801,Marian,Chilton,Birchfold,Mill,2
19:55,3806,Hannah,Ewart,Kittlewick,Bramble,26
19:55,3889,Eleanor,Oldroyd,Thornby Cross,Orchard,1
19:55,3920,Miriam,Osgood,Rushcombe,Church,3
19:55,4068,Willa,Ashwell,Wexley,Orchard,5
19:55,4612,Alma,Keeling,Rushcombe,Bramble,23
19:55,4712,Amos,Keeling,Yarrowby,Orchard,28
19:55,4876,Annabel,Hobday,Rushcombe,Bramble,1
19:55,4978,Lavinia,Sallis,Pennyholt,Mill,30
19:55,5281,Sadie,Clegg,Nettlebarrow,Mill,29
19:55,5295,Annabel,Nuttall,Rushcombe,Orchard,20
19:55,5372,Celia,Hobday,Larkspur Green,Mill,27
19:55,5447,Nora,Tolley,Birchfold,Mill,34
19:55,5667,Jude,Anstey,Kittlewick,Church,19
19:55,5934,Jonah,Haldane,Nettlebarrow,Orchard,2
19:56,0097,Delia,Tyson,Nettlebarrow,Church,14
19:56,0269,Amos,Swales,Morrowmere,Mill,28
19:56,0280,Lydia,Sallis,Ashcott Heath,Church,8
19:56,0757,Martha,Dabney,Dunwold,Orchard,22
19:56,1625,Ruth,Applegarth,Ashcott Heath,Orchard,2
19:56,2211,Viola,Ramsay,Morrowmere,Orchard,13
19:56,2333,Eden,Osgood,Kittlewick,Church,33
19:56,2720,Nina,Maddox,Pennyholt,Mill,19
19:56,2900,Bella,Digby,Birchfold,Bramble,18
19:56,2933,Lucian,Fairley,Fernley,Orchard,34
19:56,2950,Amos,Openshaw,Morrowmere,Church,25
19:56,2971,Milo,Pellow,Morrowmere,Church,30
19:56,3633,Sadie,Ainsworth,Morrowmere,Orchard,2
19:56,3700,Maud,Dawes,Ashcott Heath,Mill,18
19:56,3905,Cora,Noakes,Hatherby,Church,4
19:56,4009,Ebba,Chilton,Nettlebarrow,Orchard,3
19:56,4044,Ada,Plumb,Birchfold,Church,13
19:56,4139,Clement,Ingram,Ashcott Heath,Bramble,24
19:56,4389,Enoch,Eastham,Morrowmere,Church,4
19:56,4742,Eden,Ellingham,Owlhallow,Bramble,26
19:56,4952,Ivy,Ilsley,Morrowmere,Bramble,12
19:56,5043,Grace,Enright,Brackenhythe,Orchard,33
19:56,5543,Annie,Cobbold,Thornby Cross,Bramble,29
19:56,5591,Gideon,Fairley,Larkspur Green,Orchard,6
19:57,0024,Martha,Openshaw,Pennyholt,Mill,21
19:57,1072,Maud,Ambler,Yarrowby,Bramble,4
19:57,1331,Maisie,Sefton,Kittlewick,Orchard,7
19:57,1376,Lena,Atherton,Morrowmere,Bramble,17
19:57,1749,Jasper,Vance,Pennyholt,Church,2
19:57,2228,Anna,Dunstan,Thornby Cross,Bramble,29
19:57,2921,Dora,Heskett,Yarrowby,Bramble,30
19:57,3546,Magnus,Ockley,Yarrowby,Mill,29
19:57,3745,Elva,Ashby,Hatherby,Orchard,12
19:57,4186,Willa,Swales,Wexley,Bramble,36
19:57,4351,Bernard,Gilbey,Wexley,Orchard,3
19:57,4527,Viola,Satchell,Larkspur Green,Mill,27
19:57,4535,Philippa,Plumb,Pennyholt,Church,7
19:57,4564,Edgar,Osgood,Dunwold,Bramble,24
19:57,4756,Celia,Enright,Birchfold,Orchard,23
19:57,4813,Ebba,Usworth,Nettlebarrow,Orchard,2
19:57,4834,Willa,Oddie,Kittlewick,Bramble,35
19:57,5366,Isla,Padley,Yarrowby,Church,36
19:57,5810,Noel,Raikes,Hatherby,Mill,36
19:57,5831,Bella,Keeling,Morrowmere,Church,24
19:58,0002,Edgar,Thwaite,Morrowmere,Bramble,3
19:58,0050,Viola,Cobbold,Dunwold,Bramble,32
19:58,0132,Magnus,Onslow,Ashcott Heath,Orchard,29
19:58,0235,Abel,Finlow,Morrowmere,Bramble,13
19:58,0818,Opal,Aske,Morrowmere,Church,22
19:58,1232,Orson,Pellow,Ashcott Heath,Bramble,6
19:58,1251,Ada,Satchell,Yarrowby,Mill,27
19:58,1365,Lena,Oddie,Morrowmere,Mill,23
19:58,1737,Maisie,Nettles,Morrowmere,Church,18
19:58,1770,Orson,Heskett,Dunwold,Bramble,27
19:58,2495,Vera,Applegarth,Yarrowby,Orchard,14
19:58,2601,Maisie,Mellish,Morrowmere,Bramble,2
19:58,2618,Clement,Ebdon,Fernley,Church,36
19:58,2764,Maisie,Ambler,Brackenhythe,Orchard,22
19:58,3009,Thea,Ockley,Kittlewick,Mill,34
19:58,3146,Ada,Barlow,Wexley,Mill,33
19:58,3255,Effie,Maddox,Fernley,Bramble,36
19:58,3438,Osric,Lamb,Thornby Cross,Mill,7
19:58,3844,Etta,Ramsay,Owlhallow,Church,11
19:58,3974,Morris,Tolley,Dunwold,Bramble,15
19:58,4097,Sadie,Coates,Birchfold,Mill,29
19:58,4215,Una,Nettles,Hatherby,Bramble,2
19:58,4690,Uma,Uttley,Morrowmere,Bramble,17
19:58,5080,Jude,Noakes,Morrowmere,Orchard,9
19:58,5103,Dorian,Hobday,Larkspur Green,Bramble,32
19:58,5274,Inez,Judd,Morrowmere,Church,7
19:58,5288,Milo,Dabney,Morrowmere,Bramble,36
19:58,5310,Noel,Arkwright,Wexley,Bramble,24
19:59,0198,Selma,Bowden,Ashcott Heath,Mill,16
19:59,0467,Celia,Lumsden,Dunwold,Mill,36
19:59,0686,Marian,Raikes,Owlhallow,Bramble,21
19:59,0827,Orson,Yates,Dunwold,Orchard,26
19:59,1018,Anna,Phelps,Rushcombe,Orchard,14
19:59,1307,Blanche,Ireton,Kittlewick,Church,36
19:59,1422,Cyril,Dawes,Morrowmere,Bramble,22
19:59,1517,Ruth,Phelps,Larkspur Green,Bramble,4
19:59,1796,Cora,Bunting,Wexley,Orchard,27
19:59,2151,Ebba,Ebdon,Ashcott Heath,Bramble,29
19:59,2249,Oona,Rudd,Yarrowby,Bramble,12
19:59,2383,Ivo,Tasker,Larkspur Green,Church,1
19:59,2903,Freda,Elphick,Thornby Cross,Orchard,23
19:59,3127,Delia,Slade,Kittlewick,Orchard,3
19:59,3195,Clara,Oakley,Morrowmere,Mill,9
19:59,3482,Ivy,Ockley,Fernley,Bramble,29
19:59,3750,Clement,Nuttall,Morrowmere,Mill,28
19:59,4370,Philippa,Ellwood,Larkspur Green,Mill,31
19:59,4494,Ada,Eskdale,Morrowmere,Bramble,14
19:59,4674,Leonard,Ilsley,Pennyholt,Bramble,35
19:59,5530,Dora,Dawes,Dunwold,Orchard,18
19:59,5556,Annabel,Clegg,Owlhallow,Bramble,34
19:59,5639,Olive,Uttley,Morrowmere,Bramble,26
19:59,5874,Pip,Digby,Larkspur Green,Church,23
20:00,1442,Linus,Bowden,Morrowmere,Church,27
20:00,1551,Alba,Wallis,Nettlebarrow,Orchard,8
20:00,1732,Rosa,Kitson,Brackenhythe,Bramble,10
20:00,1733,Noel,Nettles,Hatherby,Orchard,21
20:00,2292,Gwen,Ockley,Thornby Cross,Bramble,1
20:00,2330,Enoch,Winslow,Hatherby,Mill,5
20:00,2410,Pip,Edgworth,Kittlewick,Bramble,34
20:00,2425,Etta,Cobbold,Hatherby,Mill,20
20:00,2539,Ansel,Ashendon,Fernley,Bramble,1
20:00,2557,Una,Anstey,Fernley,Mill,31
20:00,3289,Ivo,Gilbey,Owlhallow,Bramble,4
20:00,3358,Gideon,Wakely,Ashcott Heath,Bramble,17
20:00,3547,Ruth,Ulverton,Yarrowby,Church,32
20:00,3754,Ida,Hawley,Morrowmere,Church,25
20:00,3836,Morris,Ibbott,Ashcott Heath,Orchard,14
20:00,4087,Rosa,Brock,Dunwold,Church,9
20:00,4111,Eleanor,Slade,Ashcott Heath,Orchard,6
20:00,4278,Orla,Aske,Hatherby,Mill,10
20:00,4547,Greta,Atherton,Hatherby,Mill,18
20:00,5146,Effie,Osgood,Morrowmere,Orchard,35
20:00,5474,Edgar,Blythe,Yarrowby,Bramble,35
20:00,5516,Olive,Finlow,Birchfold,Mill,10
20:01,0100,Elsie,Osgood,Kittlewick,Church,29
20:01,0768,Enid,Ashdown,Owlhallow,Mill,6
20:01,1190,Milo,Ebdon,Pennyholt,Church,6
20:01,2518,Sadie,Bunting,Yarrowby,Church,28
20:01,2924,Thea,Beck,Nettlebarrow,Church,15
20:01,4035,Wilbur,Chalk,Morrowmere,Mill,1
20:01,4522,Morris,Ockley,Nettlebarrow,Orchard,7
20:01,5313,Dorian,Abbott,Ashcott Heath,Church,7
20:01,5553,Uma,Otway,Dunwold,Mill,34
20:01,5599,Sadie,Edwards,Fernley,Bramble,34
20:01,5628,Horace,Applegarth,Yarrowby,Mill,18
20:01,5674,Horace,Phelps,Brackenhythe,Mill,31
20:02,0192,Gideon,Pickles,Rushcombe,Mill,1
20:02,0595,Jasper,Shilton,Nettlebarrow,Bramble,10
20:02,1148,Kit,Noakes,Morrowmere,Mill,16
20:02,1435,Opal,Uttley,Morrowmere,Church,12
20:02,2372,Oona,Brock,Larkspur Green,Mill,2
20:02,2862,Ruth,Noakes,Birchfold,Bramble,13
20:02,3132,Philippa,Ulverton,Owlhallow,Church,10
20:02,3206,Nora,Hamblin,Morrowmere,Mill,12
20:02,3413,Grace,Coates,Morrowmere,Mill,16
20:02,3425,Thea,Lamb,Rushcombe,Mill,32
20:02,3608,Uma,Elphick,Thornby Cross,Bramble,14
20:02,4484,Sadie,Inchley,Morrowmere,Bramble,28
20:02,4569,Abel,Larkin,Hatherby,Orchard,8
20:02,4687,Basil,Ambler,Morrowmere,Bramble,12
20:02,4807,Annie,Allsop,Morrowmere,Orchard,30
20:02,5468,Una,Oldroyd,Ashcott Heath,Bramble,1
20:02,5602,Freda,Tolley,Morrowmere,Church,15
20:02,5701,Josie,Finlow,Morrowmere,Orchard,3
20:02,5913,Ivy,Dawes,Brackenhythe,Bramble,14
20:03,0390,Hannah,Otway,Pennyholt,Orchard,16
20:03,0692,Ivy,Anstey,Morrowmere,Church,34
20:03,1891,Harriet,Oakley,Pennyholt,Church,21
20:03,1945,Amos,Ambler,Pennyholt,Bramble,6
20:03,1959,Ezra,Hackett,Hatherby,Bramble,7
20:03,2227,Gideon,Orme,Wexley,Orchard,9
20:03,2265,Maud,Slade,Brackenhythe,Mill,36
20:03,2354,Ebba,Redfern,Birchfold,Church,26
20:03,2426,Uma,Witton,Owlhallow,Church,13
20:03,2775,Una,Elphick,Morrowmere,Bramble,13
20:03,2877,Ebba,Hackett,Dunwold,Bramble,7
20:03,3096,Nina,Chalk,Kittlewick,Bramble,20
20:03,3200,Lydia,Ellingham,Nettlebarrow,Bramble,31
20:03,3532,Annabel,Pellow,Pennyholt,Church,8
20:03,3611,Opal,Dawes,Morrowmere,Church,15
20:03,4188,Miriam,Ashworth,Morrowmere,Mill,30
20:03,4734,Helena,Redfern,Morrowmere,Orchard,29
20:03,5117,Magnus,Bainbridge,Nettlebarrow,Church,23
20:03,5666,Jude,Ilsley,Morrowmere,Bramble,16
20:03,5887,Vera,Barlow,Ashcott Heath,Orchard,24
20:04,1127,Arthur,Plumb,Nettlebarrow,Orchard,19
20:04,1294,Oscar,Hackett,Kittlewick,Orchard,22
20:04,1735,Mercy,Ilsley,Ashcott Heath,Bramble,2
20:04,2043,Annie,Bainbridge,Rushcombe,Mill,22
20:04,2308,Morris,Brock,Larkspur Green,Orchard,25
20:04,2488,Horace,Redfern,Morrowmere,Bramble,14
20:04,2846,Amos,Pennick,Fernley,Orchard,18
20:04,3098,Nell,Arkwright,Wexley,Church,7
20:04,4830,Willa,Maddox,Morrowmere,Orchard,3
20:04,5412,Emma,Skelton,Dunwold,Bramble,7
20:04,5642,Dora,Mellish,Rushcombe,Orchard,30
20:04,5719,Mercy,Keeling,Birchfold,Orchard,29
20:04,5963,Kit,Ibbott,Pennyholt,Mill,24
20:05,0436,Mercy,Shilton,Morrowmere,Bramble,18
20:05,0554,Bernard,Welch,Morrowmere,Bramble,26
20:05,0860,Anna,Burnell,Fernley,Orchard,17
20:05,1111,Walter,Usworth,Owlhallow,Church,15
20:05,1196,Amos,Witton,Ashcott Heath,Bramble,6
20:05,1449,Rhoda,Ibbott,Nettlebarrow,Bramble,36
20:05,1751,Ulla,Cobbold,Larkspur Green,Church,32
20:05,2122,Inez,Maddox,Brackenhythe,Orchard,14
20:05,2465,Gwen,Sutton,Larkspur Green,Bramble,36
20:05,2535,Wilbur,Elstob,Pennyholt,Bramble,9
20:05,3216,Mercy,Lowe,Morrowmere,Church,36
20:05,3288,Rhoda,Rook,Kittlewick,Church,32
20:05,3545,Ulla,Eastham,Yarrowby,Bramble,6
20:05,4801,Amos,Nettles,Birchfold,Orchard,21
20:05,4884,Maud,Lowe,Morrowmere,Orchard,4
20:05,4944,Noel,Blythe,Thornby Cross,Church,11
20:06,0306,Dorian,Newbolt,Birchfold,Orchard,2
20:06,0641,Effie,Bowden,Pennyholt,Bramble,33
20:06,0681,Fabian,Ashwell,Hatherby,Orchard,19
20:06,1355,Beatrix,Plumb,Nettlebarrow,Orchard,36
20:06,1392,Myrtle,Godwin,Ashcott Heath,Mill,33
20:06,1523,Maud,Monk,Hatherby,Church,11
20:06,1728,Lottie,Blythe,Birchfold,Mill,13
20:06,1831,Enoch,Padley,Owlhallow,Church,6
20:06,2097,Celia,Eckford,Morrowmere,Orchard,22
20:06,2198,Hector,Newbolt,Pennyholt,Church,13
20:06,2267,Helena,Tyson,Dunwold,Church,34
20:06,3442,Enid,Bowden,Thornby Cross,Church,8
20:06,3507,Una,Underwood,Thornby Cross,Bramble,17
20:06,3789,Ida,Welch,Brackenhythe,Orchard,21
20:06,3910,Arthur,Maddox,Morrowmere,Bramble,7
20:06,4643,Alba,Blythe,Larkspur Green,Orchard,21
20:06,4760,Edmund,Arkell,Brackenhythe,Bramble,15
20:06,5242,Viola,Ellingham,Wexley,Bramble,31
20:06,5532,Amos,Heskett,Birchfold,Orchard,22
20:06,5593,Harriet,Wallis,Brackenhythe,Orchard,31
20:07,0342,Edmund,Ormerod,Nettlebarrow,Mill,20
20:07,0430,Nora,Vance,Nettlebarrow,Orchard,20
20:07,1120,Constance,Cobbold,Wexley,Orchard,18
20:07,1705,Etta,Openshaw,Ashcott Heath,Bramble,22
20:07,1719,Alba,Bunting,Kittlewick,Church,34
20:07,1857,Effie,Elmore,Rushcombe,Orchard,7
20:07,2326,Elva,Elgood,Morrowmere,Mill,7
20:07,3350,Walter,Arkwright,Ashcott Heath,Bramble,27
20:07,3399,Noel,Chalk,Hatherby,Orchard,36
20:07,3918,Thea,Vance,Wexley,Bramble,28
20:07,4378,Dahlia,Lowe,Nettlebarrow,Mill,30
20:07,5378,Clara,Gosling,Larkspur Green,Bramble,14
20:07,5423,Magnus,Tasker,Nettlebarrow,Church,26
20:07,5547,Ivy,Pennick,Larkspur Green,Bramble,2
20:07,5902,Gideon,Bainbridge,Birchfold,Mill,30
20:08,0240,Beatrix,Arkwright,Morrowmere,Mill,34
20:08,0302,Enid,Fawcett,Yarrowby,Orchard,24
20:08,0365,Pearl,Brock,Birchfold,Orchard,15
20:08,0557,Myrtle,Hawley,Nettlebarrow,Church,9
20:08,0620,Dahlia,Godwin,Morrowmere,Church,6
20:08,0733,Iris,Underwood,Owlhallow,Bramble,25
20:08,0955,Jonah,Lowe,Morrowmere,Mill,18
20:08,1063,Arthur,Elmore,Owlhallow,Orchard,19
20:08,1229,Freda,Dunstan,Owlhallow,Bramble,2
20:08,1364,Edmund,Rudd,Rushcombe,Mill,36
20:08,1519,Olive,Edgworth,Pennyholt,Church,15
20:08,1678,Ivo,Sefton,Rushcombe,Mill,10
20:08,2160,Vera,Uttley,Pennyholt,Church,15
20:08,2189,Martha,Welch,Nettlebarrow,Mill,25
20:08,2334,Philippa,Gale,Wexley,Bramble,1
20:08,2337,Oona,Ashendon,Morrowmere,Orchard,33
20:08,2684,Bertha,Haldane,Rushcombe,Mill,15
20:08,3124,Hector,Rook,Hatherby,Mill,5
20:08,3449,Iris,Haldane,Morrowmere,Church,33
20:08,3807,Opal,Arkell,Hatherby,Bramble,3
20:08,3936,Bella,Coates,Morrowmere,Church,17
20:08,4042,Arlo,Ellingham,Rushcombe,Mill,22
20:08,4673,Ulla,Edwards,Thornby Cross,Mill,5
20:08,5037,Delia,Underwood,Morrowmere,Bramble,15
20:08,5144,Pip,Rook,Nettlebarrow,Church,20
20:08,5420,Lucian,Oddie,Owlhallow,Church,35
20:08,5711,Selma,Raikes,Dunwold,Orchard,31
20:08,5804,Wilbur,Heskett,Wexley,Church,16
20:09,0223,Cedric,Thwaite,Pennyholt,Bramble,26
20:09,0428,Ebba,Pocock,Kittlewick,Orchard,24
20:09,1944,Uma,Gosling,Morrowmere,Mill,2
20:09,2066,Martha,Tasker,Owlhallow,Church,29
20:09,2355,Opal,Gosling,Birchfold,Bramble,34
20:09,3472,Orla,Chilton,Morrowmere,Bramble,31
20:09,3790,Olga,Pocock,Morrowmere,Mill,13
20:09,3964,Elsie,Upton,Morrowmere,Orchard,20
20:09,4037,Beatrix,Ellwood,Ashcott Heath,Bramble,18
20:09,4107,Orson,Allsop,Birchfold,Church,3
20:10,0095,Osric,Upton,Dunwold,Church,33
20:10,0165,Nora,Ewart,Morrowmere,Bramble,19
20:10,0214,Ansel,Bainbridge,Larkspur Green,Church,4
20:10,0247,Martha,Dunstan,Birchfold,Bramble,19
20:10,0822,Osric,Cobbold,Pennyholt,Bramble,3
20:10,1240,Lavinia,Ormerod,Yarrowby,Mill,14
20:10,1304,Selma,Ellingham,Nettlebarrow,Orchard,16
20:10,1428,Uma,Osgood,Kittlewick,Bramble,10
20:10,1558,Eden,Keeling,Morrowmere,Orchard,22
20:10,1618,Anna,Tyson,Yarrowby,Mill,23
20:10,2450,Lydia,Eckford,Larkspur Green,Mill,32
20:10,2457,Cora,Hawley,Thornby Cross,Church,15
20:10,2504,Etta,Ashby,Larkspur Green,Bramble,34
20:10,2787,Ivy,Ebdon,Dunwold,Mill,14
20:10,2805,Hector,Upton,Hatherby,Church,19
20:10,3063,Ruth,Onslow,Morrowmere,Bramble,32
20:10,3191,Arthur,Ellingham,Birchfold,Bramble,20
20:10,3316,Alma,Ellingham,Brackenhythe,Church,3
20:10,3755,Willa,Arkwright,Pennyholt,Church,16
20:10,3873,Maud,Oddie,Hatherby,Mill,5
20:10,5712,Otto,Napier,Rushcombe,Bramble,26
20:10,5789,Miriam,Applegarth,Morrowmere,Orchard,3
20:10,5796,Josie,Ireton,Ashcott Heath,Orchard,33
20:11,0262,Rosa,Chalk,Rushcombe,Bramble,7
20:11,0418,Oona,Bowden,Fernley,Bramble,33
20:11,0892,Jude,Swales,Owlhallow,Mill,7
20:11,0958,Arlo,Phelps,Morrowmere,Mill,32
20:11,1094,Nell,Pocock,Morrowmere,Church,26
20:11,1617,Josie,Witton,Dunwold,Orchard,8
20:11,1802,Annie,Quayle,Pennyholt,Orchard,11
20:11,1869,Bernard,Gale,Brackenhythe,Bramble,23
20:11,1893,Leonard,Ellingham,Morrowmere,Bramble,19
20:11,2055,Helena,Pickles,Pennyholt,Bramble,7
20:11,2144,Edgar,Ilsley,Thornby Cross,Church,33
20:11,2604,Clement,Osgood,Dunwold,Orchard,33
20:11,2721,Myrtle,Usworth,Kittlewick,Bramble,15
20:11,3651,Cora,Elgood,Larkspur Green,Mill,27
20:11,3915,Maisie,Ackroyd,Morrowmere,Orchard,24
20:11,4128,Ruth,Yates,Thornby Cross,Bramble,16
20:11,4375,Marian,Cobbold,Larkspur Green,Bramble,6
20:11,4848,Lucian,Wallis,Hatherby,Orchard,33
20:11,5228,Thea,Coates,Pennyholt,Mill,7
20:11,5432,Eden,Ashby,Wexley,Bramble,4
20:11,5769,Flora,Skelton,Nettlebarrow,Orchard,23
20:11,5914,Flora,Oldfield,Morrowmere,Mill,16
20:12,0502,Constance,Allsop,Morrowmere,Mill,28
20:12,1010,Orla,Blythe,Nettlebarrow,Mill,19
20:12,1084,Cyril,Oldfield,Ashcott Heath,Bramble,5
20:12,1179,Alma,Clegg,Wexley,Orchard,5
20:12,1457,Osric,Haldane,Morrowmere,Church,27
20:12,1774,Maud,Applegarth,Owlhallow,Church,13
20:12,1870,Alba,Ashworth,Owlhallow,Church,28
20:12,1985,Lydia,Allsop,Morrowmere,Orchard,36
20:12,2147,Edgar,Yelland,Yarrowby,Orchard,24
20:12,3180,Edgar,Skelton,Larkspur Green,Mill,11
20:12,3231,Jasper,Edwards,Morrowmere,Bramble,6
20:12,3531,Abel,Digby,Rushcombe,Bramble,34
20:12,3574,Gwen,Osgood,Morrowmere,Mill,29
20:12,4655,Olga,Elstob,Thornby Cross,Church,36
20:12,5148,Celia,Stokes,Rushcombe,Bramble,31
20:12,5463,Alma,Applegarth,Morrowmere,Church,6
20:12,5500,Milo,Mellish,Birchfold,Mill,21
20:12,5708,Fabian,Pickles,Kittlewick,Church,15
20:13,0063,Ulla,Arkwright,Morrowmere,Mill,29
20:13,0087,Una,Godwin,Ashcott Heath,Bramble,14
20:13,0142,Hannah,Gilbey,Ashcott Heath,Church,12
20:13,0534,Uma,Godwin,Larkspur Green,Orchard,15
20:13,0552,Celia,Twigg,Kittlewick,Orchard,6
20:13,1064,Freda,Swales,Larkspur Green,Bramble,14
20:13,1158,Olive,Onslow,Dunwold,Mill,4
20:13,1287,Mabel,Ireton,Pennyholt,Mill,12
20:13,1329,Edmund,Hackett,Yarrowby,Mill,9
20:13,1747,Abel,Bowden,Wexley,Church,29
20:13,1916,Ruth,Dabney,Fernley,Church,25
20:13,1923,Clara,Sutton,Morrowmere,Bramble,13
20:13,2276,Gwen,Kaye,Hatherby,Orchard,22
20:13,2424,Constance,Sutton,Brackenhythe,Church,20
20:13,2661,Amos,Tyson,Nettlebarrow,Mill,30
20:13,3128,Hector,Mellish,Ashcott Heath,Mill,34
20:13,3820,Ulla,Ormerod,Morrowmere,Orchard,19
20:13,3832,Jonah,Oldroyd,Birchfold,Mill,26
20:13,5044,Augusta,Meakin,Owlhallow,Church,10
20:13,5177,Gideon,Burnell,Morrowmere,Bramble,35
20:13,5685,Bernard,Yelland,Kittlewick,Mill,17
20:14,0702,Jonah,Dabney,Morrowmere,Orchard,24
20:14,0704,Arthur,Dawes,Morrowmere,Bramble,1
20:14,1161,Harriet,Wakely,Larkspur Green,Orchard,9
20:14,1477,Eleanor,Nuttall,Hatherby,Bramble,25
20:14,1626,Nora,Lumsden,Morrowmere,Bramble,29
20:14,1840,Basil,Isherwood,Kittlewick,Orchard,4
20:14,2058,Clara,Wakely,Larkspur Green,Bramble,32
20:14,2485,Ulla,Pennick,Owlhallow,Church,36
20:14,2521,Hannah,Welch,Brackenhythe,Orchard,5
20:14,3266,Oscar,Blythe,Kittlewick,Bramble,11
20:14,3875,Marian,Tyson,Kittlewick,Bramble,9
20:14,4348,Ruth,Digby,Pennyholt,Orchard,33
20:14,4688,Jude,Sutton,Morrowmere,Church,5
20:14,4694,Grace,Barlow,Morrowmere,Bramble,19
20:14,4776,Jasper,Isherwood,Hatherby,Church,29
20:14,4874,Amos,Ashdown,Nettlebarrow,Bramble,11
20:14,5147,Constance,Onslow,Wexley,Orchard,5
20:15,0506,Ruth,Usworth,Nettlebarrow,Bramble,17
20:15,0542,Grace,Orme,Wexley,Mill,7
20:15,0594,Jude,Ambler,Rushcombe,Church,2
20:15,0936,Jonah,Eastham,Birchfold,Orchard,11
20:15,1681,Emma,Edgworth,Morrowmere,Church,7
20:15,1764,Gideon,Osgood,Morrowmere,Church,29
20:15,4409,Olga,Openshaw,Hatherby,Mill,12
20:15,4475,Ruth,Ellingham,Morrowmere,Bramble,12
20:15,4503,Eleanor,Ellingham,Morrowmere,Bramble,36
20:15,4906,Milo,Oddie,Hatherby,Mill,5
20:15,5087,Martha,Ashby,Morrowmere,Bramble,34
20:15,5438,Annie,Oldroyd,Nettlebarrow,Bramble,8
20:15,5619,Ada,Winslow,Owlhallow,Bramble,29
20:16,0166,Ida,Tolley,Fernley,Mill,32
20:16,1708,Ida,Nettles,Nettlebarrow,Mill,11
20:16,2544,Grace,Tasker,Pennyholt,Mill,7
20:16,2558,Mercy,Slade,Fernley,Orchard,28
20:16,2822,Marian,Tasker,Rushcombe,Bramble,10
20:16,3406,Oona,Elstob,Morrowmere,Bramble,12
20:16,3715,Ezra,Heskett,Nettlebarrow,Church,35
20:16,3885,Morris,Lowe,Morrowmere,Mill,7
20:16,4048,Ida,Arkwright,Kittlewick,Bramble,19
20:16,5013,Willa,Stokes,Morrowmere,Orchard,32
20:16,5428,Vera,Witton,Morrowmere,Bramble,17
20:17,0079,Leonard,Barlow,Thornby Cross,Mill,5
20:17,0434,Cyril,Vance,Hatherby,Bramble,13
20:17,0462,Milo,Tolley,Yarrowby,Church,35
20:17,1078,Bernard,Oakley,Thornby Cross,Mill,14
20:17,1408,Jasper,Satchell,Brackenhythe,Bramble,19
20:17,1441,Walter,Sutton,Owlhallow,Church,21
20:17,1573,Thea,Raikes,Rushcombe,Bramble,31
20:17,1830,Lottie,Upton,Yarrowby,Bramble,4
20:17,2352,Una,Aske,Pennyholt,Bramble,13
20:17,2698,Greta,Dabney,Morrowmere,Bramble,31
20:17,3306,Martha,Elstob,Morrowmere,Orchard,22
20:17,3892,Lena,Pennick,Morrowmere,Mill,22
20:17,4505,Rhoda,Finlow,Morrowmere,Orchard,16
20:17,4634,Selma,Finlow,Morrowmere,Bramble,17
20:17,4887,Ada,Fairley,Morrowmere,Orchard,9
20:17,4891,Oona,Ewart,Yarrowby,Church,33
20:17,5259,Orson,Gosling,Fernley,Bramble,24
20:17,5300,Dahlia,Elstob,Wexley,Bramble,26
20:17,5482,Delia,Ireton,Birchfold,Church,32
20:17,5832,Bella,Arkwright,Dunwold,Orchard,26
20:17,6000,Bernard,Cobbold,Dunwold,Orchard,18
20:18,0422,Sadie,Quayle,Owlhallow,Bramble,26
20:18,1060,Horace,Quayle,Thornby Cross,Orchard,25
20:18,1393,Ada,Nettles,Wexley,Church,32
20:18,1412,Maisie,Fairley,Pennyholt,Bramble,7
20:18,2065,Magnus,Upton,Pennyholt,Orchard,30
20:18,2803,Walter,Pennick,Kittlewick,Orchard,35
20:18,3030,Vera,Cobbold,Larkspur Green,Mill,8
20:18,3041,Enoch,Mellish,Morrowmere,Church,27
20:18,3657,Horace,Skelton,Ashcott Heath,Bramble,29
20:18,3998,Celia,Slade,Morrowmere,Orchard,6
20:18,4102,Dora,Quayle,Nettlebarrow,Mill,35
20:18,4206,Lottie,Pellow,Thornby Cross,Orchard,14
20:18,4515,Viola,Osgood,Ashcott Heath,Orchard,18
20:18,4681,Isla,Atherton,Owlhallow,Bramble,27
20:18,4872,Lottie,Wallis,Birchfold,Orchard,23
20:18,5254,Enid,Yelland,Morrowmere,Church,11
20:18,5398,Maisie,Slade,Wexley,Church,34
20:18,5515,Mercy,Rook,Morrowmere,Church,25
20:19,1079,Philippa,Shilton,Rushcombe,Church,20
20:19,1633,Osric,Kitson,Birchfold,Orchard,20
20:19,1981,Elva,Allsop,Pennyholt,Church,4
20:19,2338,Marian,Burnell,Owlhallow,Mill,1
20:19,2769,Thea,Plumb,Brackenhythe,Bramble,31
20:19,3077,Flora,Phelps,Wexley,Orchard,27
20:19,3320,Maud,Chilton,Owlhallow,Church,15
20:19,3622,Ida,Elphick,Ashcott Heath,Bramble,20
20:19,4342,Edmund,Yelland,Thornby Cross,Orchard,17
20:19,4441,Kit,Lamb,Birchfold,Orchard,7
20:20,0122,Lydia,Bowden,Hatherby,Mill,9
20:20,0252,Edgar,Webley,Morrowmere,Orchard,16
20:20,0303,Anna,Yates,Morrowmere,Orchard,10
20:20,1097,Alma,Oddie,Ashcott Heath,Church,21
20:20,1458,Miriam,Meakin,Fernley,Church,24
20:20,1462,Lena,Hawley,Morrowmere,Orchard,16
20:20,2343,Dorian,Ramsay,Brackenhythe,Mill,6
20:20,2522,Dahlia,Ormerod,Wexley,Bramble,22
20:20,2605,Willa,Orme,Larkspur Green,Bramble,13
20:20,3179,Constance,Ingram,Birchfold,Bramble,35
20:20,4279,Maisie,Yelland,Morrowmere,Bramble,19
20:20,4411,Sadie,Satchell,Brackenhythe,Bramble,34
20:20,5007,Pearl,Eckford,Morrowmere,Mill,14
20:20,5105,Nell,Thwaite,Brackenhythe,Bramble,9
20:20,5136,Pip,Enright,Fernley,Bramble,14
20:20,5842,Clara,Pennick,Larkspur Green,Bramble,23
20:20,5996,Cyril,Finlow,Nettlebarrow,Mill,31
20:21,0221,Eden,Ockley,Morrowmere,Mill,7
20:21,0488,Basil,Tasker,Owlhallow,Mill,7
20:21,0753,Pip,Vance,Morrowmere,Orchard,35
20:21,0784,Annie,Ingram,Hatherby,Bramble,18
20:21,0856,Horace,Inchley,Brackenhythe,Bramble,6
20:21,1100,Viola,Meakin,Fernley,Mill,1
20:21,1116,Elsie,Orme,Rushcombe,Bramble,31
20:21,1180,Viola,Skelton,Yarrowby,Church,23
20:21,1236,Ansel,Fairley,Nettlebarrow,Church,20
20:21,1247,Bertha,Isherwood,Pennyholt,Bramble,3
20:21,1593,Basil,Finlow,Owlhallow,Orchard,17
20:21,2302,Bertha,Lamb,Thornby Cross,Orchard,12
20:21,2362,Annabel,Ashendon,Owlhallow,Church,15
20:21,2707,Dorian,Dawes,Thornby Cross,Mill,16
20:21,2790,Fabian,Ebdon,Birchfold,Mill,5
20:21,2817,Helena,Overton,Morrowmere,Mill,14
20:21,3283,Lydia,Brock,Pennyholt,Church,21
20:21,3691,Thea,Ashdown,Morrowmere,Bramble,9
20:21,5099,Pearl,Ashby,Wexley,Bramble,9
20:21,5458,Linus,Ibbott,Morrowmere,Orchard,16
20:22,0369,Maud,Rook,Morrowmere,Church,13
20:22,0748,Josie,Thwaite,Fernley,Orchard,9
20:22,0795,Fabian,Redfern,Wexley,Orchard,11
20:22,1293,Celia,Heskett,Pennyholt,Orchard,13
20:22,2464,Jonah,Nettles,Birchfold,Bramble,17
20:22,2634,Delia,Plumb,Owlhallow,Mill,36
20:22,2929,Fabian,Eastham,Morrowmere,Mill,23
20:22,3450,Anna,Overton,Morrowmere,Bramble,29
20:22,3718,Nora,Monk,Rushcombe,Orchard,13
20:22,4020,Emma,Witton,Birchfold,Orchard,7
20:22,4190,Dorian,Ulverton,Pennyholt,Bramble,4
20:22,4536,Cedric,Underwood,Yarrowby,Mill,33
20:22,5548,Maisie,Arkwright,Fernley,Bramble,24
20:23,0916,Marian,Ireton,Morrowmere,Church,32
20:23,3456,Kit,Yates,Wexley,Mill,4
20:23,3568,Oscar,Rudd,Owlhallow,Orchard,25
20:23,3665,Kit,Edgworth,Ashcott Heath,Church,31
20:23,3762,Cedric,Tolley,Morrowmere,Church,24
20:23,4970,Elva,Heskett,Hatherby,Bramble,19
20:24,1102,Isla,Otway,Owlhallow,Church,12
20:24,1297,Olga,Ashworth,Morrowmere,Church,17
20:24,1631,Maisie,Heskett,Fernley,Orchard,16
20:24,2617,Orson,Oakley,Larkspur Green,Orchard,15
20:24,2729,Grace,Ingram,Morrowmere,Church,15
20:24,3815,Ada,Ramsay,Morrowmere,Orchard,33
20:24,4737,Una,Tolley,Larkspur Green,Mill,24
20:24,4762,Josie,Coates,Morrowmere,Bramble,20
20:24,5045,Rhoda,Eastham,Owlhallow,Mill,8
20:24,5128,Maisie,Phelps,Pennyholt,Mill,32
20:24,5501,Edgar,Ewart,Morrowmere,Orchard,28
20:25,0643,Jasper,Gosling,Morrowmere,Mill,34
20:25,1440,Orson,Shilton,Nettlebarrow,Mill,20
20:25,2620,Eleanor,Clegg,Hatherby,Mill,27
20:25,3120,Jude,Gale,Owlhallow,Orchard,17
20:25,3462,Isla,Vance,Morrowmere,Orchard,25
20:25,3985,Vera,Anstey,Dunwold,Orchard,30
20:25,4537,Orla,Shilton,Rushcombe,Bramble,34
20:25,5380,Pip,Kaye,Pennyholt,Orchard,18
20:26,0076,Dorian,Yates,Morrowmere,Church,31
20:26,0662,Thea,Gilbey,Birchfold,Bramble,31
20:26,1132,Mabel,Maddox,Kittlewick,Church,36
20:26,1237,Nell,Overton,Thornby Cross,Bramble,7
20:26,1669,Ruth,Raikes,Morrowmere,Orchard,20
20:26,2165,Cedric,Mellish,Birchfold,Bramble,23
20:26,2171,Iris,Meakin,Morrowmere,Bramble,11
20:26,2322,Bella,Oxenford,Morrowmere,Orchard,29
20:26,2859,Morris,Ebdon,Morrowmere,Orchard,30
20:26,3282,Lottie,Onslow,Birchfold,Mill,17
20:26,4023,Ida,Pennick,Rushcombe,Mill,5
20:26,4063,Magnus,Vance,Ashcott Heath,Bramble,10
20:26,4647,Mabel,Bainbridge,Owlhallow,Orchard,28
20:26,5049,Lydia,Elstob,Morrowmere,Mill,18
20:26,5294,Magnus,Ireton,Morrowmere,Bramble,5
20:26,5301,Lena,Ulverton,Pennyholt,Mill,35
20:26,5653,Blanche,Tolley,Morrowmere,Church,34
20:27,0497,Ada,Bunting,Morrowmere,Bramble,27
20:27,1900,Uma,Aske,Morrowmere,Mill,8
20:27,1956,Ivy,Ellwood,Larkspur Green,Mill,10
20:27,2210,Opal,Welch,Morrowmere,Bramble,9
20:27,2357,Alma,Ireton,Nettlebarrow,Orchard,32
20:27,2454,Alba,Wakely,Thornby Cross,Bramble,17
20:27,2506,Iris,Oldroyd,Dunwold,Bramble,6
20:27,2967,Rhoda,Eskdale,Nettlebarrow,Church,28
20:27,3260,Quentin,Fawcett,Yarrowby,Bramble,32
20:27,3394,Opal,Redfern,Ashcott Heath,Orchard,31
20:27,3511,Rosa,Heskett,Larkspur Green,Church,27
20:27,4492,Dora,Fawcett,Pennyholt,Church,5
20:27,4904,Ada,Maddox,Morrowmere,Church,30
20:27,4943,Hannah,Finlow,Wexley,Mill,14
20:27,4964,Cedric,Judd,Brackenhythe,Bramble,35
20:27,5062,Nora,Arkell,Yarrowby,Bramble,17
20:27,5104,Isla,Wakely,Rushcombe,Orchard,6
20:27,5664,Etta,Underwood,Dunwold,Mill,16
20:27,5778,Bernard,Vance,Rushcombe,Church,35
20:28,0351,Effie,Ramsay,Yarrowby,Mill,35
20:28,0453,Elva,Napier,Morrowmere,Bramble,3
20:28,0718,Ebba,Anstey,Thornby Cross,Bramble,19
20:28,0787,Pip,Dabney,Dunwold,Church,15
20:28,1647,Osric,Jessop,Morrowmere,Orchard,27
20:28,2209,Dora,Dabney,Morrowmere,Orchard,24
20:28,2225,Augusta,Yates,Rushcombe,Church,25
20:28,3103,Otto,Edwards,Birchfold,Mill,2
20:28,3299,Alma,Ashendon,Fernley,Bramble,28
20:28,4539,Arthur,Otway,Morrowmere,Bramble,23
20:28,5113,Ida,Rudd,Morrowmere,Church,35
20:29,1585,Constance,Raikes,Pennyholt,Mill,15
20:29,1930,Effie,Ibbott,Kittlewick,Church,18
20:29,2799,Philippa,Usworth,Pennyholt,Mill,35
20:29,2826,Martha,Larkin,Ashcott Heath,Orchard,23
20:29,2856,Ivo,Eastham,Larkspur Green,Mill,3
20:29,3459,Annabel,Elgood,Rushcombe,Mill,23
20:29,4222,Enoch,Eskdale,Nettlebarrow,Church,12
20:29,4632,Enoch,Brock,Yarrowby,Bramble,9
20:29,5330,Oscar,Ashby,Dunwold,Mill,26
