entry,ticket,first,last,town,gate,stall
16:00,0123,Iris,Rudd,Pikesmere,South,18
16:00,0344,Nell,Burnell,Owlsgate,East,8
16:00,0761,Bertha,Dunstan,Ravensholt,North,17
16:00,1413,Jude,Abbott,Barrowdene,East,23
16:00,2012,Isaac,Bainbridge,Gloamford,South,35
16:00,2444,Enid,Dawes,Pikesmere,South,23
16:00,2870,Morris,Ramsay,Owlsgate,West,19
16:00,3587,Iris,Coates,Wychcombe,South,35
16:00,3826,Pearl,Mabbott,Fernhollow,North,4
16:00,4265,Fabian,Tuckey,Wychcombe,South,9
16:00,5639,Vera,Ramsay,Hagstone,South,5
16:00,5679,Silas,Rook,Ashwick Fen,North,22
16:01,0306,Silas,Kitson,Corvenmoor,East,4
16:01,0670,Elias,Pettit,Ashwick Fen,South,27
16:01,1207,Bella,Coyle,Eelmarsh,East,4
16:01,3537,Kit,Kaye,Hagstone,North,23
16:01,3678,Clara,Eccles,Gloamford,East,19
16:01,5379,Jonah,Bramble,Corvenmoor,West,1
16:02,0047,Beatrix,Onslow,Kettlewick,West,19
16:02,0201,Gwen,Dunstan,Duskwater,North,9
16:02,0589,Bernard,Ashby,Wychcombe,South,18
16:02,1444,Flora,Skelton,Thistle Green,South,14
16:02,3808,Ada,Sefton,Corvenmoor,North,34
16:02,5122,Lavinia,Hackett,Corvenmoor,West,1
16:02,5980,Thea,Onslow,Corvenmoor,West,7
16:03,1154,Tabitha,Clegg,Eelmarsh,South,19
16:03,1483,Otto,Meakin,Pikesmere,North,24
16:03,1557,Alma,Bunting,Owlsgate,South,13
16:03,5496,Alma,Heskett,Owlsgate,East,20
16:03,5690,Noel,Ibbott,Duskwater,East,34
16:04,0849,Isabel,Clegg,Corvenmoor,South,33
16:04,1558,Ivy,Tebbit,Mothwell,West,4
16:04,3157,Gwen,Larkin,Corvenmoor,South,36
16:04,3926,Agnes,Ashby,Corvenmoor,North,11
16:04,4816,Tobias,Raikes,Owlsgate,West,19
16:04,5563,Grace,Fenwick,Gloamford,South,5
16:05,0209,Edmund,Rudd,Ravensholt,West,35
16:05,4466,Edgar,Witton,Mothwell,West,24
16:05,5334,Dorian,Gosling,Duskwater,West,12
16:05,5546,Rhoda,Mosley,Underfell,West,3
16:05,5623,Barnaby,Hamblin,Corvenmoor,North,13
16:06,0305,Cedric,Brock,Corvenmoor,North,33
16:06,0485,Linus,Ibbott,Ashwick Fen,North,33
16:06,2507,Grace,Pettit,Corvenmoor,South,3
16:06,3086,Bertha,Orme,Gloamford,North,8
16:06,3108,Amos,Stokes,Wychcombe,North,23
16:06,4531,Milo,Hollis,Eelmarsh,North,1
16:06,4670,Constance,Wakely,Ashwick Fen,South,33
16:06,4892,Anna,Burnell,Gloamford,West,25
16:07,1317,Tobias,Sutton,Mothwell,West,15
16:07,1546,Maud,Coates,Barrowdene,North,11
16:07,3633,Oscar,Pocock,Mothwell,West,7
16:07,4505,Vera,Chilton,Kettlewick,East,1
16:08,0301,Clara,Gilbey,Corvenmoor,East,6
16:08,1370,Olive,Bainbridge,Ashwick Fen,North,15
16:08,1491,Ivo,Lowe,Corvenmoor,East,33
16:08,1762,Kit,Venables,Kettlewick,West,35
16:08,1769,Clement,Coates,Hagstone,East,11
16:08,3241,Basil,Redfern,Corvenmoor,North,11
16:09,1436,Zelda,Fenwick,Thistle Green,West,17
16:09,2246,Olive,Sefton,Corvenmoor,North,29
16:09,2527,Xavier,Thwaite,Hagstone,North,19
16:09,3100,Quentin,Orme,Duskwater,South,22
16:09,3932,Maisie,Maddox,Corvenmoor,East,28
16:09,5817,Grace,Larkin,Fernhollow,East,12
16:10,2290,Sybil,Pennick,Pikesmere,West,36
16:10,2434,Leonard,Eccles,Corvenmoor,South,27
16:10,2668,Zelda,Wedgwood,Corvenmoor,South,4
16:10,2820,Tabitha,Brock,Hagstone,North,20
16:10,3039,Lottie,Hackett,Corvenmoor,West,15
16:10,4785,Ivy,Coates,Kettlewick,North,16
16:10,5724,Zelda,Beck,Wychcombe,South,11
16:10,5740,Tabitha,Heskett,Hagstone,West,2
16:11,0678,Xavier,Tebbit,Duskwater,East,34
16:11,1267,Lavinia,Ibbott,Hagstone,East,35
16:11,1519,Effie,Tasker,Duskwater,West,26
16:11,2315,Tobias,Lamb,Corvenmoor,West,18
16:11,3129,Selma,Brock,Owlsgate,East,12
16:11,3165,Ivo,Judd,Corvenmoor,North,8
16:11,3470,Ezra,Pettit,Eelmarsh,West,25
16:11,4910,Nina,Quayle,Corvenmoor,East,10
16:12,0173,Pip,Mellish,Owlsgate,East,10
16:12,1574,Ivo,Ockley,Ashwick Fen,West,6
16:12,1656,Ezra,Hawley,Mothwell,North,30
16:12,2436,Annie,Bowden,Corvenmoor,West,23
16:12,2888,Edgar,Sutton,Hagstone,West,35
16:12,3784,Pip,Upton,Corvenmoor,South,23
16:12,5516,Gwen,Hollis,Pikesmere,North,32
16:12,5910,Cora,Mabbott,Wychcombe,North,19
16:13,0017,Lavinia,Swales,Fernhollow,North,35
16:13,0142,Effie,Youll,Ravensholt,East,12
16:13,0549,Lavinia,Tolley,Pikesmere,East,30
16:13,0612,Pip,Haldane,Barrowdene,East,12
16:13,1517,Gwen,Hackett,Fernhollow,North,15
16:13,2274,Arthur,Jessop,Corvenmoor,North,23
16:13,2348,Edgar,Yates,Corvenmoor,South,24
16:13,3065,Flora,Kaye,Ravensholt,West,19
16:13,3796,Percy,Hunnam,Corvenmoor,North,19
16:13,5798,Quentin,Keeling,Hagstone,West,21
16:13,5913,Viola,Tyson,Duskwater,South,34
16:14,1518,Morris,Newbolt,Corvenmoor,East,18
16:14,2433,Leonard,Upton,Pikesmere,East,35
16:14,3544,Isaac,Youll,Corvenmoor,East,17
16:14,4874,Greta,Hamblin,Ashwick Fen,South,28
16:14,5278,Walter,Thwaite,Duskwater,North,31
16:15,2418,Fabian,Yelland,Mothwell,East,25
16:15,3711,Edmund,Rook,Eelmarsh,South,24
16:15,5100,Rosa,Swales,Thistle Green,North,3
16:15,5387,Esme,Shilton,Owlsgate,North,12
16:16,0059,Mabel,Elwin,Corvenmoor,South,19
16:16,0195,Rowan,Skelton,Corvenmoor,South,15
16:16,0361,Nell,Coates,Kettlewick,South,16
16:16,3284,Harriet,Keeling,Barrowdene,North,5
16:16,5306,Miriam,Mabbott,Wychcombe,North,8
16:16,5771,Cyril,Padley,Duskwater,South,34
16:16,5774,Hannah,Godwin,Barrowdene,East,29
16:17,0188,Silas,Bainbridge,Hagstone,North,5
16:17,0673,Bella,Satchell,Corvenmoor,East,31
16:17,0781,Nancy,Welch,Ravensholt,East,32
16:17,0850,Ivy,Mellish,Kettlewick,West,27
16:17,1073,Silas,Tolley,Barrowdene,West,19
16:17,2040,Olive,Venables,Thistle Green,West,30
16:17,2155,Hilda,Clegg,Corvenmoor,West,20
16:17,2520,Cedric,Tolley,Corvenmoor,East,35
16:17,4765,Albert,Mabbott,Ravensholt,South,17
16:18,0040,Linus,Beck,Owlsgate,West,9
16:18,0726,Tobias,Tasker,Pikesmere,South,12
16:18,1310,Blanche,Sutton,Fernhollow,North,15
16:18,1367,Gideon,Hobday,Eelmarsh,East,13
16:18,1502,Constance,Tebbit,Corvenmoor,West,27
16:18,1822,Bernard,Pettit,Eelmarsh,North,24
16:18,1873,Iris,Newbolt,Fernhollow,South,25
16:18,1964,Clement,Rook,Thistle Green,South,12
16:18,2645,Edgar,Blythe,Fernhollow,West,35
16:18,5110,Dora,Judd,Fernhollow,South,30
16:18,5562,Viola,Wolstenholme,Pikesmere,West,4
16:18,5696,Ada,Haldane,Corvenmoor,South,8
16:19,1478,Agnes,Venables,Barrowdene,East,17
16:19,2194,Edgar,Yelland,Pikesmere,West,19
16:19,2488,Tobias,Hobday,Corvenmoor,North,23
16:19,4964,Gwen,Toms,Mothwell,North,35
16:19,5128,Nancy,Burnell,Corvenmoor,West,9
16:20,0163,Elias,Sutton,Mothwell,North,13
16:20,0765,Augusta,Elwin,Corvenmoor,North,35
16:20,0822,Ursula,Vance,Corvenmoor,South,5
16:20,1382,Ezra,Bramble,Wychcombe,North,12
16:20,2992,Zelda,Wakely,Gloamford,North,23
16:20,3474,Percy,Twigg,Mothwell,West,8
16:21,1185,Morris,Ibbott,Thistle Green,North,20
16:21,1593,Myrtle,Hackett,Thistle Green,South,20
16:21,1836,Willa,Elwin,Underfell,East,26
16:21,2449,Enid,Newbolt,Fernhollow,South,29
16:21,2938,Isabel,Phelps,Ravensholt,North,18
16:21,3177,Nell,Hamblin,Owlsgate,North,14
16:21,3916,Enid,Kitson,Corvenmoor,North,18
16:22,1854,Philippa,Fenwick,Pikesmere,South,28
16:22,3116,Linus,Fawcett,Barrowdene,East,23
16:22,4034,Albert,Thwaite,Ashwick Fen,North,4
16:22,4450,Delia,Tyson,Corvenmoor,West,8
16:22,5298,Olive,Webley,Corvenmoor,West,28
16:22,5655,Wilbur,Stokes,Corvenmoor,North,14
16:23,2407,Rosa,Clegg,Pikesmere,North,13
16:23,3310,Olive,Bunting,Gloamford,East,27
16:23,3790,Helena,Coyle,Underfell,North,26
16:23,3990,Kit,Oddie,Fernhollow,South,18
16:23,5092,Elias,Hunnam,Wychcombe,East,31
16:23,5341,Isaac,Jessop,Corvenmoor,East,13
16:24,0504,Ida,Hamblin,Owlsgate,North,29
16:24,0533,Basil,Chalk,Ashwick Fen,West,30
16:24,2086,Ivy,Jessop,Pikesmere,East,7
16:24,5497,Gideon,Sefton,Wychcombe,West,14
16:24,5873,Morris,Lamb,Thistle Green,South,2
16:24,5932,Noel,Bramble,Underfell,East,26
16:25,0983,Wilbur,Hawley,Underfell,North,32
16:25,1044,Ezra,Beck,Ravensholt,North,26
16:25,1408,Otto,Fenwick,Corvenmoor,East,9
16:25,3073,Zelda,Venables,Ravensholt,South,1
16:25,3478,Albert,Wallis,Barrowdene,West,36
16:25,4125,Clement,Fairley,Duskwater,East,2
16:25,5450,Enid,Gosling,Wychcombe,East,19
16:26,1598,Greta,Burnell,Corvenmoor,West,33
16:26,1677,Edgar,Ockley,Corvenmoor,East,15
16:26,2797,Lydia,Bunting,Owlsgate,West,29
16:26,3365,Hannah,Youll,Corvenmoor,North,28
16:26,5082,Nell,Bramble,Hagstone,North,8
16:26,5777,Imogen,Lamb,Kettlewick,East,25
16:27,1725,Martha,Clegg,Mothwell,West,35
16:27,2503,Rowan,Barlow,Mothwell,North,17
16:27,3831,Walter,Tasker,Corvenmoor,North,14
16:27,3964,Bella,Mabbott,Underfell,South,35
16:27,5239,Dora,Keeling,Corvenmoor,North,32
16:27,5531,Hilda,Chilton,Mothwell,South,32
16:28,0461,Cora,Coates,Corvenmoor,East,17
16:28,1529,Ruth,Rudd,Thistle Green,North,25
16:28,1626,Linus,Quick,Wychcombe,South,19
16:28,1895,Selma,Venables,Corvenmoor,East,13
16:28,1966,Freda,Lamb,Barrowdene,North,25
16:28,2361,Jonah,Tolley,Underfell,West,2
16:28,2462,Sadie,Ashby,Mothwell,North,16
16:28,3293,Ruth,Vance,Thistle Green,East,16
16:28,4744,Edith,Hamblin,Corvenmoor,North,30
16:28,5392,Annie,Wolstenholme,Corvenmoor,North,19
16:29,0013,Xavier,Monk,Owlsgate,North,4
16:29,0752,Nora,Haldane,Corvenmoor,South,30
16:29,0902,Augusta,Coyle,Wychcombe,East,21
16:29,1257,Rowan,Slade,Duskwater,East,1
16:29,3728,Cedric,Burnell,Ashwick Fen,South,18
16:29,4182,Nina,Yates,Ravensholt,North,36
16:29,4319,Edmund,Gale,Eelmarsh,East,31
16:29,5748,Rowan,Ramsay,Pikesmere,East,8
16:30,0802,Mercy,Fenwick,Owlsgate,East,7
16:30,1592,Albert,Sutton,Owlsgate,East,10
16:30,3076,Cedric,Bowden,Corvenmoor,North,7
16:30,3174,Flora,Keeling,Hagstone,South,8
16:30,5519,Ursula,Monk,Duskwater,West,11
16:31,0948,Miriam,Mosley,Eelmarsh,West,12
16:31,1743,Myrtle,Dunstan,Corvenmoor,East,17
16:31,2958,Nancy,Ibbott,Corvenmoor,North,33
16:31,3435,Horace,Swales,Duskwater,North,17
16:31,4863,Dahlia,Slade,Duskwater,East,27
16:31,5036,Pip,Quayle,Underfell,North,24
16:32,0436,Nora,Jessop,Pikesmere,West,12
16:32,0877,Anna,Kitson,Mothwell,South,8
16:32,3391,Cyril,Witton,Mothwell,North,25
16:32,4477,Milo,Winslow,Corvenmoor,North,31
16:33,0912,Edmund,Welch,Ashwick Fen,West,31
16:33,1636,Tabitha,Burnell,Wychcombe,North,18
16:33,3229,Martha,Kaye,Corvenmoor,North,5
16:33,3668,Rhoda,Rook,Gloamford,North,20
16:33,4240,Ivy,Quayle,Eelmarsh,South,5
16:33,5041,Morris,Mellish,Wychcombe,North,30
16:33,5253,Quentin,Tasker,Wychcombe,North,2
16:34,1430,Clement,Napier,Underfell,North,28
16:34,1980,Hector,Keeling,Barrowdene,North,9
16:34,3186,Viola,Osgood,Underfell,East,33
16:34,4155,Marian,Blythe,Corvenmoor,East,29
16:34,4348,Effie,Redfern,Gloamford,West,31
16:34,4557,Blanche,Ockley,Gloamford,West,2
16:34,5604,Grace,Gosling,Kettlewick,South,12
16:34,5707,Milo,Tuckey,Thistle Green,North,10
16:35,0964,Rowan,Hamblin,Pikesmere,North,8
16:35,1439,Gideon,Pocock,Fernhollow,West,18
16:35,2769,Ezra,Quayle,Pikesmere,East,32
16:35,3459,Ida,Toms,Corvenmoor,West,11
16:35,3616,Tabitha,Noakes,Duskwater,North,34
16:35,3819,Dahlia,Osgood,Mothwell,West,5
16:35,3838,Maud,Oddie,Ravensholt,South,25
16:35,4376,Isaac,Fawcett,Eelmarsh,North,29
16:35,4741,Edmund,Elwin,Wychcombe,South,33
16:35,5006,Bertha,Hobday,Eelmarsh,East,22
16:35,5580,Constance,Coates,Corvenmoor,West,6
16:36,0794,Lottie,Slade,Corvenmoor,East,29
16:36,1020,Ursula,Bowden,Ashwick Fen,South,26
16:36,1043,Delia,Thwaite,Wychcombe,East,4
16:36,1690,Clement,Haldane,Corvenmoor,South,1
16:36,1842,Sadie,Rook,Thistle Green,East,15
16:36,1924,Phoebe,Tuckey,Mothwell,North,22
16:36,2014,Edith,Padley,Ashwick Fen,North,3
16:36,2670,Harriet,Napier,Ravensholt,West,13
16:36,2832,Grace,Redfern,Underfell,South,19
16:36,4181,Willa,Heskett,Underfell,South,19
16:36,4633,Lucian,Padley,Barrowdene,East,10
16:36,4958,Wilbur,Wilmot,Wychcombe,West,12
16:37,0809,Gwen,Padley,Owlsgate,North,20
16:37,1105,Jonah,Welch,Owlsgate,North,29
16:37,2146,Morris,Skelton,Hagstone,West,27
16:37,2523,Annie,Cobbold,Owlsgate,North,30
16:37,2524,Helena,Redfern,Owlsgate,East,26
16:37,3077,Bernard,Dabney,Corvenmoor,West,24
16:37,3464,Cedric,Stokes,Ashwick Fen,East,17
16:37,3512,Harriet,Chalk,Owlsgate,West,28
16:37,3785,Greta,Pettit,Mothwell,North,33
16:37,4218,Dorian,Mabbott,Corvenmoor,North,14
16:37,4847,Dorian,Satchell,Barrowdene,South,35
16:37,5514,Thea,Nancekivell,Underfell,North,8
16:37,5522,Bernard,Fenwick,Hagstone,East,29
16:37,5786,Isaac,Lowe,Duskwater,North,26
16:37,5885,Wilbur,Beck,Underfell,North,22
16:38,0558,Sybil,Tuckey,Corvenmoor,North,32
16:38,0925,Amos,Wakely,Corvenmoor,North,8
16:38,2895,Beatrix,Beck,Kettlewick,West,5
16:38,2965,Myrtle,Wolstenholme,Hagstone,South,28
16:38,3757,Jasper,Onslow,Gloamford,North,34
16:38,4048,Horace,Oddie,Duskwater,North,7
16:38,4188,Nora,Gilbey,Mothwell,West,14
16:38,5227,Viola,Mosley,Kettlewick,South,33
16:38,5763,Augusta,Phelps,Fernhollow,West,8
16:39,0573,Josie,Ibbott,Gloamford,North,15
16:39,1306,Josie,Phelps,Corvenmoor,East,33
16:39,1586,Albert,Mellish,Wychcombe,South,17
16:39,1663,Morris,Jessop,Corvenmoor,North,27
16:39,1950,Esme,Meakin,Owlsgate,East,25
16:39,2760,Wilbur,Kaye,Wychcombe,South,18
16:39,3182,Vera,Onslow,Ashwick Fen,South,28
16:39,5223,Basil,Swales,Ravensholt,North,3
16:39,5716,Hector,Fawcett,Owlsgate,East,5
16:40,0058,Zelda,Wilmot,Thistle Green,North,4
16:40,0532,Hilda,Ashby,Corvenmoor,South,27
16:40,0754,Alma,Eccles,Eelmarsh,East,18
16:40,1045,Rhoda,Swales,Eelmarsh,West,5
16:40,1861,Quentin,Wedgwood,Duskwater,North,24
16:40,2320,Nora,Swales,Thistle Green,West,31
16:40,2856,Elsie,Sefton,Mothwell,North,34
16:40,4007,Thea,Hawley,Corvenmoor,South,30
16:40,4230,Lena,Youll,Ashwick Fen,South,11
16:40,4272,Helena,Mosley,Ravensholt,South,23
16:41,0885,Martha,Rook,Wychcombe,West,29
16:41,1109,Esme,Brock,Eelmarsh,South,17
16:41,1263,Ada,Swales,Fernhollow,North,21
16:41,1982,Albert,Monk,Wychcombe,East,35
16:41,2464,Hector,Pellow,Thistle Green,South,11
16:41,3562,Grace,Newbolt,Pikesmere,South,31
16:41,3564,Clement,Pellow,Hagstone,North,4
16:41,5112,Ida,Padley,Ashwick Fen,West,3
16:41,5214,Jasper,Sutton,Pikesmere,South,25
16:41,5848,Jonah,Oddie,Barrowdene,South,26
16:42,1815,Rosa,Sutton,Duskwater,West,18
16:42,2384,Annie,Wakely,Wychcombe,North,23
16:42,3368,Sadie,Rudd,Corvenmoor,East,36
16:42,3561,Annie,Tasker,Ravensholt,North,4
16:42,3575,Cora,Witton,Thistle Green,North,22
16:42,4470,Pip,Rook,Hagstone,North,8
16:42,4994,Imogen,Dawes,Corvenmoor,East,28
16:42,5210,Rosa,Hackett,Owlsgate,West,29
16:42,5377,Agnes,Monk,Mothwell,South,12
16:42,5472,Selma,Elwin,Corvenmoor,North,21
16:42,5486,Lavinia,Welch,Corvenmoor,South,35
16:42,5585,Ezra,Wolstenholme,Corvenmoor,South,30
16:43,1030,Jude,Keeling,Owlsgate,East,1
16:43,1600,Tobias,Witton,Barrowdene,East,32
16:43,2472,Pearl,Witton,Kettlewick,East,30
16:43,2495,Ida,Stokes,Fernhollow,North,28
16:43,3870,Rowan,Venables,Fernhollow,East,3
16:43,3896,Bernard,Sefton,Corvenmoor,North,30
16:43,4292,Enid,Hollis,Corvenmoor,West,5
16:43,4496,Dora,Quick,Barrowdene,North,3
16:43,5098,Lucian,Pickles,Ashwick Fen,South,12
16:43,5180,Constance,Noakes,Corvenmoor,East,11
16:43,5687,Amos,Mellish,Corvenmoor,West,8
16:43,5866,Selma,Onslow,Owlsgate,North,31
16:44,0108,Vera,Raikes,Kettlewick,East,9
16:44,0327,Rosa,Wakely,Gloamford,East,17
16:44,0511,Nora,Tyson,Ashwick Fen,South,20
16:44,0943,Edmund,Cobbold,Duskwater,North,36
16:44,1021,Rhoda,Coates,Fernhollow,North,18
16:44,1403,Leonard,Pickles,Wychcombe,East,21
16:44,2032,Marian,Tebbit,Fernhollow,South,6
16:44,2627,Mabel,Nuttall,Corvenmoor,North,28
16:44,3219,Elsie,Keeling,Ashwick Fen,East,21
16:44,3649,Cedric,Hunnam,Thistle Green,South,18
16:44,3690,Bernard,Oddie,Duskwater,West,28
16:44,3986,Edmund,Finlow,Owlsgate,West,35
16:44,4967,Amos,Fairley,Ravensholt,East,11
16:44,5087,Lottie,Yelland,Wychcombe,East,24
16:45,0903,Edgar,Dawes,Wychcombe,South,12
16:45,1383,Rhoda,Padley,Fernhollow,East,24
16:45,1428,Clement,Hollis,Corvenmoor,South,35
16:45,1992,Nancy,Winslow,Ravensholt,West,11
16:45,2875,Maud,Sutton,Underfell,South,2
16:45,3084,Clara,Heskett,Wychcombe,North,11
16:45,3657,Lena,Onslow,Corvenmoor,North,33
16:45,3906,Dora,Dabney,Pikesmere,West,12
16:45,4157,Blanche,Sefton,Wychcombe,East,25
16:46,0767,Augusta,Shilton,Thistle Green,West,9
16:46,1407,Edmund,Kaye,Ashwick Fen,South,9
16:46,2248,Wilbur,Lumsden,Wychcombe,West,35
16:46,2643,Jasper,Tyson,Ashwick Fen,North,25
16:46,4691,Wilbur,Monk,Kettlewick,West,21
16:46,4849,Annie,Ashby,Barrowdene,West,35
16:46,5022,Maisie,Pickles,Corvenmoor,North,12
16:46,5191,Delia,Bramble,Corvenmoor,West,9
16:46,5236,Cora,Dabney,Pikesmere,West,5
16:46,5651,Clement,Webley,Mothwell,East,25
16:46,5781,Jude,Rudd,Underfell,South,30
16:47,0043,Arthur,Hollis,Owlsgate,West,32
16:47,0055,Basil,Larkin,Mothwell,West,16
16:47,0536,Leonard,Pellow,Hagstone,North,6
16:47,1507,Delia,Phelps,Kettlewick,North,4
16:47,1665,Oscar,Ockley,Corvenmoor,North,14
16:47,1806,Silas,Dunstan,Owlsgate,West,13
16:47,1988,Silas,Cobbold,Corvenmoor,West,23
16:47,2215,Philippa,Swales,Eelmarsh,South,24
16:47,3139,Xavier,Fenwick,Gloamford,South,13
16:47,3180,Sadie,Chilton,Duskwater,North,8
16:47,3978,Ursula,Tasker,Underfell,West,9
16:47,4784,Beatrix,Ashby,Barrowdene,South,17
16:47,4795,Jude,Vance,Corvenmoor,East,14
16:47,5124,Isaac,Fenwick,Corvenmoor,North,32
16:47,5944,Mercy,Hunnam,Corvenmoor,East,16
16:48,0144,Otto,Orme,Wychcombe,West,32
16:48,0338,Ruth,Nuttall,Wychcombe,North,29
16:48,3114,Zelda,Hackett,Wychcombe,West,13
16:48,3189,Nell,Nancekivell,Fernhollow,South,23
16:48,3334,Willa,Slade,Ravensholt,North,1
16:48,3516,Linus,Redfern,Corvenmoor,North,32
16:48,3605,Bella,Finlow,Fernhollow,South,14
16:48,4652,Bella,Monk,Duskwater,South,23
16:48,5150,Greta,Sefton,Fernhollow,East,9
16:48,5371,Anna,Sefton,Barrowdene,West,24
16:48,5699,Mercy,Chalk,Corvenmoor,South,20
16:49,0014,Phoebe,Wakely,Corvenmoor,South,13
16:49,0018,Sadie,Onslow,Pikesmere,South,15
16:49,0620,Sadie,Haldane,Kettlewick,South,35
16:49,0695,Amos,Dunstan,Owlsgate,North,5
16:49,0745,Anna,Mabbott,Corvenmoor,West,27
16:49,2619,Morris,Nancekivell,Pikesmere,South,21
16:49,2945,Greta,Rook,Ravensholt,South,32
16:49,3818,Lena,Hamblin,Duskwater,South,28
16:49,4981,Clement,Sutton,Corvenmoor,North,26
16:49,5140,Clement,Swales,Kettlewick,East,28
16:50,0358,Rhoda,Coyle,Mothwell,East,20
16:50,0811,Edgar,Heskett,Corvenmoor,North,30
16:50,0908,Walter,Wedgwood,Wychcombe,South,16
16:50,1301,Dora,Heskett,Wychcombe,East,19
16:50,1354,Noel,Tyson,Corvenmoor,West,6
16:50,1607,Maud,Hollis,Ravensholt,North,29
16:50,2093,Grace,Ramsay,Corvenmoor,South,5
16:50,3606,Phoebe,Plumb,Hagstone,North,12
16:50,4096,Edgar,Judd,Corvenmoor,North,23
16:50,4264,Agnes,Ibbott,Ashwick Fen,West,3
16:50,4915,Freda,Orme,Hagstone,West,8
16:50,5524,Greta,Tasker,Ravensholt,South,19
16:50,5892,Horace,Tasker,Hagstone,West,20
16:51,1481,Rhoda,Cobbold,Owlsgate,North,3
16:51,2059,Enid,Wallis,Corvenmoor,South,8
16:51,2165,Albert,Hunnam,Corvenmoor,North,21
16:51,2617,Cyril,Shilton,Ravensholt,North,12
16:51,3404,Sybil,Mabbott,Corvenmoor,West,9
16:51,3895,Maud,Ibbott,Barrowdene,North,36
16:51,3919,Amos,Lowe,Thistle Green,North,4
16:51,3993,Willa,Larkin,Duskwater,East,14
16:51,4326,Annie,Upton,Ravensholt,North,8
16:51,4340,Phoebe,Pocock,Corvenmoor,West,36
16:51,4506,Gwen,Dabney,Pikesmere,East,20
16:52,0094,Willa,Winslow,Fernhollow,North,22
16:52,0335,Mabel,Lamb,Corvenmoor,North,20
16:52,0551,Flora,Dawes,Barrowdene,North,31
16:52,1054,Nancy,Witton,Kettlewick,North,22
16:52,1602,Josie,Fenwick,Barrowdene,East,15
16:52,1773,Quentin,Nancekivell,Corvenmoor,North,36
16:52,1904,Magnus,Haldane,Eelmarsh,South,3
16:52,2037,Edmund,Burnell,Mothwell,South,3
16:52,2097,Effie,Hollis,Kettlewick,South,24
16:52,2567,Nell,Hollis,Corvenmoor,North,26
16:52,2587,Bertha,Dabney,Eelmarsh,West,34
16:52,3567,Gideon,Gale,Ashwick Fen,East,12
16:52,4623,Miriam,Larkin,Gloamford,South,18
16:52,4651,Celia,Maddox,Mothwell,South,26
16:52,4697,Lydia,Raikes,Gloamford,East,18
16:52,4700,Hector,Upton,Gloamford,North,15
16:52,5075,Hilda,Winslow,Corvenmoor,North,6
16:52,5554,Willa,Sallis,Thistle Green,South,9
16:52,5936,Milo,Heskett,Duskwater,West,32
16:53,1339,Lucian,Hamblin,Mothwell,South,13
16:53,1525,Iris,Elwin,Fernhollow,North,26
16:53,1803,Sybil,Orme,Hagstone,West,27
16:53,2042,Blanche,Hobday,Barrowdene,North,19
16:53,2476,Mabel,Rook,Duskwater,West,25
16:53,3058,Cedric,Upton,Thistle Green,North,12
16:53,4012,Vera,Satchell,Ashwick Fen,East,1
16:53,4432,Anna,Hamblin,Gloamford,North,7
16:53,5570,Nina,Pellow,Ravensholt,West,1
16:53,5592,Pip,Hobday,Corvenmoor,South,10
16:54,0255,Selma,Gale,Thistle Green,North,28
16:54,0710,Augusta,Gosling,Corvenmoor,East,1
16:54,1247,Sybil,Larkin,Pikesmere,North,30
16:54,1393,Elias,Fairley,Ravensholt,South,27
16:54,2745,Percy,Dawes,Barrowdene,South,1
16:54,3504,Jonah,Gale,Wychcombe,South,26
16:54,3748,Josie,Napier,Fernhollow,South,28
16:54,3860,Nina,Mellish,Eelmarsh,West,4
16:54,5096,Dahlia,Gosling,Hagstone,South,20
16:54,5168,Lydia,Hackett,Kettlewick,North,29
16:54,5241,Helena,Tasker,Mothwell,South,27
16:54,5569,Zelda,Phelps,Kettlewick,South,3
16:54,5785,Sadie,Lamb,Duskwater,West,19
16:55,0479,Otto,Satchell,Wychcombe,South,17
16:55,1219,Arthur,Witton,Mothwell,North,13
16:55,1825,Freda,Dunstan,Mothwell,East,26
16:55,2189,Quentin,Brock,Underfell,East,22
16:55,3348,Edith,Gale,Gloamford,South,3
16:55,3630,Maud,Tyson,Ravensholt,South,7
16:55,3732,Ida,Abbott,Thistle Green,West,7
16:55,4624,Mercy,Winslow,Pikesmere,South,7
16:55,4790,Lucian,Wedgwood,Gloamford,North,8
16:55,5420,Nora,Shilton,Corvenmoor,East,10
16:55,5438,Willa,Newbolt,Barrowdene,South,22
16:56,0716,Ida,Eccles,Hagstone,South,23
16:56,1268,Elias,Chalk,Barrowdene,West,18
16:56,1688,Celia,Pocock,Duskwater,North,35
16:56,2928,Otto,Skelton,Owlsgate,South,9
16:56,3122,Cyril,Newbolt,Corvenmoor,North,19
16:56,3203,Jude,Pettit,Corvenmoor,South,21
16:56,3643,Lottie,Sallis,Duskwater,West,29
16:56,4988,Thea,Coyle,Corvenmoor,West,17
16:56,5044,Ida,Tasker,Wychcombe,South,11
16:56,5121,Noel,Venables,Hagstone,South,11
16:56,5366,Marian,Winslow,Corvenmoor,East,28
16:56,5375,Pip,Tebbit,Barrowdene,East,7
16:56,5750,Zelda,Burnell,Fernhollow,West,16
16:57,0329,Clara,Sallis,Owlsgate,North,32
16:57,1091,Harriet,Yelland,Ravensholt,South,4
16:57,1315,Winnie,Osgood,Corvenmoor,East,24
16:57,2224,Lena,Eccles,Eelmarsh,North,36
16:57,2497,Gideon,Ibbott,Gloamford,South,16
16:57,2676,Hannah,Gale,Corvenmoor,West,22
16:57,4041,Bertha,Winslow,Pikesmere,South,9
16:58,0744,Oscar,Keeling,Hagstone,South,36
16:58,0772,Clement,Onslow,Kettlewick,East,12
16:58,3109,Iris,Lumsden,Hagstone,West,11
16:58,3319,Wilbur,Tuckey,Gloamford,South,19
16:58,3372,Harriet,Coates,Duskwater,North,10
16:58,3890,Willa,Tebbit,Eelmarsh,South,2
16:58,4055,Arthur,Maddox,Underfell,South,16
16:58,4751,Imogen,Lowe,Mothwell,East,13
16:58,4937,Maisie,Bainbridge,Kettlewick,South,2
16:58,5628,Clara,Abbott,Kettlewick,West,32
16:59,0077,Maud,Satchell,Hagstone,South,34
16:59,0460,Otto,Barlow,Thistle Green,West,7
16:59,1818,Marian,Tyson,Owlsgate,North,6
16:59,2595,Sadie,Sutton,Corvenmoor,North,16
16:59,2660,Miriam,Maddox,Fernhollow,East,19
16:59,3456,Isaac,Osgood,Kettlewick,North,2
16:59,3553,Thea,Thwaite,Eelmarsh,North,18
16:59,3730,Bernard,Quick,Kettlewick,West,36
16:59,3806,Iris,Clegg,Ravensholt,East,17
16:59,4244,Nina,Rudd,Corvenmoor,North,28
16:59,4337,Albert,Haldane,Corvenmoor,North,20
16:59,4356,Oscar,Sefton,Ashwick Fen,East,30
17:00,0235,Isaac,Tuckey,Corvenmoor,North,21
17:00,0556,Ruth,Meakin,Owlsgate,West,20
17:00,0616,Constance,Bramble,Ravensholt,East,7
17:00,0663,Alma,Pocock,Pikesmere,West,17
17:00,0886,Basil,Youll,Barrowdene,West,16
17:00,1066,Dahlia,Wedgwood,Corvenmoor,South,17
17:00,1387,Rowan,Finlow,Barrowdene,North,5
17:00,2150,Fabian,Youll,Thistle Green,East,23
17:00,2317,Silas,Burnell,Mothwell,South,6
17:00,2865,Thea,Rudd,Owlsgate,East,18
17:00,3697,Constance,Judd,Mothwell,South,14
17:00,3942,Nora,Digby,Hagstone,North,3
17:00,4233,Milo,Onslow,Eelmarsh,South,3
17:00,4532,Percy,Venables,Underfell,East,9
17:00,4941,Helena,Twigg,Duskwater,West,22
17:00,5733,Harriet,Bowden,Owlsgate,South,8
17:01,0129,Annie,Judd,Wychcombe,West,1
17:01,0547,Grace,Toms,Corvenmoor,West,10
17:01,0806,Myrtle,Raikes,Mothwell,South,13
17:01,0909,Hilda,Tebbit,Corvenmoor,West,6
17:01,1721,Pearl,Ramsay,Kettlewick,North,16
17:01,2705,Nina,Skelton,Eelmarsh,South,5
17:01,2761,Annie,Jessop,Wychcombe,South,8
17:01,2899,Walter,Slade,Corvenmoor,North,30
17:01,3837,Flora,Coyle,Hagstone,East,33
17:01,4411,Arthur,Elwin,Corvenmoor,East,31
17:01,4449,Dahlia,Jessop,Wychcombe,North,36
17:01,4561,Lottie,Twigg,Barrowdene,North,1
17:01,4802,Freda,Hamblin,Owlsgate,South,18
17:01,5177,Phoebe,Lowe,Hagstone,North,24
17:02,0652,Silas,Bunting,Ravensholt,West,21
17:02,0787,Gideon,Webley,Wychcombe,North,15
17:02,0901,Celia,Skelton,Duskwater,South,3
17:02,0914,Harriet,Mosley,Corvenmoor,North,2
17:02,0923,Grace,Hamblin,Ravensholt,West,4
17:02,1031,Albert,Elwin,Gloamford,South,19
17:02,3647,Iris,Fawcett,Corvenmoor,South,33
17:02,3679,Martha,Brock,Thistle Green,East,30
17:02,3708,Elsie,Hollis,Corvenmoor,North,14
17:02,4993,Marian,Pocock,Hagstone,North,12
17:02,5125,Flora,Heskett,Hagstone,North,18
17:02,5231,Sybil,Ashby,Wychcombe,West,33
17:02,5455,Magnus,Swales,Fernhollow,East,31
17:02,5797,Amos,Shilton,Ashwick Fen,North,13
17:03,0273,Gwen,Fenwick,Gloamford,East,32
17:03,0429,Maud,Gale,Thistle Green,East,9
17:03,0830,Basil,Mosley,Wychcombe,North,15
17:03,1648,Edmund,Gosling,Ravensholt,South,35
17:03,1796,Marian,Mosley,Thistle Green,North,30
17:03,2276,Helena,Kitson,Underfell,West,21
17:03,2452,Iris,Phelps,Corvenmoor,South,24
17:03,2780,Percy,Rudd,Ashwick Fen,North,27
17:03,2907,Greta,Kitson,Barrowdene,South,30
17:03,3046,Iris,Hawley,Corvenmoor,West,25
17:03,3985,Flora,Sefton,Hagstone,North,22
17:03,4183,Clara,Phelps,Thistle Green,North,30
17:03,5066,Jasper,Fawcett,Hagstone,East,36
17:03,5263,Clara,Chalk,Ravensholt,South,4
17:03,5571,Esme,Haldane,Owlsgate,West,2
17:04,0527,Phoebe,Tebbit,Wychcombe,West,20
17:04,0999,Helena,Venables,Mothwell,South,28
17:04,1280,Nancy,Lumsden,Wychcombe,East,24
17:04,1362,Arthur,Yates,Corvenmoor,South,6
17:04,1463,Kit,Wakely,Fernhollow,East,15
17:04,1742,Imogen,Orme,Kettlewick,North,18
17:04,3031,Leonard,Hollis,Underfell,North,6
17:04,3172,Iris,Winslow,Hagstone,North,27
17:04,3481,Maisie,Rook,Kettlewick,South,17
17:04,4045,Ada,Quayle,Pikesmere,North,11
17:04,4266,Ruth,Satchell,Ravensholt,South,19
17:04,4471,Percy,Tolley,Pikesmere,North,29
17:04,4873,Basil,Tuckey,Ravensholt,West,10
17:04,4896,Kit,Vance,Ravensholt,South,12
17:04,5249,Elsie,Yelland,Owlsgate,East,34
17:04,5321,Delia,Mellish,Corvenmoor,North,31
17:04,5359,Ursula,Wallis,Fernhollow,West,15
17:04,5506,Rosa,Wolstenholme,Thistle Green,West,20
17:04,5967,Dora,Wilmot,Barrowdene,West,4
17:05,0074,Zelda,Ramsay,Kettlewick,East,8
17:05,0189,Fabian,Welch,Corvenmoor,South,26
17:05,0267,Bertha,Onslow,Corvenmoor,South,8
17:05,0636,Pearl,Mosley,Corvenmoor,North,6
17:05,0949,Martha,Wakely,Corvenmoor,East,15
17:05,1126,Barnaby,Lumsden,Corvenmoor,East,7
17:05,1159,Albert,Wolstenholme,Duskwater,North,14
17:05,1163,Ada,Nuttall,Duskwater,West,21
17:05,1313,Willa,Hackett,Corvenmoor,West,22
17:05,1840,Phoebe,Coyle,Corvenmoor,South,13
17:05,2167,Gwen,Fairley,Barrowdene,North,27
17:05,2904,Dorian,Venables,Kettlewick,South,15
17:05,3101,Pearl,Hackett,Wychcombe,North,24
17:05,3331,Tobias,Finlow,Wychcombe,South,6
17:05,3621,Myrtle,Clegg,Corvenmoor,West,5
17:05,4115,Marian,Maddox,Kettlewick,North,30
17:05,4246,Miriam,Hackett,Duskwater,South,18
17:05,4334,Viola,Lowe,Corvenmoor,West,22
17:05,4522,Hector,Sutton,Barrowdene,North,28
17:05,4889,Edmund,Tolley,Corvenmoor,East,32
17:05,4985,Hilda,Slade,Owlsgate,East,18
17:05,5143,Pearl,Cobbold,Corvenmoor,North,28
17:05,5632,Sybil,Gosling,Corvenmoor,North,22
17:05,5741,Martha,Shilton,Corvenmoor,South,5
17:05,5930,Dahlia,Elwin,Ravensholt,North,3
17:06,0004,Xavier,Skelton,Duskwater,South,28
17:06,0502,Isaac,Mellish,Gloamford,West,22
17:06,0679,Hector,Raikes,Corvenmoor,North,25
17:06,1718,Morris,Onslow,Corvenmoor,West,32
17:06,1905,Phoebe,Finlow,Corvenmoor,East,34
17:06,3323,Bella,Nettles,Ravensholt,West,25
17:06,3450,Blanche,Cobbold,Corvenmoor,East,3
17:06,3452,Alma,Cobbold,Corvenmoor,South,13
17:06,3609,Maisie,Skelton,Owlsgate,South,9
17:06,3961,Lottie,Pellow,Kettlewick,East,9
17:06,4006,Wilbur,Swales,Ravensholt,West,17
17:06,4660,Cedric,Meakin,Ravensholt,West,13
17:06,4972,Lena,Phelps,Barrowdene,South,23
17:06,5284,Maisie,Ockley,Corvenmoor,East,31
17:06,5627,Edgar,Raikes,Corvenmoor,North,32
17:06,5842,Philippa,Padley,Ashwick Fen,South,4
17:06,5926,Cora,Welch,Corvenmoor,South,27
17:07,0168,Cedric,Ibbott,Thistle Green,South,21
17:07,0270,Nell,Gosling,Fernhollow,South,5
17:07,0319,Elias,Digby,Thistle Green,North,18
17:07,1314,Otto,Chalk,Ashwick Fen,West,27
17:07,1330,Cora,Raikes,Mothwell,North,34
17:07,1497,Silas,Gosling,Corvenmoor,West,27
17:07,2052,Maisie,Coyle,Mothwell,South,28
17:07,2985,Annie,Winslow,Fernhollow,North,6
17:07,3035,Ada,Chalk,Corvenmoor,East,2
17:07,3557,Ada,Cobbold,Corvenmoor,West,10
17:07,4636,Lydia,Wedgwood,Ravensholt,North,19
17:07,5101,Grace,Witton,Hagstone,North,9
17:07,5350,Quentin,Pettit,Duskwater,West,6
17:07,5369,Bernard,Skelton,Corvenmoor,South,21
17:07,5879,Tobias,Nuttall,Pikesmere,West,24
17:08,0583,Albert,Keeling,Duskwater,North,5
17:08,2022,Viola,Pellow,Thistle Green,East,22
17:08,2088,Sybil,Hollis,Wychcombe,North,2
17:08,2362,Mercy,Upton,Hagstone,East,20
17:08,2528,Sybil,Nettles,Kettlewick,North,24
17:08,4423,Miriam,Hollis,Eelmarsh,North,27
17:08,4489,Flora,Phelps,Thistle Green,East,12
17:08,4545,Jasper,Tolley,Corvenmoor,East,1
17:08,4581,Cedric,Finlow,Owlsgate,West,21
17:08,4912,Mercy,Bowden,Gloamford,South,28
17:08,5535,Cedric,Bramble,Corvenmoor,South,18
17:08,5666,Dora,Haldane,Wychcombe,East,10
17:08,5738,Linus,Haldane,Corvenmoor,South,8
17:09,0669,Ruth,Beck,Underfell,South,28
17:09,0684,Percy,Toms,Owlsgate,South,28
17:09,1190,Barnaby,Dunstan,Barrowdene,South,31
17:09,1366,Dorian,Sefton,Hagstone,South,12
17:09,1379,Lottie,Haldane,Corvenmoor,West,9
17:09,2044,Cora,Chilton,Pikesmere,South,19
17:09,2153,Viola,Clegg,Underfell,East,7
17:09,2297,Thea,Wilmot,Corvenmoor,North,28
17:09,2453,Agnes,Hawley,Thistle Green,West,6
17:09,2582,Dora,Mellish,Corvenmoor,North,20
17:09,3071,Lydia,Padley,Wychcombe,South,21
17:09,3206,Oscar,Toms,Corvenmoor,West,1
17:09,3422,Horace,Ockley,Corvenmoor,West,7
17:09,3924,Edmund,Skelton,Duskwater,East,13
17:09,4101,Bella,Gale,Hagstone,North,4
17:09,4421,Albert,Pennick,Wychcombe,West,16
17:09,4668,Martha,Tasker,Thistle Green,West,22
17:09,4690,Ursula,Pennick,Corvenmoor,North,28
17:09,5394,Isabel,Hollis,Corvenmoor,East,3
17:09,5810,Iris,Nuttall,Corvenmoor,South,17
17:09,5824,Gwen,Finlow,Fernhollow,West,8
17:10,0126,Hector,Dunstan,Corvenmoor,West,18
17:10,0155,Jonah,Haldane,Kettlewick,East,35
17:10,0258,Viola,Sallis,Eelmarsh,North,13
17:10,0420,Nina,Wilmot,Duskwater,East,28
17:10,0725,Marian,Haldane,Thistle Green,East,5
17:10,1092,Rosa,Hobday,Pikesmere,West,1
17:10,1113,Isabel,Mabbott,Underfell,North,29
17:10,1147,Lucian,Hackett,Corvenmoor,South,29
17:10,1305,Enid,Bunting,Ravensholt,South,15
17:10,1357,Magnus,Abbott,Thistle Green,West,19
17:10,1943,Otto,Witton,Pikesmere,South,36
17:10,2095,Linus,Wakely,Owlsgate,West,27
17:10,2163,Elias,Dawes,Eelmarsh,East,29
17:10,2765,Tobias,Wallis,Corvenmoor,East,35
17:10,3322,Rhoda,Maddox,Corvenmoor,West,23
17:10,3700,Blanche,Chalk,Corvenmoor,North,35
17:10,3797,Lucian,Sallis,Mothwell,West,11
17:10,4258,Bella,Webley,Fernhollow,South,9
17:10,4534,Ada,Wilmot,Hagstone,North,7
17:10,4815,Cora,Barlow,Fernhollow,South,11
17:10,5056,Lena,Yelland,Eelmarsh,West,14
17:10,5292,Rosa,Lamb,Duskwater,West,4
17:10,5346,Magnus,Wallis,Fernhollow,West,5
17:10,5473,Clement,Mellish,Corvenmoor,South,27
17:10,5775,Greta,Yates,Gloamford,South,27
17:11,1564,Milo,Jessop,Ashwick Fen,North,18
17:11,1577,Kit,Coates,Corvenmoor,East,34
17:11,1707,Pip,Dabney,Pikesmere,South,24
17:11,1929,Ivo,Fairley,Fernhollow,North,1
17:11,1935,Alma,Quick,Ravensholt,South,33
17:11,2108,Edith,Gilbey,Mothwell,South,16
17:11,2120,Bernard,Ockley,Hagstone,West,9
17:11,2586,Ida,Twigg,Wychcombe,North,27
17:11,2868,Effie,Bunting,Gloamford,North,28
17:11,3299,Edith,Eccles,Corvenmoor,West,28
17:11,3744,Elsie,Napier,Ravensholt,West,16
17:11,3907,Cedric,Pickles,Mothwell,North,24
17:11,4560,Silas,Thwaite,Ashwick Fen,East,32
17:11,5109,Effie,Haldane,Fernhollow,South,15
17:11,5270,Pearl,Chilton,Hagstone,East,5
17:11,5415,Gwen,Kaye,Eelmarsh,North,18
17:12,0654,Celia,Wedgwood,Owlsgate,North,23
17:12,0791,Dorian,Larkin,Underfell,West,9
17:12,1286,Dahlia,Haldane,Wychcombe,East,30
17:12,1469,Bella,Hunnam,Wychcombe,West,16
17:12,1587,Alma,Sutton,Corvenmoor,South,12
17:12,1750,Alma,Pickles,Barrowdene,West,19
17:12,1847,Oscar,Dabney,Mothwell,South,32
17:12,1855,Bertha,Welch,Hagstone,East,33
17:12,3825,Barnaby,Mosley,Thistle Green,North,5
17:12,3884,Maisie,Lumsden,Corvenmoor,South,19
17:12,4610,Lydia,Yelland,Wychcombe,East,7
17:12,5158,Ezra,Hackett,Corvenmoor,North,2
17:12,5218,Ursula,Wilmot,Corvenmoor,West,36
17:12,5581,Walter,Ramsay,Wychcombe,East,8
17:12,5896,Maud,Pennick,Ravensholt,East,24
17:12,5971,Ada,Orme,Corvenmoor,South,33
17:13,0045,Mercy,Phelps,Corvenmoor,East,23
17:13,0318,Constance,Yelland,Pikesmere,North,20
17:13,0753,Celia,Wolstenholme,Ravensholt,West,22
17:13,1212,Enid,Tuckey,Gloamford,West,28
17:13,1241,Selma,Ibbott,Corvenmoor,West,25
17:13,1823,Nell,Lumsden,Ravensholt,East,20
17:13,2451,Fabian,Stokes,Corvenmoor,West,6
17:13,2821,Lena,Witton,Hagstone,South,32
17:13,2837,Marian,Oddie,Hagstone,East,19
17:13,2935,Hannah,Hamblin,Fernhollow,East,34
17:13,3083,Quentin,Bunting,Mothwell,South,13
17:13,3115,Bertha,Osgood,Eelmarsh,West,28
17:13,3207,Freda,Chilton,Wychcombe,West,22
17:13,3353,Sybil,Dabney,Pikesmere,East,2
17:13,3508,Pip,Ibbott,Duskwater,South,28
17:13,3622,Noel,Lumsden,Corvenmoor,North,19
17:13,4058,Phoebe,Bainbridge,Barrowdene,North,32
17:13,4948,Leonard,Skelton,Eelmarsh,East,12
17:13,5537,Bella,Pettit,Fernhollow,South,21
17:14,0300,Otto,Hunnam,Corvenmoor,East,30
17:14,0535,Ada,Phelps,Fernhollow,East,19
17:14,0555,Selma,Satchell,Underfell,North,7
17:14,0645,Basil,Nuttall,Owlsgate,North,33
17:14,0967,Linus,Dunstan,Owlsgate,South,13
17:14,1443,Grace,Brock,Owlsgate,West,21
17:14,1567,Gwen,Mabbott,Corvenmoor,South,12
17:14,1864,Hannah,Barlow,Hagstone,East,5
17:14,2568,Percy,Wakely,Fernhollow,West,15
17:14,3410,Phoebe,Bowden,Corvenmoor,East,29
17:14,3439,Elsie,Hackett,Underfell,West,20
17:14,3507,Silas,Ramsay,Mothwell,North,29
17:14,3602,Annie,Vance,Corvenmoor,East,12
17:14,4047,Maisie,Bunting,Corvenmoor,West,8
17:14,4343,Sadie,Wilmot,Hagstone,South,27
17:14,4582,Thea,Coates,Corvenmoor,North,19
17:14,4677,Miriam,Youll,Pikesmere,South,18
17:14,5435,Grace,Tasker,Hagstone,West,24
17:14,5640,Constance,Hollis,Duskwater,North,18
17:15,0427,Ada,Burnell,Pikesmere,South,33
17:15,0480,Tabitha,Ockley,Wychcombe,North,31
17:15,0747,Isaac,Venables,Eelmarsh,North,21
17:15,2217,Ada,Mellish,Corvenmoor,South,1
17:15,2319,Gideon,Pennick,Ravensholt,West,2
17:15,3006,Hector,Mabbott,Wychcombe,East,34
17:15,3062,Mabel,Barlow,Corvenmoor,South,7
17:15,3418,Nancy,Coates,Kettlewick,East,1
17:15,4871,Albert,Finlow,Hagstone,West,12
17:15,4962,Elsie,Ockley,Ashwick Fen,West,23
17:15,5077,Hilda,Pennick,Duskwater,North,25
17:15,5230,Vera,Hamblin,Fernhollow,East,33
17:15,5254,Olive,Brock,Mothwell,West,5
17:15,5274,Zelda,Maddox,Corvenmoor,North,13
17:16,0064,Philippa,Coates,Corvenmoor,North,4
17:16,0582,Selma,Dabney,Corvenmoor,East,35
17:16,0618,Rosa,Lumsden,Duskwater,North,21
17:16,0828,Marian,Ramsay,Duskwater,North,31
17:16,0847,Ivo,Redfern,Gloamford,West,34
17:16,1029,Oscar,Chilton,Owlsgate,South,14
17:16,2579,Harriet,Sallis,Duskwater,West,29
17:16,3003,Gideon,Quick,Barrowdene,North,25
17:16,3119,Jude,Pocock,Pikesmere,North,16
17:16,3415,Nell,Quick,Pikesmere,East,25
17:16,3449,Anna,Shilton,Thistle Green,North,8
17:16,3566,Albert,Burnell,Ravensholt,North,35
17:16,4199,Grace,Mabbott,Owlsgate,East,19
17:16,4413,Ada,Lamb,Kettlewick,West,12
17:16,4796,Esme,Satchell,Gloamford,East,14
17:16,4825,Nell,Pickles,Thistle Green,West,19
17:16,5488,Vera,Slade,Ashwick Fen,North,15
17:17,0332,Leonard,Ramsay,Wychcombe,North,21
17:17,0431,Arthur,Haldane,Ashwick Fen,North,3
17:17,0604,Hannah,Yelland,Corvenmoor,North,21
17:17,0729,Nina,Burnell,Kettlewick,East,27
17:17,0986,Isaac,Noakes,Kettlewick,North,28
17:17,1932,Selma,Judd,Ashwick Fen,West,24
17:17,2286,Esme,Twigg,Thistle Green,North,20
17:17,2510,Edmund,Phelps,Thistle Green,North,6
17:17,2563,Edmund,Kitson,Ashwick Fen,East,35
17:17,3120,Elsie,Quayle,Barrowdene,South,17
17:17,3338,Oscar,Chalk,Corvenmoor,West,17
17:17,3958,Vera,Judd,Owlsgate,North,29
17:17,4195,Philippa,Bainbridge,Wychcombe,South,33
17:17,4197,Walter,Ibbott,Corvenmoor,North,27
17:17,4305,Ivo,Raikes,Kettlewick,West,29
17:17,4773,Dorian,Raikes,Barrowdene,East,34
17:17,5064,Magnus,Ockley,Duskwater,North,19
17:17,5344,Nancy,Judd,Mothwell,East,14
17:17,5801,Imogen,Meakin,Barrowdene,North,30
17:18,0416,Percy,Monk,Duskwater,South,17
17:18,1107,Elsie,Sallis,Kettlewick,North,24
17:18,1441,Philippa,Mabbott,Owlsgate,East,33
17:18,1879,Zelda,Judd,Kettlewick,North,20
17:18,2051,Olive,Digby,Hagstone,South,13
17:18,2129,Dahlia,Hawley,Ravensholt,East,10
17:18,2316,Ursula,Onslow,Gloamford,West,15
17:18,3866,Clara,Hunnam,Wychcombe,North,18
17:18,4168,Pearl,Ockley,Fernhollow,North,33
17:18,4750,Dahlia,Pocock,Underfell,North,9
17:18,4798,Milo,Mabbott,Ashwick Fen,East,24
17:18,5228,Pip,Chalk,Corvenmoor,West,3
17:18,5250,Edith,Tyson,Owlsgate,West,30
17:18,5281,Ivy,Redfern,Corvenmoor,South,11
17:18,5352,Blanche,Satchell,Duskwater,North,20
17:18,5767,Noel,Mosley,Owlsgate,South,9
17:19,0317,Grace,Ockley,Fernhollow,North,20
17:19,0326,Martha,Sallis,Corvenmoor,North,15
17:19,0382,Ezra,Gale,Kettlewick,West,5
17:19,0414,Arthur,Bowden,Owlsgate,East,14
17:19,0796,Vera,Wakely,Wychcombe,South,36
17:19,1353,Mercy,Dunstan,Ravensholt,West,33
17:19,2439,Milo,Chalk,Corvenmoor,West,1
17:19,2591,Nancy,Vance,Fernhollow,North,16
17:19,3029,Percy,Chalk,Ravensholt,East,34
17:19,3118,Maisie,Quayle,Corvenmoor,East,4
17:19,3670,Josie,Nuttall,Corvenmoor,East,12
17:19,3714,Winnie,Toms,Wychcombe,West,20
17:19,3766,Bertha,Godwin,Eelmarsh,North,31
17:19,3881,Ezra,Gilbey,Duskwater,West,22
17:19,3940,Beatrix,Ramsay,Wychcombe,North,22
17:19,4056,Rhoda,Twigg,Mothwell,North,36
17:19,4229,Mabel,Abbott,Fernhollow,West,11
17:19,4298,Imogen,Fawcett,Ravensholt,South,5
17:19,4399,Agnes,Tebbit,Corvenmoor,South,35
17:19,5035,Nora,Tasker,Underfell,West,24
17:19,5169,Clement,Orme,Corvenmoor,South,19
17:19,5245,Flora,Chalk,Wychcombe,East,7
17:19,5829,Elsie,Tebbit,Corvenmoor,North,27
17:19,5849,Clara,Yelland,Wychcombe,North,2
17:19,5863,Isaac,Kaye,Corvenmoor,South,2
17:20,0184,Thea,Haldane,Owlsgate,South,17
17:20,0698,Viola,Oddie,Ravensholt,West,15
17:20,0987,Ezra,Welch,Corvenmoor,North,24
17:20,1338,Zelda,Nancekivell,Corvenmoor,West,31
17:20,1450,Jude,Onslow,Hagstone,West,1
17:20,1498,Philippa,Lamb,Hagstone,East,28
17:20,1659,Mercy,Lamb,Corvenmoor,North,23
17:20,1893,Kit,Pellow,Underfell,North,2
17:20,1900,Ursula,Keeling,Pikesmere,West,11
17:20,2020,Lena,Maddox,Owlsgate,South,26
17:20,2305,Olive,Lumsden,Eelmarsh,West,3
17:20,2730,Imogen,Kitson,Ravensholt,West,6
17:20,3026,Bernard,Pennick,Hagstone,North,4
17:20,3364,Bernard,Mabbott,Underfell,South,7
17:20,3967,Rhoda,Tyson,Corvenmoor,South,35
17:20,4036,Milo,Swales,Duskwater,East,29
17:20,4203,Lydia,Keeling,Ashwick Fen,North,18
17:20,4390,Amos,Gilbey,Hagstone,East,8
17:20,4430,Maisie,Beck,Hagstone,North,15
17:20,4862,Isaac,Fairley,Wychcombe,South,24
17:20,5078,Marian,Mellish,Ravensholt,West,33
17:20,5240,Cora,Brock,Owlsgate,East,22
17:20,5373,Imogen,Ramsay,Ashwick Fen,North,31
17:20,5385,Ezra,Satchell,Gloamford,North,19
17:20,5796,Sadie,Abbott,Kettlewick,East,15
17:21,0057,Clement,Coyle,Fernhollow,North,31
17:21,0287,Wilbur,Satchell,Corvenmoor,West,32
17:21,0773,Lucian,Jessop,Underfell,West,20
17:21,1059,Agnes,Dunstan,Eelmarsh,North,8
17:21,1941,Imogen,Hackett,Underfell,West,14
17:21,2420,Clara,Lowe,Fernhollow,East,26
17:21,2471,Philippa,Tyson,Mothwell,North,21
17:21,2862,Clara,Plumb,Pikesmere,South,19
17:21,2954,Olive,Gale,Corvenmoor,West,13
17:21,3175,Arthur,Blythe,Corvenmoor,North,6
17:21,3201,Sybil,Dawes,Gloamford,West,28
17:21,3843,Fabian,Bramble,Corvenmoor,North,27
17:21,4016,Rowan,Newbolt,Wychcombe,West,12
17:21,4207,Myrtle,Bramble,Corvenmoor,West,5
17:21,4307,Ivo,Dabney,Ravensholt,South,20
17:21,4357,Mabel,Clegg,Duskwater,South,8
17:21,4508,Fabian,Pennick,Corvenmoor,East,22
17:21,4702,Rhoda,Hunnam,Corvenmoor,North,23
17:21,5384,Walter,Gilbey,Eelmarsh,East,20
17:21,5963,Ada,Ockley,Wychcombe,West,12
17:22,0027,Morris,Gosling,Barrowdene,North,10
17:22,0127,Elsie,Gale,Fernhollow,North,19
17:22,0853,Dora,Barlow,Corvenmoor,South,31
17:22,0897,Ruth,Pellow,Gloamford,North,9
17:22,0907,Esme,Nancekivell,Barrowdene,South,26
17:22,0922,Hannah,Ibbott,Mothwell,West,33
17:22,1324,Martha,Ashby,Corvenmoor,South,19
17:22,1798,Effie,Maddox,Mothwell,North,26
17:22,2413,Sadie,Elwin,Corvenmoor,North,17
17:22,2555,Marian,Elwin,Corvenmoor,North,26
17:22,2716,Marian,Napier,Hagstone,North,21
17:22,2988,Wilbur,Lamb,Corvenmoor,West,18
17:22,3406,Martha,Hackett,Corvenmoor,South,27
17:22,3794,Lucian,Gale,Underfell,West,26
17:22,3899,Walter,Tebbit,Wychcombe,North,23
17:22,4241,Horace,Youll,Ravensholt,South,30
17:22,4288,Ruth,Stokes,Barrowdene,West,19
17:22,4313,Beatrix,Fawcett,Wychcombe,West,19
17:22,4354,Ezra,Sutton,Owlsgate,West,36
17:22,4730,Ivy,Thwaite,Corvenmoor,North,22
17:22,4829,Nora,Witton,Duskwater,West,33
17:22,5372,Otto,Wakely,Underfell,East,25
17:22,5702,Hilda,Sutton,Corvenmoor,North,10
17:23,0348,Hilda,Lowe,Eelmarsh,South,32
17:23,0359,Barnaby,Tasker,Corvenmoor,West,27
17:23,0441,Thea,Upton,Ravensholt,South,34
17:23,1077,Miriam,Redfern,Corvenmoor,West,5
17:23,1560,Flora,Nancekivell,Owlsgate,North,33
17:23,1767,Grace,Twigg,Barrowdene,West,5
17:23,2140,Celia,Pettit,Duskwater,North,1
17:23,2242,Clement,Fawcett,Corvenmoor,East,33
17:23,2295,Bernard,Tasker,Eelmarsh,North,14
17:23,2331,Lottie,Dunstan,Mothwell,East,14
17:23,3194,Ezra,Padley,Gloamford,South,21
17:23,3280,Ida,Mabbott,Barrowdene,East,10
17:23,3525,Gwen,Sefton,Corvenmoor,South,32
17:23,5453,Quentin,Hollis,Ravensholt,North,2
17:23,5509,Hilda,Keeling,Pikesmere,North,24
17:23,5638,Dahlia,Heskett,Corvenmoor,North,2
17:23,5673,Sybil,Skelton,Thistle Green,West,10
17:23,5686,Bella,Quayle,Owlsgate,North,6
17:24,0035,Effie,Nancekivell,Corvenmoor,West,10
17:24,0114,Magnus,Digby,Hagstone,East,25
17:24,0220,Imogen,Keeling,Kettlewick,North,6
17:24,0298,Annie,Thwaite,Corvenmoor,East,6
17:24,0799,Augusta,Ashby,Corvenmoor,South,17
17:24,1228,Philippa,Webley,Wychcombe,East,4
17:24,1391,Oscar,Tasker,Eelmarsh,West,30
17:24,2077,Dorian,Sutton,Thistle Green,East,1
17:24,2321,Zelda,Osgood,Corvenmoor,North,21
17:24,2330,Amos,Pellow,Underfell,South,2
17:24,2366,Maud,Hobday,Corvenmoor,South,35
17:24,2902,Linus,Shilton,Owlsgate,South,17
17:24,3612,Anna,Noakes,Corvenmoor,North,19
17:24,3760,Annie,Onslow,Corvenmoor,East,3
17:24,3976,Delia,Tebbit,Corvenmoor,South,17
17:24,4237,Milo,Pettit,Barrowdene,South,7
17:24,4525,Alma,Quayle,Ashwick Fen,West,14
17:24,4615,Effie,Shilton,Fernhollow,North,25
17:24,4686,Anna,Ibbott,Duskwater,East,17
17:24,5146,Blanche,Noakes,Mothwell,South,22
17:24,5576,Isaac,Chilton,Underfell,North,13
17:24,5588,Elias,Hackett,Corvenmoor,East,10
17:24,5618,Pip,Vance,Hagstone,North,12
17:25,0066,Cora,Swales,Duskwater,South,3
17:25,0339,Rosa,Bowden,Barrowdene,South,5
17:25,0593,Leonard,Mabbott,Pikesmere,North,2
17:25,1128,Harriet,Ramsay,Hagstone,North,34
17:25,1234,Lucian,Tasker,Gloamford,West,33
17:25,1245,Fabian,Wallis,Mothwell,West,9
17:25,1288,Thea,Hackett,Ravensholt,West,35
17:25,1298,Lavinia,Digby,Thistle Green,South,27
17:25,1448,Elsie,Monk,Owlsgate,South,31
17:25,1881,Alma,Hawley,Pikesmere,West,18
17:25,1913,Walter,Wallis,Corvenmoor,South,21
17:25,2358,Basil,Chilton,Ashwick Fen,West,33
17:25,2877,Rhoda,Wedgwood,Barrowdene,West,14
17:25,2972,Olive,Godwin,Eelmarsh,South,7
17:25,2984,Bella,Lumsden,Duskwater,South,10
17:25,3438,Percy,Shilton,Duskwater,West,13
17:25,3446,Dorian,Witton,Kettlewick,West,33
17:25,3539,Silas,Nuttall,Corvenmoor,North,25
17:25,3880,Ezra,Ockley,Corvenmoor,West,36
17:25,4260,Viola,Kaye,Thistle Green,South,30
17:25,4590,Hannah,Plumb,Underfell,North,26
17:25,4895,Rosa,Eccles,Fernhollow,East,16
17:25,5689,Philippa,Rook,Barrowdene,North,2
17:26,0021,Phoebe,Ramsay,Corvenmoor,West,5
17:26,0053,Imogen,Hamblin,Pikesmere,North,8
17:26,0992,Grace,Plumb,Ravensholt,West,9
17:26,1795,Martha,Wallis,Gloamford,West,24
17:26,2463,Quentin,Rudd,Ashwick Fen,South,5
17:26,3850,Lavinia,Coyle,Corvenmoor,South,26
17:26,3873,Albert,Bowden,Mothwell,South,2
17:26,3995,Miriam,Tuckey,Wychcombe,South,12
17:26,4198,Helena,Yelland,Underfell,North,29
17:26,4400,Lavinia,Lamb,Wychcombe,West,10
17:26,5179,Martha,Finlow,Barrowdene,South,18
17:26,5869,Wilbur,Chilton,Wychcombe,West,22
17:27,0229,Morris,Welch,Corvenmoor,North,35
17:27,0271,Bernard,Hobday,Underfell,West,14
17:27,0369,Ida,Larkin,Hagstone,North,24
17:27,0953,Blanche,Lamb,Corvenmoor,North,27
17:27,1186,Pip,Heskett,Corvenmoor,East,34
17:27,1293,Lavinia,Upton,Underfell,South,20
17:27,1595,Otto,Monk,Duskwater,North,2
17:27,2427,Bella,Dawes,Corvenmoor,East,31
17:27,2794,Ezra,Wilmot,Pikesmere,West,33
17:27,2871,Wilbur,Pettit,Wychcombe,South,2
17:27,4081,Ursula,Sutton,Corvenmoor,East,8
17:27,4478,Quentin,Dawes,Corvenmoor,South,17
17:27,4801,Hilda,Upton,Duskwater,East,29
17:27,5261,Tobias,Pettit,Duskwater,West,3
17:27,5555,Hector,Rudd,Thistle Green,West,10
17:27,5560,Dahlia,Dabney,Corvenmoor,West,23
17:27,5937,Nancy,Osgood,Ashwick Fen,South,34
17:28,0452,Greta,Coyle,Kettlewick,South,26
17:28,1056,Rowan,Dabney,Mothwell,East,27
17:28,2152,Blanche,Tuckey,Corvenmoor,West,16
17:28,2253,Nell,Mellish,Owlsgate,East,33
17:28,2711,Oscar,Wedgwood,Hagstone,North,16
17:28,2763,Jude,Redfern,Corvenmoor,South,24
17:28,2880,Annie,Nancekivell,Underfell,South,24
17:28,3225,Philippa,Sefton,Thistle Green,West,6
17:28,3260,Albert,Upton,Ravensholt,South,17
17:28,4236,Bernard,Hackett,Wychcombe,South,14
17:28,5018,Cyril,Wakely,Ashwick Fen,West,24
17:28,5136,Dahlia,Kaye,Corvenmoor,East,14
17:28,5161,Lydia,Napier,Gloamford,North,7
17:28,5225,Silas,Skelton,Corvenmoor,West,35
17:28,5234,Walter,Mosley,Corvenmoor,East,9
17:28,5822,Anna,Ashby,Gloamford,South,7
17:29,0254,Martha,Yates,Ravensholt,North,15
17:29,0400,Beatrix,Venables,Hagstone,East,33
17:29,0443,Enid,Yates,Pikesmere,East,1
17:29,0911,Mercy,Hobday,Fernhollow,North,12
17:29,1036,Ada,Hunnam,Ravensholt,North,3
17:29,1569,Edith,Brock,Corvenmoor,North,26
17:29,2382,Rosa,Redfern,Corvenmoor,West,27
17:29,2922,Elias,Ockley,Thistle Green,West,20
17:29,2946,Maud,Winslow,Thistle Green,East,18
17:29,3013,Phoebe,Maddox,Corvenmoor,North,30
17:29,3040,Beatrix,Kaye,Eelmarsh,North,4
17:29,3104,Effie,Newbolt,Mothwell,East,5
17:29,3208,Kit,Blythe,Hagstone,South,29
17:29,3685,Ezra,Webley,Fernhollow,West,8
17:29,4438,Effie,Yelland,Corvenmoor,North,26
17:29,4503,Bernard,Nuttall,Ravensholt,North,5
17:29,5120,Jude,Haldane,Kettlewick,North,25
17:29,5434,Xavier,Lowe,Wychcombe,South,3
17:29,5637,Clement,Ashby,Ravensholt,North,18
17:29,5782,Basil,Wedgwood,Owlsgate,West,26
17:29,5816,Olive,Kitson,Barrowdene,West,9
17:30,0861,Ezra,Maddox,Corvenmoor,North,1
17:30,1652,Miriam,Winslow,Pikesmere,North,22
17:30,1831,Rowan,Vance,Fernhollow,South,8
17:30,2128,Lucian,Stokes,Underfell,East,34
17:30,2322,Delia,Brock,Ashwick Fen,West,30
17:30,2364,Esme,Vance,Eelmarsh,West,4
17:30,3002,Magnus,Judd,Ravensholt,South,1
17:30,3265,Bella,Judd,Corvenmoor,West,21
17:30,3357,Myrtle,Ramsay,Wychcombe,South,25
17:30,3637,Percy,Judd,Underfell,West,2
17:30,3763,Clara,Ockley,Wychcombe,West,11
17:30,4136,Pearl,Fairley,Owlsgate,South,30
17:30,4153,Cedric,Dabney,Ravensholt,East,24
17:30,4428,Lydia,Swales,Corvenmoor,North,24
17:30,4731,Nancy,Quayle,Thistle Green,North,15
17:30,4992,Wilbur,Fawcett,Corvenmoor,East,27
17:30,5004,Milo,Hamblin,Underfell,South,15
17:30,5050,Pearl,Tebbit,Underfell,East,31
17:30,5135,Ivo,Hackett,Kettlewick,North,25
17:30,5175,Barnaby,Sallis,Corvenmoor,East,2
17:30,5176,Winnie,Digby,Pikesmere,East,4
17:30,5207,Lena,Plumb,Hagstone,North,3
17:30,5305,Grace,Skelton,Kettlewick,North,36
17:30,5364,Edith,Kitson,Ravensholt,South,29
17:30,5593,Mercy,Padley,Barrowdene,North,32
17:30,5927,Lena,Tolley,Barrowdene,West,34
17:30,5961,Oscar,Digby,Duskwater,East,7
17:31,0003,Esme,Godwin,Corvenmoor,South,25
17:31,0262,Celia,Pickles,Corvenmoor,West,30
17:31,0696,Milo,Vance,Kettlewick,North,5
17:31,0735,Quentin,Lumsden,Underfell,West,29
17:31,1197,Cedric,Digby,Hagstone,East,5
17:31,1377,Sybil,Heskett,Corvenmoor,North,27
17:31,1549,Isaac,Mosley,Barrowdene,South,20
17:31,1923,Iris,Mellish,Underfell,North,16
17:31,2230,Milo,Upton,Wychcombe,North,6
17:31,2339,Winnie,Maddox,Underfell,North,5
17:31,2679,Leonard,Wilmot,Hagstone,North,27
17:31,3371,Edmund,Yelland,Ravensholt,South,32
17:31,3569,Delia,Witton,Duskwater,East,5
17:31,3859,Sybil,Wilmot,Underfell,West,31
17:31,4008,Bertha,Pennick,Owlsgate,South,25
17:31,4495,Arthur,Cobbold,Hagstone,South,14
17:31,4927,Annie,Youll,Fernhollow,North,27
17:31,5130,Hilda,Satchell,Pikesmere,North,23
17:31,5283,Grace,Wilmot,Hagstone,South,27
17:32,0562,Effie,Lumsden,Corvenmoor,East,34
17:32,0567,Alma,Kaye,Barrowdene,West,27
17:32,0661,Oscar,Padley,Fernhollow,North,19
17:32,0995,Otto,Redfern,Duskwater,North,8
17:32,1064,Bertha,Coyle,Corvenmoor,South,27
17:32,1399,Dora,Lamb,Mothwell,North,1
17:32,1513,Willa,Coates,Thistle Green,South,24
17:32,1681,Imogen,Larkin,Hagstone,North,10
17:32,1989,Annie,Quayle,Ashwick Fen,South,28
17:32,2255,Annie,Meakin,Ashwick Fen,South,30
17:32,2345,Helena,Wolstenholme,Barrowdene,North,9
17:32,2659,Elias,Larkin,Owlsgate,East,7
17:32,2717,Gwen,Clegg,Corvenmoor,North,31
17:32,2991,Kit,Ockley,Ashwick Fen,West,1
17:32,3163,Anna,Judd,Barrowdene,East,16
17:32,3220,Gideon,Clegg,Duskwater,East,27
17:32,3928,Lena,Dawes,Corvenmoor,West,27
17:32,4018,Olive,Hunnam,Ravensholt,South,22
17:32,5126,Magnus,Maddox,Kettlewick,North,29
17:32,5634,Enid,Lumsden,Ashwick Fen,South,18
17:32,5644,Rowan,Phelps,Mothwell,East,28
17:33,0463,Nell,Dunstan,Barrowdene,West,33
17:33,0610,Cedric,Chalk,Corvenmoor,West,34
17:33,1303,Hilda,Dawes,Ravensholt,West,3
17:33,1371,Selma,Nuttall,Wychcombe,West,14
17:33,1785,Cedric,Coates,Owlsgate,West,25
17:33,1828,Jonah,Winslow,Wychcombe,South,9
17:33,1890,Lavinia,Yates,Owlsgate,North,32
17:33,2106,Imogen,Plumb,Corvenmoor,East,14
17:33,2134,Effie,Hackett,Owlsgate,North,36
17:33,2426,Elias,Lumsden,Ravensholt,South,34
17:33,2558,Maisie,Fenwick,Underfell,East,31
17:33,2629,Ada,Hollis,Duskwater,West,19
17:33,2696,Rhoda,Quick,Ashwick Fen,North,14
17:33,2773,Ursula,Cobbold,Hagstone,South,1
17:33,3453,Ursula,Gale,Ravensholt,East,5
17:33,3573,Pearl,Toms,Fernhollow,South,6
17:33,3956,Elias,Meakin,Ashwick Fen,East,11
17:33,4905,Flora,Ibbott,Corvenmoor,North,29
17:33,5023,Ivo,Slade,Underfell,South,30
17:33,5199,Dorian,Thwaite,Duskwater,South,30
17:33,5233,Annie,Welch,Pikesmere,South,12
17:33,5267,Martha,Nettles,Hagstone,North,12
17:34,0056,Albert,Webley,Underfell,North,12
17:34,0246,Blanche,Thwaite,Underfell,East,17
17:34,0470,Mabel,Shilton,Corvenmoor,West,24
17:34,0640,Barnaby,Satchell,Mothwell,North,11
17:34,0920,Dorian,Wakely,Corvenmoor,South,4
17:34,1289,Zelda,Swales,Wychcombe,North,19
17:34,1405,Ruth,Wallis,Pikesmere,North,20
17:34,1562,Isaac,Sefton,Corvenmoor,South,16
17:34,2257,Ivo,Gilbey,Corvenmoor,South,28
17:34,2288,Silas,Toms,Duskwater,South,6
17:34,2389,Isabel,Dabney,Kettlewick,West,36
17:34,2486,Esme,Wedgwood,Owlsgate,East,20
17:34,2526,Tobias,Padley,Barrowdene,East,11
17:34,2701,Ivy,Mosley,Barrowdene,West,26
17:34,3603,Josie,Yates,Underfell,South,28
17:34,3827,Rosa,Orme,Corvenmoor,West,10
17:34,3905,Milo,Skelton,Underfell,North,14
17:34,3980,Kit,Meakin,Mothwell,North,1
17:34,4050,Selma,Skelton,Kettlewick,North,25
17:34,4328,Helena,Ramsay,Ravensholt,West,11
17:34,4739,Anna,Sutton,Ashwick Fen,South,30
17:34,5089,Josie,Wilmot,Mothwell,North,13
17:34,5156,Phoebe,Ashby,Thistle Green,East,29
17:34,5332,Hilda,Wallis,Pikesmere,West,23
17:34,5383,Ivy,Tyson,Gloamford,East,26
17:35,0093,Zelda,Cobbold,Wychcombe,East,19
17:35,0250,Pip,Wakely,Ravensholt,North,1
17:35,0855,Philippa,Pocock,Thistle Green,South,36
17:35,0865,Otto,Bowden,Ashwick Fen,North,4
17:35,0906,Nina,Gosling,Corvenmoor,East,11
17:35,1114,Barnaby,Chilton,Ravensholt,East,16
17:35,1406,Lena,Fenwick,Duskwater,South,27
17:35,1458,Helena,Pellow,Hagstone,East,23
17:35,1503,Beatrix,Phelps,Thistle Green,North,35
17:35,1610,Isabel,Rudd,Underfell,North,18
17:35,2094,Oscar,Hollis,Corvenmoor,East,25
17:35,2310,Vera,Kaye,Pikesmere,North,23
17:35,2614,Basil,Pettit,Corvenmoor,West,19
17:35,2663,Percy,Nancekivell,Corvenmoor,West,10
17:35,3090,Martha,Pickles,Corvenmoor,East,15
17:35,3233,Helena,Napier,Barrowdene,South,19
17:35,3283,Myrtle,Rook,Corvenmoor,West,2
17:35,3521,Milo,Chilton,Wychcombe,North,1
17:35,3563,Maud,Elwin,Ravensholt,East,3
17:35,3615,Ezra,Dunstan,Eelmarsh,West,24
17:35,3898,Annie,Gale,Duskwater,West,35
17:35,4485,Dahlia,Bainbridge,Wychcombe,South,6
17:35,5104,Esme,Orme,Ashwick Fen,South,20
17:35,5118,Edmund,Wallis,Eelmarsh,West,17
17:35,5409,Tobias,Nancekivell,Fernhollow,North,21
17:35,5498,Edmund,Youll,Corvenmoor,North,7
17:35,5731,Maisie,Webley,Thistle Green,East,30
17:35,5914,Dora,Wallis,Owlsgate,North,16
17:36,0425,Harriet,Wakely,Barrowdene,North,6
17:36,0478,Bernard,Tyson,Corvenmoor,East,7
17:36,0546,Silas,Stokes,Pikesmere,South,29
17:36,0789,Lottie,Oddie,Underfell,West,15
17:36,1057,Iris,Quayle,Barrowdene,North,1
17:36,1172,Enid,Monk,Thistle Green,North,29
17:36,1320,Enid,Pennick,Hagstone,North,17
17:36,1981,Dorian,Webley,Hagstone,North,18
17:36,1997,Morris,Beck,Hagstone,South,13
17:36,2498,Harriet,Oddie,Ravensholt,North,13
17:36,3345,Bernard,Abbott,Hagstone,North,3
17:36,3411,Kit,Mabbott,Fernhollow,South,5
17:36,3574,Tabitha,Blythe,Ashwick Fen,West,8
17:36,3816,Barnaby,Pellow,Duskwater,East,8
17:36,3959,Rosa,Welch,Wychcombe,North,32
17:36,4766,Nancy,Swales,Wychcombe,North,32
17:36,4893,Elias,Osgood,Pikesmere,East,2
17:36,5002,Noel,Larkin,Mothwell,North,25
17:36,5164,Esme,Tebbit,Duskwater,East,32
17:36,5196,Hilda,Meakin,Barrowdene,West,17
17:36,5374,Isaac,Barlow,Corvenmoor,South,6
17:36,5732,Selma,Plumb,Duskwater,East,7
17:37,0049,Hector,Elwin,Ravensholt,South,7
17:37,0182,Magnus,Rudd,Corvenmoor,West,4
17:37,0207,Rhoda,Haldane,Fernhollow,South,30
17:37,0312,Harriet,Tolley,Pikesmere,West,4
17:37,0529,Isabel,Orme,Corvenmoor,North,24
17:37,0563,Magnus,Yates,Gloamford,North,22
17:37,0936,Marian,Yelland,Underfell,East,4
17:37,1130,Nell,Brock,Corvenmoor,West,1
17:37,1417,Enid,Cobbold,Hagstone,North,3
17:37,1621,Jonah,Dabney,Corvenmoor,South,22
17:37,1693,Noel,Finlow,Ravensholt,South,13
17:37,1752,Thea,Clegg,Owlsgate,North,23
17:37,2233,Lena,Coyle,Owlsgate,West,2
17:37,2307,Myrtle,Barlow,Fernhollow,North,11
17:37,2657,Tobias,Oddie,Kettlewick,West,12
17:37,2673,Lottie,Hawley,Kettlewick,North,31
17:37,2900,Beatrix,Gilbey,Mothwell,East,6
17:37,3028,Dahlia,Quayle,Wychcombe,North,26
17:37,3214,Ursula,Haldane,Underfell,North,4
17:37,3629,Beatrix,Webley,Pikesmere,East,24
17:37,4232,Grace,Dawes,Corvenmoor,South,17
17:37,4402,Morris,Quayle,Ashwick Fen,West,24
17:37,4606,Blanche,Skelton,Owlsgate,West,23
17:37,4805,Flora,Toms,Kettlewick,West,3
17:37,4839,Cora,Lumsden,Ashwick Fen,South,25
17:37,4946,Linus,Plumb,Corvenmoor,East,16
17:37,5439,Mabel,Vance,Underfell,West,17
17:37,5440,Leonard,Ashby,Corvenmoor,South,2
17:37,5470,Kit,Nancekivell,Thistle Green,North,2
17:37,5511,Rhoda,Redfern,Gloamford,South,33
17:37,5758,Rhoda,Pocock,Wychcombe,South,18
17:37,5872,Blanche,Upton,Thistle Green,North,34
17:37,5890,Beatrix,Cobbold,Hagstone,West,1
17:38,0176,Dora,Swales,Wychcombe,South,12
17:38,0639,Imogen,Bainbridge,Corvenmoor,West,31
17:38,1545,Lydia,Hollis,Fernhollow,East,10
17:38,2148,Thea,Nettles,Ashwick Fen,West,17
17:38,2193,Kit,Godwin,Corvenmoor,West,7
17:38,2829,Amos,Haldane,Duskwater,East,10
17:38,3416,Leonard,Monk,Thistle Green,North,25
17:38,3777,Hannah,Quick,Corvenmoor,North,17
17:38,4143,Josie,Slade,Underfell,East,9
17:38,4310,Tabitha,Raikes,Gloamford,South,8
17:38,4347,Winnie,Dawes,Ravensholt,West,1
17:38,4811,Clara,Ramsay,Thistle Green,West,33
17:38,5314,Ursula,Bainbridge,Pikesmere,South,22
17:38,5380,Lydia,Rook,Mothwell,North,32
17:38,5401,Dahlia,Beck,Pikesmere,South,8
17:38,5512,Elsie,Wedgwood,Corvenmoor,East,27
17:38,5582,Albert,Quick,Corvenmoor,West,25
17:38,5605,Elias,Mosley,Mothwell,West,36
17:38,5612,Ezra,Ibbott,Corvenmoor,West,24
17:39,0061,Miriam,Bunting,Ravensholt,North,30
17:39,0458,Jude,Elwin,Hagstone,South,8
17:39,0602,Greta,Dunstan,Mothwell,East,22
17:39,0615,Albert,Meakin,Fernhollow,West,35
17:39,0672,Bella,Pocock,Corvenmoor,North,27
17:39,1132,Jasper,Cobbold,Barrowdene,North,18
17:39,1485,Anna,Mosley,Owlsgate,North,5
17:39,2139,Miriam,Twigg,Mothwell,West,20
17:39,2766,Alma,Wedgwood,Eelmarsh,West,6
17:39,3538,Morris,Judd,Thistle Green,East,25
17:39,3596,Maisie,Yates,Pikesmere,West,32
17:39,3675,Jasper,Chalk,Corvenmoor,North,28
17:39,3754,Noel,Redfern,Gloamford,East,6
17:39,3962,Flora,Hackett,Hagstone,East,26
17:39,4063,Gwen,Beck,Ravensholt,North,26
17:39,4367,Linus,Pellow,Ashwick Fen,East,22
17:39,4472,Cyril,Quayle,Corvenmoor,North,14
17:39,4602,Milo,Dunstan,Thistle Green,West,9
17:39,4658,Ursula,Youll,Corvenmoor,West,6
17:39,4991,Sadie,Shilton,Gloamford,North,26
17:39,5048,Lavinia,Pickles,Owlsgate,West,31
17:39,5315,Grace,Maddox,Corvenmoor,North,20
17:39,5466,Gideon,Padley,Eelmarsh,West,3
17:39,5595,Mercy,Cobbold,Mothwell,North,4
17:39,5603,Hannah,Vance,Kettlewick,West,35
17:39,5678,Imogen,Winslow,Corvenmoor,West,3
17:39,5920,Lucian,Hunnam,Fernhollow,East,33
17:40,0011,Gwen,Plumb,Wychcombe,North,29
17:40,0156,Xavier,Tolley,Barrowdene,South,35
17:40,0681,Selma,Chalk,Fernhollow,East,25
17:40,0700,Annie,Maddox,Pikesmere,North,17
17:40,1345,Silas,Monk,Fernhollow,West,31
17:40,1346,Barnaby,Ramsay,Wychcombe,North,19
17:40,1540,Rowan,Nettles,Hagstone,South,18
17:40,1679,Rosa,Dunstan,Fernhollow,South,31
17:40,1705,Blanche,Tasker,Ravensholt,West,35
17:40,1757,Lydia,Noakes,Corvenmoor,South,7
17:40,1899,Nell,Yates,Wychcombe,North,17
17:40,1963,Miriam,Tasker,Owlsgate,North,20
17:40,2007,Delia,Coates,Mothwell,South,11
17:40,2062,Lottie,Gale,Kettlewick,West,7
17:40,2414,Edgar,Skelton,Thistle Green,East,25
17:40,2550,Imogen,Oddie,Corvenmoor,South,4
17:40,2898,Winnie,Beck,Duskwater,South,32
17:40,3087,Freda,Ibbott,Fernhollow,South,1
17:40,3374,Philippa,Hackett,Ashwick Fen,South,33
17:40,3434,Silas,Nancekivell,Ashwick Fen,West,12
17:40,3545,Arthur,Wakely,Barrowdene,North,29
17:40,3753,Cora,Onslow,Mothwell,North,14
17:40,3814,Wilbur,Mabbott,Corvenmoor,West,17
17:40,3857,Maud,Bunting,Gloamford,East,32
17:40,3863,Barnaby,Tolley,Owlsgate,East,14
17:40,3912,Winnie,Skelton,Fernhollow,East,10
17:40,3945,Helena,Raikes,Owlsgate,East,18
17:40,4052,Elias,Hawley,Thistle Green,West,1
17:40,4172,Miriam,Blythe,Corvenmoor,North,6
17:40,4671,Fabian,Ibbott,Thistle Green,West,7
17:40,4788,Willa,Wakely,Eelmarsh,South,27
17:40,4799,Morris,Coyle,Owlsgate,East,3
17:40,4945,Imogen,Satchell,Owlsgate,West,4
17:40,5195,Willa,Wilmot,Ashwick Fen,West,12
17:40,5395,Fabian,Hollis,Wychcombe,East,12
17:40,5730,Bertha,Fairley,Gloamford,East,34
17:40,5838,Lottie,Elwin,Fernhollow,South,26
17:40,5889,Isaac,Gosling,Ashwick Fen,North,14
17:41,0080,Lena,Tasker,Corvenmoor,South,14
17:41,0112,Lydia,Judd,Wychcombe,North,17
17:41,0664,Iris,Sutton,Gloamford,North,14
17:41,1088,Marian,Mabbott,Owlsgate,West,2
17:41,1415,Olive,Tuckey,Hagstone,North,15
17:41,2079,Celia,Welch,Corvenmoor,North,25
17:41,3042,Maud,Lowe,Thistle Green,East,1
17:41,3330,Magnus,Mabbott,Thistle Green,North,6
17:41,3705,Ivo,Nuttall,Corvenmoor,North,11
17:41,3776,Bertha,Bowden,Ravensholt,West,18
17:41,3853,Barnaby,Hollis,Owlsgate,North,15
17:41,4013,Enid,Quick,Thistle Green,West,31
17:41,4282,Zelda,Barlow,Pikesmere,East,11
17:41,4379,Barnaby,Haldane,Fernhollow,South,27
17:41,4519,Lucian,Bowden,Kettlewick,East,21
17:41,5219,Xavier,Lamb,Thistle Green,North,21
17:41,5793,Vera,Vance,Duskwater,East,10
17:41,5898,Cora,Stokes,Gloamford,North,18
17:41,5981,Agnes,Ramsay,Pikesmere,West,26
17:42,0238,Clara,Raikes,Gloamford,North,17
17:42,0422,Blanche,Quayle,Ashwick Fen,West,3
17:42,0569,Mercy,Osgood,Underfell,East,3
17:42,0733,Ida,Blythe,Eelmarsh,South,22
17:42,1173,Percy,Mosley,Eelmarsh,West,27
17:42,1242,Clara,Tyson,Pikesmere,North,25
17:42,1335,Greta,Hunnam,Underfell,North,26
17:42,1675,Isaac,Maddox,Ashwick Fen,East,25
17:42,1763,Constance,Ashby,Barrowdene,South,30
17:42,1834,Greta,Chilton,Kettlewick,North,17
17:42,1896,Sybil,Bramble,Gloamford,North,9
17:42,2200,Harriet,Witton,Duskwater,North,12
17:42,2894,Rowan,Pettit,Corvenmoor,North,20
17:42,3089,Leonard,Sefton,Wychcombe,North,8
17:42,3098,Olive,Winslow,Owlsgate,West,29
17:42,3221,Ruth,Godwin,Ashwick Fen,West,36
17:42,3230,Dahlia,Nuttall,Hagstone,North,17
17:42,3294,Bernard,Mosley,Ravensholt,East,31
17:42,3925,Sybil,Kaye,Underfell,North,6
17:42,4217,Olive,Coyle,Barrowdene,North,31
17:42,4250,Fabian,Orme,Pikesmere,North,21
17:42,4459,Tabitha,Mabbott,Pikesmere,West,27
17:42,4572,Hector,Hamblin,Corvenmoor,West,30
17:42,4746,Helena,Beck,Ravensholt,North,17
17:42,4748,Lottie,Bunting,Corvenmoor,South,34
17:42,4810,Imogen,Mellish,Thistle Green,North,2
17:42,4846,Esme,Onslow,Ashwick Fen,South,15
17:42,4885,Silas,Lowe,Thistle Green,East,27
17:42,5040,Agnes,Swales,Eelmarsh,East,9
17:42,5549,Mercy,Sefton,Ashwick Fen,North,5
17:42,5756,Magnus,Hamblin,Hagstone,North,14
17:43,0073,Myrtle,Welch,Eelmarsh,South,18
17:43,0384,Dora,Onslow,Ashwick Fen,South,32
17:43,0531,Imogen,Wolstenholme,Kettlewick,South,16
17:43,0675,Pearl,Bunting,Ravensholt,North,35
17:43,0845,Cora,Maddox,Corvenmoor,West,4
17:43,0984,Thea,Yelland,Corvenmoor,South,3
17:43,0989,Miriam,Rudd,Duskwater,North,36
17:43,1445,Selma,Winslow,Corvenmoor,North,4
17:43,1658,Percy,Nuttall,Thistle Green,North,17
17:43,2737,Linus,Burnell,Ashwick Fen,West,17
17:43,2885,Greta,Meakin,Kettlewick,North,5
17:43,3651,Gwen,Nettles,Corvenmoor,South,14
17:43,3741,Mercy,Ibbott,Wychcombe,West,8
17:43,4443,Cyril,Sutton,Duskwater,South,34
17:43,4481,Effie,Eccles,Corvenmoor,South,11
17:43,4713,Mercy,Abbott,Underfell,South,12
17:43,4897,Rhoda,Gosling,Thistle Green,North,8
17:43,4902,Morris,Hawley,Wychcombe,East,26
17:43,4934,Rowan,Haldane,Ravensholt,East,5
17:43,4996,Grace,Nettles,Duskwater,North,2
17:43,5376,Beatrix,Rook,Mothwell,East,3
17:43,5429,Mercy,Nettles,Kettlewick,East,7
17:43,5492,Cora,Hollis,Ravensholt,West,34
17:43,5633,Gwen,Ashby,Wychcombe,East,24
17:44,0031,Lena,Mellish,Thistle Green,West,30
17:44,0048,Edmund,Ramsay,Owlsgate,South,28
17:44,0086,Flora,Twigg,Gloamford,West,6
17:44,0346,Elias,Coyle,Wychcombe,West,23
17:44,0389,Greta,Yelland,Ravensholt,North,36
17:44,0688,Otto,Swales,Barrowdene,South,12
17:44,0950,Anna,Gale,Thistle Green,North,1
17:44,1722,Xavier,Nettles,Corvenmoor,South,13
17:44,1993,Ida,Quick,Wychcombe,East,27
17:44,2019,Hilda,Sallis,Thistle Green,East,25
17:44,2631,Alma,Tebbit,Ravensholt,East,13
17:44,2751,Basil,Monk,Eelmarsh,South,4
17:44,2758,Bella,Witton,Barrowdene,South,19
17:44,2759,Wilbur,Wolstenholme,Hagstone,North,4
17:44,2835,Morris,Godwin,Kettlewick,North,29
17:44,2989,Thea,Ibbott,Corvenmoor,East,23
17:44,3275,Helena,Upton,Corvenmoor,North,30
17:44,3360,Anna,Pocock,Owlsgate,North,14
17:44,3407,Flora,Bunting,Corvenmoor,North,10
17:44,3947,Basil,Nettles,Hagstone,South,1
17:44,3983,Leonard,Mosley,Ravensholt,West,16
17:44,4345,Esme,Yates,Corvenmoor,West,31
17:44,4695,Ursula,Beck,Ravensholt,West,32
17:44,4906,Ida,Barlow,Fernhollow,East,30
17:44,5396,Imogen,Dunstan,Corvenmoor,West,18
17:44,5527,Oscar,Nettles,Corvenmoor,East,28
17:44,5682,Xavier,Ramsay,Hagstone,South,11
17:45,0033,Celia,Winslow,Barrowdene,South,19
17:45,0212,Esme,Slade,Barrowdene,West,10
17:45,0512,Annie,Witton,Pikesmere,East,29
17:45,0820,Rosa,Thwaite,Barrowdene,East,28
17:45,1218,Cyril,Rook,Fernhollow,West,17
17:45,1308,Lavinia,Hunnam,Corvenmoor,West,26
17:45,1394,Edgar,Wallis,Corvenmoor,West,32
17:45,1499,Willa,Toms,Ravensholt,South,27
17:45,1668,Phoebe,Tasker,Thistle Green,North,15
17:45,2115,Edgar,Coyle,Kettlewick,West,31
17:45,2541,Oscar,Bramble,Wychcombe,East,14
17:45,2606,Lena,Swales,Ashwick Fen,East,15
17:45,2735,Basil,Pennick,Underfell,East,19
17:45,2971,Magnus,Venables,Wychcombe,East,25
17:45,4285,Percy,Winslow,Duskwater,North,14
17:45,4473,Pip,Ashby,Ravensholt,North,30
17:45,4978,Tobias,Eccles,Barrowdene,North,36
17:45,5441,Marian,Rudd,Pikesmere,North,21
17:45,5552,Ida,Dawes,Thistle Green,East,29
17:45,5615,Dora,Shilton,Owlsgate,East,29
17:45,5720,Delia,Plumb,Wychcombe,West,28
17:45,5729,Constance,Burnell,Gloamford,West,9
17:45,5853,Vera,Bainbridge,Corvenmoor,South,21
17:45,5884,Delia,Swales,Barrowdene,South,31
17:46,0174,Albert,Vance,Ravensholt,South,30
17:46,1086,Philippa,Dunstan,Thistle Green,South,24
17:46,1670,Esme,Hollis,Eelmarsh,South,28
17:46,1739,Marian,Dabney,Corvenmoor,West,13
17:46,2502,Bertha,Judd,Wychcombe,South,34
17:46,2537,Imogen,Phelps,Corvenmoor,South,5
17:46,2844,Arthur,Lowe,Wychcombe,South,16
17:46,3021,Cora,Twigg,Gloamford,South,8
17:46,3356,Effie,Fenwick,Duskwater,South,20
17:46,3454,Cyril,Bunting,Pikesmere,South,31
17:46,3620,Walter,Bowden,Corvenmoor,North,16
17:46,3736,Kit,Chilton,Kettlewick,West,24
17:46,4039,Ursula,Meakin,Mothwell,East,10
17:46,4088,Miriam,Fenwick,Mothwell,North,5
17:46,4363,Mabel,Tolley,Pikesmere,North,7
17:46,4429,Esme,Sefton,Eelmarsh,West,16
17:46,4480,Harriet,Godwin,Mothwell,North,25
17:46,5058,Lottie,Hunnam,Wychcombe,North,10
17:46,5178,Edmund,Clegg,Corvenmoor,West,35
17:46,5211,Amos,Sefton,Underfell,South,31
17:46,5452,Gideon,Keeling,Duskwater,South,28
17:46,5481,Anna,Godwin,Ashwick Fen,North,23
17:47,0336,Clara,Fairley,Corvenmoor,North,11
17:47,0544,Cyril,Redfern,Eelmarsh,East,26
17:47,0900,Blanche,Youll,Mothwell,North,13
17:47,1014,Willa,Sefton,Corvenmoor,West,24
17:47,1022,Amos,Chalk,Corvenmoor,North,27
17:47,1296,Bernard,Jessop,Ravensholt,East,15
17:47,1416,Phoebe,Pellow,Corvenmoor,West,31
17:47,1906,Willa,Chilton,Hagstone,East,3
17:47,2089,Isaac,Finlow,Underfell,North,3
17:47,3019,Bertha,Nancekivell,Pikesmere,East,20
17:47,3037,Ida,Chilton,Ashwick Fen,East,21
17:47,3376,Hilda,Fairley,Wychcombe,East,7
17:47,3688,Miriam,Hunnam,Kettlewick,West,14
17:47,4294,Silas,Sefton,Thistle Green,North,11
17:47,4876,Winnie,Lamb,Underfell,West,9
17:47,5717,Lucian,Elwin,Corvenmoor,East,16
17:47,5864,Winnie,Dabney,Duskwater,North,15
17:48,0157,Gideon,Abbott,Corvenmoor,West,19
17:48,0297,Zelda,Padley,Duskwater,North,4
17:48,0609,Clara,Sutton,Wychcombe,North,35
17:48,0650,Jude,Ramsay,Fernhollow,South,14
17:48,0731,Morris,Ashby,Corvenmoor,West,9
17:48,0759,Harriet,Coyle,Mothwell,North,3
17:48,1238,Greta,Tyson,Wychcombe,North,16
17:48,1409,Lydia,Elwin,Owlsgate,South,30
17:48,1979,Ivo,Tuckey,Pikesmere,North,5
17:48,2068,Miriam,Kaye,Ravensholt,East,29
17:48,2222,Edith,Hobday,Corvenmoor,South,1
17:48,2397,Bertha,Pickles,Kettlewick,South,27
17:48,2581,Annie,Rudd,Thistle Green,South,19
17:48,2762,Xavier,Pennick,Hagstone,South,27
17:48,2776,Greta,Bowden,Wychcombe,West,25
17:48,3064,Nancy,Redfern,Thistle Green,East,1
17:48,3440,Winnie,Slade,Eelmarsh,North,9
17:48,3533,Noel,Welch,Barrowdene,North,3
17:48,3671,Viola,Kitson,Thistle Green,West,17
17:48,4114,Olive,Kaye,Owlsgate,East,7
17:48,4251,Oscar,Newbolt,Corvenmoor,East,29
17:48,4299,Zelda,Keeling,Corvenmoor,North,24
17:48,4530,Phoebe,Shilton,Wychcombe,West,31
17:48,4755,Celia,Osgood,Hagstone,West,12
17:48,4864,Elsie,Dabney,Kettlewick,North,29
17:48,5410,Vera,Tebbit,Barrowdene,East,4
17:48,5857,Bella,Quick,Barrowdene,North,33
17:49,0560,Willa,Meakin,Barrowdene,West,21
17:49,0875,Constance,Lumsden,Corvenmoor,East,33
17:49,1058,Fabian,Kitson,Owlsgate,South,23
17:49,1150,Clement,Hackett,Hagstone,South,14
17:49,1281,Magnus,Orme,Corvenmoor,South,30
17:49,1419,Gideon,Blythe,Gloamford,South,32
17:49,1537,Nell,Barlow,Wychcombe,North,13
17:49,1878,Ada,Ramsay,Wychcombe,South,8
17:49,2264,Dorian,Ockley,Barrowdene,West,11
17:49,2466,Clara,Cobbold,Corvenmoor,South,20
17:49,2615,Lucian,Larkin,Gloamford,East,28
17:49,2750,Jude,Gale,Fernhollow,North,3
17:49,2790,Arthur,Onslow,Corvenmoor,South,9
17:49,2876,Dahlia,Quick,Fernhollow,North,2
17:49,2892,Augusta,Gale,Corvenmoor,East,16
17:49,3290,Gwen,Raikes,Corvenmoor,North,24
17:49,3877,Sybil,Hunnam,Gloamford,North,28
17:49,4132,Walter,Gosling,Hagstone,East,20
17:49,4297,Quentin,Ashby,Corvenmoor,West,21
17:49,4358,Nell,Coyle,Corvenmoor,North,14
17:49,4661,Dora,Stokes,Corvenmoor,South,32
17:49,4674,Imogen,Bowden,Corvenmoor,West,9
17:49,4854,Beatrix,Ockley,Thistle Green,North,1
17:49,5286,Ezra,Orme,Eelmarsh,South,23
17:49,5503,Otto,Thwaite,Ashwick Fen,West,13
17:49,5523,Ivy,Coyle,Corvenmoor,East,8
17:49,5751,Lottie,Tebbit,Underfell,North,9
17:49,5753,Kit,Pettit,Owlsgate,West,34
17:49,5804,Greta,Witton,Eelmarsh,East,10
17:50,0029,Noel,Monk,Hagstone,South,16
17:50,0148,Mabel,Digby,Underfell,South,21
17:50,0354,Cedric,Coyle,Eelmarsh,South,28
17:50,0419,Gideon,Lumsden,Pikesmere,North,6
17:50,1100,Quentin,Nettles,Corvenmoor,West,5
17:50,1142,Fabian,Noakes,Eelmarsh,North,1
17:50,1479,Lucian,Judd,Owlsgate,West,26
17:50,1536,Tobias,Napier,Ravensholt,West,34
17:50,1628,Anna,Coates,Corvenmoor,South,7
17:50,1782,Ivo,Godwin,Corvenmoor,North,26
17:50,1791,Rhoda,Sutton,Corvenmoor,South,26
17:50,2111,Ivo,Dawes,Hagstone,North,29
17:50,2208,Iris,Hamblin,Pikesmere,North,34
17:50,2440,Nancy,Lamb,Pikesmere,South,12
17:50,2706,Clara,Ibbott,Hagstone,South,6
17:50,3185,Myrtle,Mellish,Hagstone,South,11
17:50,4275,Jude,Judd,Fernhollow,East,3
17:50,4792,Fabian,Tasker,Wychcombe,South,33
17:50,5402,Mercy,Fawcett,Corvenmoor,West,1
17:50,5625,Alma,Coyle,Ravensholt,East,34
17:50,5743,Otto,Oddie,Kettlewick,South,29
17:50,5966,Philippa,Tolley,Thistle Green,West,22
17:51,0070,Maisie,Tuckey,Kettlewick,East,26
17:51,1433,Arthur,Burnell,Ravensholt,South,16
17:51,2415,Nell,Venables,Corvenmoor,North,3
17:51,2624,Oscar,Lowe,Owlsgate,North,10
17:51,2684,Hannah,Wallis,Corvenmoor,East,10
17:51,2855,Enid,Tebbit,Corvenmoor,South,19
17:51,3244,Josie,Cobbold,Duskwater,North,23
17:51,3570,Martha,Witton,Corvenmoor,North,25
17:51,3632,Ivy,Nettles,Wychcombe,West,36
17:51,3804,Barnaby,Wilmot,Corvenmoor,North,27
17:51,4166,Enid,Padley,Corvenmoor,West,4
17:51,4180,Ivo,Orme,Mothwell,West,25
17:51,4278,Ivy,Shilton,Gloamford,East,19
17:51,4984,Rhoda,Plumb,Ashwick Fen,North,21
17:51,5273,Ivo,Wolstenholme,Corvenmoor,East,31
17:52,0084,Otto,Nancekivell,Hagstone,North,5
17:52,0281,Magnus,Oddie,Corvenmoor,North,15
17:52,0331,Edith,Blythe,Gloamford,North,32
17:52,0374,Celia,Coyle,Corvenmoor,North,25
17:52,0818,Zelda,Heskett,Thistle Green,North,24
17:52,0938,Ivo,Coyle,Pikesmere,South,19
17:52,1376,Maud,Slade,Eelmarsh,East,5
17:52,1516,Clement,Tebbit,Corvenmoor,North,35
17:52,1874,Maud,Keeling,Pikesmere,East,10
17:52,2312,Nell,Winslow,Corvenmoor,South,19
17:52,2356,Rowan,Blythe,Corvenmoor,East,11
17:52,2554,Maisie,Wallis,Corvenmoor,West,34
17:52,2599,Blanche,Wallis,Gloamford,North,23
17:52,2910,Nell,Kitson,Eelmarsh,West,7
17:52,3171,Ivy,Larkin,Ravensholt,East,20
17:52,3424,Lydia,Bainbridge,Owlsgate,East,9
17:52,3471,Ida,Pickles,Hagstone,East,13
17:52,3540,Alma,Monk,Kettlewick,South,20
17:52,3828,Dahlia,Onslow,Thistle Green,East,7
17:52,4539,Rowan,Burnell,Barrowdene,West,14
17:52,4740,Ida,Bowden,Fernhollow,North,10
17:52,4830,Silas,Finlow,Ravensholt,South,14
17:52,5297,Constance,Yates,Eelmarsh,West,11
17:52,5530,Esme,Napier,Wychcombe,West,32
17:52,5643,Esme,Hunnam,Fernhollow,West,28
17:52,5790,Jasper,Ockley,Corvenmoor,West,7
17:52,5846,Isabel,Hackett,Ashwick Fen,South,25
17:52,5987,Quentin,Sutton,Corvenmoor,North,26
17:53,0154,Edmund,Gilbey,Pikesmere,South,21
17:53,0386,Mercy,Hackett,Owlsgate,West,17
17:53,0632,Ruth,Burnell,Gloamford,South,12
17:53,0665,Jude,Lowe,Eelmarsh,South,18
17:53,0783,Harriet,Fairley,Eelmarsh,North,24
17:53,0842,Noel,Hawley,Wychcombe,East,1
17:53,0991,Bernard,Phelps,Gloamford,East,9
17:53,1047,Bernard,Coyle,Duskwater,West,23
17:53,1134,Barnaby,Heskett,Owlsgate,North,5
17:53,1364,Dahlia,Wakely,Ravensholt,West,17
17:53,1601,Hector,Blythe,Mothwell,South,3
17:53,1629,Pip,Clegg,Duskwater,East,14
17:53,1903,Isabel,Newbolt,Gloamford,West,1
17:53,2203,Elias,Tuckey,Gloamford,East,8
17:53,3276,Percy,Phelps,Pikesmere,South,30
17:53,3653,Tabitha,Nettles,Underfell,West,27
17:53,3661,Jasper,Stokes,Wychcombe,East,11
17:53,4267,Leonard,Fairley,Wychcombe,West,19
17:53,4680,Clara,Ashby,Corvenmoor,North,35
17:53,4737,Cedric,Wedgwood,Eelmarsh,East,31
17:53,5205,Helena,Brock,Corvenmoor,North,17
17:53,5442,Philippa,Godwin,Owlsgate,East,19
17:53,5735,Linus,Phelps,Ashwick Fen,West,1
17:53,5827,Beatrix,Hunnam,Wychcombe,South,27
17:53,5832,Ivo,Beck,Mothwell,South,30
17:54,0245,Fabian,Chalk,Owlsgate,West,33
17:54,0518,Rowan,Clegg,Corvenmoor,North,6
17:54,1329,Bella,Hackett,Corvenmoor,East,7
17:54,1442,Grace,Chalk,Thistle Green,South,34
17:54,1579,Clement,Jessop,Mothwell,West,21
17:54,1838,Blanche,Welch,Hagstone,West,26
17:54,1991,Clement,Pettit,Eelmarsh,East,26
17:54,1996,Percy,Lamb,Mothwell,East,35
17:54,2130,Iris,Larkin,Fernhollow,West,6
17:54,2683,Linus,Mabbott,Ravensholt,East,18
17:54,2891,Barnaby,Venables,Owlsgate,North,6
17:54,3140,Elias,Winslow,Corvenmoor,East,29
17:54,3333,Sadie,Witton,Thistle Green,North,6
17:54,3601,Bertha,Slade,Hagstone,North,1
17:54,4219,Myrtle,Yates,Corvenmoor,North,13
17:54,4353,Lydia,Larkin,Ashwick Fen,East,27
17:54,4527,Gwen,Swales,Owlsgate,North,31
17:54,4529,Milo,Hawley,Kettlewick,East,14
17:54,4747,Sadie,Tuckey,Corvenmoor,West,34
17:54,5269,Nora,Pennick,Pikesmere,North,21
17:54,5491,Thea,Wolstenholme,Barrowdene,South,32
17:54,5614,Maisie,Wilmot,Pikesmere,South,12
17:54,5921,Lucian,Bainbridge,Thistle Green,South,6
17:55,0130,Maisie,Digby,Thistle Green,West,8
17:55,0466,Alma,Pellow,Corvenmoor,West,34
17:55,0712,Jonah,Chalk,Thistle Green,North,24
17:55,0840,Edgar,Hollis,Owlsgate,North,10
17:55,0905,Horace,Webley,Ashwick Fen,East,18
17:55,1534,Delia,Onslow,Ravensholt,West,5
17:55,1813,Magnus,Wolstenholme,Owlsgate,South,30
17:55,1832,Lydia,Ashby,Pikesmere,North,12
17:55,2100,Magnus,Finlow,Eelmarsh,South,13
17:55,2240,Albert,Raikes,Corvenmoor,South,7
17:55,2669,Dorian,Pellow,Eelmarsh,South,24
17:55,2840,Basil,Twigg,Ashwick Fen,South,7
17:55,2995,Constance,Dabney,Duskwater,North,20
17:55,3005,Lucian,Bunting,Ashwick Fen,East,17
17:55,3211,Bernard,Ibbott,Gloamford,West,32
17:55,3883,Ivo,Plumb,Gloamford,South,2
17:55,4565,Harriet,Padley,Eelmarsh,North,16
17:55,4693,Oscar,Osgood,Fernhollow,North,11
17:55,4782,Lydia,Orme,Fernhollow,West,31
17:55,4891,Lottie,Digby,Thistle Green,North,31
17:55,5337,Fabian,Newbolt,Underfell,East,20
17:55,5997,Hilda,Redfern,Hagstone,South,9
17:56,0050,Percy,Tasker,Corvenmoor,West,4
17:56,0823,Edmund,Upton,Mothwell,East,31
17:56,0829,Marian,Orme,Corvenmoor,West,19
17:56,1070,Gideon,Haldane,Owlsgate,South,11
17:56,1108,Elias,Brock,Barrowdene,West,21
17:56,1259,Milo,Beck,Duskwater,East,13
17:56,1723,Edmund,Ibbott,Mothwell,South,29
17:56,1728,Dorian,Hamblin,Owlsgate,South,32
17:56,1755,Quentin,Elwin,Hagstone,West,13
17:56,1783,Ivy,Blythe,Thistle Green,South,29
17:56,1921,Elsie,Dunstan,Ashwick Fen,South,7
17:56,1958,Dora,Bramble,Underfell,North,21
17:56,2070,Lydia,Quick,Mothwell,North,14
17:56,2239,Gwen,Tasker,Gloamford,South,29
17:56,2401,Grace,Rook,Owlsgate,East,25
17:56,2491,Ida,Wallis,Gloamford,South,8
17:56,2805,Effie,Mosley,Duskwater,West,15
17:56,2969,Lottie,Monk,Owlsgate,West,1
17:56,3095,Cyril,Pennick,Underfell,West,35
17:56,3228,Albert,Tyson,Wychcombe,South,21
17:56,3403,Josie,Nancekivell,Ashwick Fen,North,14
17:56,3546,Bella,Toms,Fernhollow,South,21
17:56,3634,Phoebe,Tyson,Ravensholt,North,8
17:56,3638,Nina,Pennick,Owlsgate,South,28
17:56,3659,Ivy,Wilmot,Ravensholt,South,2
17:56,3702,Nina,Thwaite,Duskwater,East,15
17:56,4245,Flora,Rudd,Fernhollow,South,9
17:56,4355,Horace,Upton,Corvenmoor,North,6
17:56,4370,Ada,Osgood,Gloamford,West,26
17:56,4408,Hector,Gale,Wychcombe,North,3
17:56,4500,Dora,Digby,Gloamford,South,7
17:56,4594,Ivy,Keeling,Corvenmoor,East,19
17:56,4644,Esme,Nuttall,Corvenmoor,West,19
17:56,4754,Maud,Noakes,Underfell,North,34
17:56,5406,Linus,Dawes,Ravensholt,South,1
17:56,5557,Lavinia,Redfern,Wychcombe,East,34
17:56,5880,Nina,Twigg,Barrowdene,South,9
17:57,0071,Martha,Welch,Ravensholt,West,14
17:57,0198,Myrtle,Bunting,Ravensholt,North,20
17:57,0951,Pearl,Raikes,Ravensholt,South,27
17:57,1254,Effie,Wedgwood,Ashwick Fen,North,11
17:57,1256,Mabel,Coyle,Corvenmoor,South,28
17:57,1385,Noel,Upton,Corvenmoor,West,7
17:57,1706,Helena,Rudd,Fernhollow,West,34
17:57,1761,Rowan,Hawley,Thistle Green,South,32
17:57,1794,Blanche,Padley,Underfell,South,21
17:57,1968,Nancy,Pocock,Mothwell,North,28
17:57,2075,Leonard,Twigg,Corvenmoor,South,21
17:57,2102,Winnie,Lowe,Kettlewick,South,8
17:57,2337,Grace,Nancekivell,Corvenmoor,East,8
17:57,2553,Augusta,Skelton,Wychcombe,East,35
17:57,2702,Dora,Kitson,Corvenmoor,West,31
17:57,2841,Enid,Onslow,Ashwick Fen,North,19
17:57,2959,Hannah,Rook,Mothwell,North,34
17:57,3032,Tobias,Orme,Ashwick Fen,South,36
17:57,3626,Albert,Jessop,Fernhollow,West,20
17:57,3707,Lydia,Lowe,Thistle Green,West,20
17:57,4300,Esme,Dunstan,Kettlewick,South,23
17:57,4439,Dahlia,Tasker,Pikesmere,West,27
17:57,4856,Freda,Jessop,Duskwater,East,19
17:57,5085,Jude,Clegg,Ravensholt,East,18
17:57,5105,Edgar,Noakes,Kettlewick,West,22
17:57,5301,Dorian,Welch,Corvenmoor,North,29
17:57,5478,Tabitha,Pennick,Ravensholt,North,12
17:57,5596,Freda,Nuttall,Corvenmoor,West,11
17:57,5916,Constance,Nancekivell,Owlsgate,North,10
17:58,0105,Harriet,Pickles,Eelmarsh,West,14
17:58,0264,Ezra,Bunting,Ashwick Fen,West,1
17:58,0411,Albert,Osgood,Eelmarsh,East,6
17:58,0723,Barnaby,Quayle,Eelmarsh,West,4
17:58,0779,Vera,Bramble,Eelmarsh,South,9
17:58,0782,Enid,Napier,Ashwick Fen,South,9
17:58,1279,Willa,Digby,Gloamford,West,8
17:58,2481,Phoebe,Yelland,Underfell,North,27
17:58,2561,Helena,Vance,Hagstone,East,6
17:58,2813,Cedric,Toms,Wychcombe,North,8
17:58,2927,Tobias,Twigg,Corvenmoor,East,21
17:58,2970,Winnie,Sefton,Owlsgate,South,26
17:58,3079,Gwen,Redfern,Owlsgate,West,13
17:58,3138,Bernard,Bramble,Hagstone,South,14
17:58,3255,Elsie,Fenwick,Hagstone,North,12
17:58,3462,Alma,Ibbott,Duskwater,North,24
17:58,3740,Cedric,Nettles,Fernhollow,South,21
17:58,3765,Thea,Swales,Kettlewick,South,20
17:58,3955,Cyril,Mosley,Barrowdene,East,32
17:58,4079,Cora,Lowe,Corvenmoor,South,3
17:58,4287,Greta,Fawcett,Gloamford,South,30
17:58,4556,Edith,Tebbit,Pikesmere,South,31
17:58,4630,Maud,Bramble,Gloamford,South,13
17:58,4663,Hannah,Swales,Barrowdene,South,9
17:58,4777,Rosa,Phelps,Gloamford,West,24
17:58,4791,Elsie,Webley,Corvenmoor,East,17
17:58,4850,Viola,Onslow,Hagstone,West,19
17:58,4951,Greta,Eccles,Owlsgate,South,13
17:58,5034,Elias,Venables,Mothwell,North,27
17:58,5277,Ezra,Mosley,Owlsgate,West,7
17:58,5335,Hector,Orme,Mothwell,North,17
17:59,0186,Winnie,Wallis,Eelmarsh,East,15
17:59,0355,Agnes,Gale,Pikesmere,South,6
17:59,0594,Ada,Lumsden,Duskwater,North,36
17:59,1039,Milo,Ockley,Thistle Green,North,20
17:59,1076,Cedric,Kaye,Eelmarsh,North,9
17:59,1249,Viola,Quick,Thistle Green,North,23
17:59,1424,Xavier,Rudd,Pikesmere,West,4
17:59,1451,Fabian,Plumb,Underfell,North,15
17:59,1777,Rosa,Kitson,Barrowdene,South,10
17:59,1875,Phoebe,Monk,Owlsgate,North,7
17:59,1957,Mercy,Quayle,Thistle Green,East,22
17:59,2118,Hannah,Nancekivell,Underfell,East,5
17:59,2997,Dora,Tebbit,Owlsgate,North,26
17:59,3066,Flora,Hamblin,Fernhollow,North,11
17:59,3377,Linus,Napier,Corvenmoor,West,2
17:59,3641,Imogen,Witton,Hagstone,West,2
17:59,3997,Basil,Gilbey,Corvenmoor,East,33
17:59,4093,Lavinia,Raikes,Owlsgate,South,9
17:59,4314,Elsie,Plumb,Ashwick Fen,South,21
17:59,4361,Effie,Godwin,Fernhollow,South,15
17:59,4391,Pearl,Barlow,Corvenmoor,South,36
17:59,4596,Martha,Kitson,Kettlewick,South,6
17:59,4914,Selma,Hobday,Owlsgate,East,21
17:59,5067,Augusta,Slade,Pikesmere,West,34
17:59,5093,Isaac,Pennick,Pikesmere,West,13
17:59,5272,Ruth,Haldane,Owlsgate,North,10
17:59,5463,Lena,Monk,Pikesmere,North,3
17:59,5676,Edith,Witton,Owlsgate,West,4
17:59,5715,Thea,Ashby,Thistle Green,West,4
17:59,5959,Ezra,Noakes,Owlsgate,South,1
18:00,0063,Gwen,Gilbey,Corvenmoor,West,17
18:00,0088,Noel,Judd,Ravensholt,South,32
18:00,0315,Iris,Upton,Ravensholt,North,22
18:00,0642,Leonard,Abbott,Eelmarsh,South,26
18:00,0888,Enid,Nuttall,Corvenmoor,West,19
18:00,1166,Rhoda,Toms,Corvenmoor,South,34
18:00,1169,Morris,Gilbey,Corvenmoor,East,26
18:00,1182,Tobias,Monk,Ashwick Fen,North,13
18:00,1360,Noel,Jessop,Ashwick Fen,West,8
18:00,1539,Annie,Coyle,Fernhollow,North,25
18:00,1994,Arthur,Orme,Duskwater,East,15
18:00,2251,Ursula,Hamblin,Owlsgate,North,36
18:00,3020,Imogen,Tyson,Wychcombe,North,16
18:00,3038,Clara,Lumsden,Duskwater,North,11
18:00,3300,Alma,Dawes,Thistle Green,West,24
18:00,3378,Rosa,Noakes,Hagstone,East,6
18:00,3511,Isabel,Coates,Eelmarsh,West,10
18:00,3582,Ivo,Tyson,Owlsgate,West,23
18:00,3589,Edith,Keeling,Ashwick Fen,East,20
18:00,3669,Kit,Clegg,Wychcombe,West,15
18:00,3729,Lucian,Mosley,Ravensholt,North,33
18:00,4551,Sadie,Jessop,Fernhollow,North,14
18:00,4831,Winnie,Rudd,Ravensholt,South,26
18:00,4990,Milo,Padley,Corvenmoor,South,33
18:00,5102,Oscar,Raikes,Fernhollow,North,5
18:00,5166,Enid,Winslow,Corvenmoor,West,29
18:00,5353,Vera,Dabney,Wychcombe,North,30
18:00,5476,Jonah,Jessop,Ravensholt,East,17
18:00,5847,Jasper,Pennick,Barrowdene,North,32
18:01,0205,Clement,Larkin,Eelmarsh,North,1
18:01,0304,Hector,Chilton,Mothwell,North,28
18:01,0444,Vera,Pettit,Fernhollow,North,31
18:01,0835,Cora,Burnell,Wychcombe,East,7
18:01,1078,Nell,Shilton,Eelmarsh,North,23
18:01,1099,Hector,Phelps,Corvenmoor,South,15
18:01,1135,Fabian,Heskett,Ravensholt,East,26
18:01,1137,Jasper,Barlow,Duskwater,East,2
18:01,1141,Edmund,Fawcett,Corvenmoor,North,10
18:01,1229,Quentin,Winslow,Corvenmoor,North,11
18:01,1543,Dorian,Napier,Owlsgate,North,15
18:01,1612,Nina,Digby,Owlsgate,North,18
18:01,1792,Hannah,Heskett,Owlsgate,South,8
18:01,1978,Thea,Bowden,Barrowdene,South,25
18:01,2166,Arthur,Wallis,Pikesmere,West,33
18:01,2917,Constance,Chilton,Barrowdene,North,27
18:01,3267,Martha,Fawcett,Underfell,North,5
18:01,3541,Noel,Godwin,Wychcombe,North,15
18:01,3664,Thea,Lumsden,Gloamford,North,2
18:01,3988,Olive,Swales,Hagstone,East,24
18:01,4110,Lena,Lowe,Corvenmoor,South,13
18:01,4488,Winnie,Hawley,Mothwell,South,16
18:01,5153,Cedric,Larkin,Underfell,North,3
18:01,5542,Elsie,Vance,Eelmarsh,South,17
18:01,5881,Gideon,Hunnam,Mothwell,South,12
18:02,0221,Constance,Winslow,Ashwick Fen,West,1
18:02,0261,Bertha,Wilmot,Ravensholt,South,5
18:02,0275,Augusta,Orme,Corvenmoor,North,19
18:02,0343,Helena,Thwaite,Corvenmoor,North,11
18:02,0939,Thea,Tebbit,Underfell,South,28
18:02,1275,Lavinia,Bainbridge,Corvenmoor,East,29
18:02,1327,Agnes,Vance,Wychcombe,West,35
18:02,1342,Iris,Godwin,Wychcombe,North,14
18:02,1603,Bertha,Mabbott,Corvenmoor,West,35
18:02,1726,Hilda,Fawcett,Owlsgate,East,15
18:02,1781,Esme,Burnell,Kettlewick,West,10
18:02,2117,Agnes,Keeling,Thistle Green,North,18
18:02,2365,Blanche,Tebbit,Pikesmere,East,24
18:02,2549,Olive,Dabney,Underfell,West,30
18:02,2667,Alma,Vance,Wychcombe,North,9
18:02,2715,Nina,Nancekivell,Fernhollow,North,5
18:02,2746,Xavier,Meakin,Corvenmoor,North,34
18:02,3004,Martha,Nuttall,Pikesmere,North,36
18:02,3362,Ivy,Yates,Eelmarsh,North,23
18:02,3604,Isaac,Hunnam,Hagstone,South,27
18:02,3917,Viola,Mabbott,Pikesmere,West,6
18:02,3920,Ivo,Twigg,Barrowdene,South,13
18:02,4022,Amos,Pocock,Corvenmoor,South,21
18:02,4201,Wilbur,Phelps,Wychcombe,West,14
18:02,4228,Annie,Larkin,Wychcombe,North,10
18:02,4309,Tobias,Bainbridge,Mothwell,East,31
18:02,4567,Enid,Coates,Corvenmoor,West,31
18:02,4603,Hannah,Orme,Owlsgate,North,28
18:02,4669,Sadie,Pennick,Duskwater,South,17
18:02,4826,Mercy,Onslow,Underfell,East,31
18:02,4943,Oscar,Welch,Corvenmoor,West,5
18:02,5160,Delia,Godwin,Duskwater,West,18
18:02,5711,Imogen,Gale,Gloamford,North,31
18:02,5746,Ruth,Gale,Corvenmoor,West,8
18:03,0210,Alma,Noakes,Corvenmoor,South,12
18:03,0345,Ivy,Welch,Gloamford,East,27
18:03,0360,Kit,Elwin,Thistle Green,South,32
18:03,0482,Marian,Coates,Eelmarsh,North,6
18:03,0493,Dorian,Bunting,Corvenmoor,East,17
18:03,0741,Delia,Jessop,Pikesmere,West,17
18:03,0769,Lucian,Maddox,Corvenmoor,North,14
18:03,0838,Ursula,Heskett,Gloamford,West,21
18:03,0960,Ruth,Rook,Eelmarsh,North,5
18:03,1062,Leonard,Dabney,Corvenmoor,West,1
18:03,1104,Blanche,Finlow,Wychcombe,South,6
18:03,1246,Blanche,Mabbott,Corvenmoor,South,30
18:03,1283,Otto,Tasker,Gloamford,South,2
18:03,2939,Cedric,Venables,Owlsgate,West,18
18:03,3105,Josie,Raikes,Owlsgate,East,4
18:03,3192,Edith,Fenwick,Corvenmoor,North,10
18:03,3223,Augusta,Tyson,Corvenmoor,North,1
18:03,3307,Tabitha,Vance,Corvenmoor,North,4
18:03,3458,Ruth,Venables,Corvenmoor,North,7
18:03,3467,Grace,Yelland,Corvenmoor,South,12
18:03,3518,Cyril,Hollis,Fernhollow,East,19
18:03,3576,Thea,Redfern,Ashwick Fen,East,23
18:03,4065,Ivy,Barlow,Kettlewick,South,11
18:03,4675,Cyril,Wallis,Ravensholt,North,34
18:03,4827,Elias,Cobbold,Kettlewick,South,27
18:03,5010,Hector,Fenwick,Ashwick Fen,North,17
18:03,5163,Amos,Jessop,Corvenmoor,East,11
18:03,5204,Sadie,Finlow,Thistle Green,East,24
18:03,5658,Ursula,Welch,Underfell,East,33
18:04,0323,Gideon,Satchell,Corvenmoor,West,24
18:04,0448,Bella,Venables,Ravensholt,South,23
18:04,1085,Esme,Maddox,Ashwick Fen,South,33
18:04,1223,Silas,Phelps,Corvenmoor,East,32
18:04,1350,Basil,Webley,Ravensholt,South,15
18:04,1527,Oscar,Hunnam,Wychcombe,East,14
18:04,1584,Imogen,Blythe,Corvenmoor,North,26
18:04,1933,Bernard,Webley,Eelmarsh,North,22
18:04,2344,Winnie,Hunnam,Underfell,North,34
18:04,3136,Augusta,Clegg,Wychcombe,East,6
18:04,3164,Olive,Hawley,Pikesmere,South,18
18:04,3522,Beatrix,Wakely,Fernhollow,South,1
18:04,3532,Albert,Pettit,Ashwick Fen,South,13
18:04,3656,Morris,Tebbit,Thistle Green,South,33
18:04,4597,Lena,Raikes,Eelmarsh,West,27
18:04,4632,Cyril,Quick,Corvenmoor,North,28
18:04,4822,Vera,Newbolt,Pikesmere,West,26
18:04,5083,Dora,Elwin,Duskwater,East,26
18:04,5242,Ivo,Vance,Pikesmere,West,22
18:04,5578,Dahlia,Hollis,Corvenmoor,North,22
18:04,5852,Walter,Coates,Barrowdene,South,23
18:04,5860,Bertha,Bainbridge,Ravensholt,North,33
18:05,0190,Linus,Jessop,Eelmarsh,South,9
18:05,0352,Mabel,Cobbold,Underfell,West,1
18:05,0401,Beatrix,Lamb,Wychcombe,South,26
18:05,0587,Annie,Orme,Thistle Green,East,20
18:05,0614,Dorian,Tebbit,Corvenmoor,West,16
18:05,0737,Amos,Dabney,Ashwick Fen,West,34
18:05,0756,Enid,Fenwick,Eelmarsh,South,34
18:05,1151,Otto,Brock,Duskwater,West,17
18:05,1355,Esme,Witton,Wychcombe,North,4
18:05,1372,Zelda,Redfern,Underfell,West,28
18:05,1388,Lydia,Sefton,Corvenmoor,North,24
18:05,1556,Cyril,Blythe,Kettlewick,East,34
18:05,1676,Miriam,Upton,Kettlewick,South,16
18:05,2078,Jude,Barlow,Wychcombe,North,33
18:05,2245,Freda,Chalk,Wychcombe,West,13
18:05,2259,Jude,Lamb,Corvenmoor,North,30
18:05,2376,Percy,Pettit,Corvenmoor,North,4
18:05,2387,Quentin,Barlow,Ravensholt,East,4
18:05,2600,Pearl,Ashby,Hagstone,North,13
18:05,2795,Marian,Hamblin,Mothwell,West,31
18:05,2815,Bella,Hobday,Barrowdene,South,8
18:05,3082,Zelda,Yelland,Corvenmoor,West,3
18:05,3212,Miriam,Nuttall,Corvenmoor,West,29
18:05,3394,Zelda,Kitson,Mothwell,East,28
18:05,3501,Arthur,Webley,Wychcombe,West,10
18:05,3644,Marian,Bainbridge,Wychcombe,North,11
18:05,3672,Nina,Quick,Corvenmoor,West,12
18:05,4113,Elias,Monk,Corvenmoor,West,9
18:05,4238,Isaac,Hobday,Eelmarsh,East,25
18:05,4526,Quentin,Gilbey,Thistle Green,South,21
18:05,4555,Jasper,Ramsay,Hagstone,North,18
18:05,4579,Greta,Wallis,Ravensholt,South,13
18:05,4843,Miriam,Bramble,Kettlewick,South,18
18:05,5148,Ivy,Satchell,Corvenmoor,West,2
18:05,5318,Otto,Sutton,Corvenmoor,South,18
18:05,5329,Wilbur,Noakes,Corvenmoor,North,7
18:05,5411,Rhoda,Larkin,Kettlewick,West,15
18:05,5688,Effie,Brock,Barrowdene,South,21
18:05,5814,Augusta,Mosley,Owlsgate,South,26
18:05,5871,Maud,Redfern,Underfell,North,3
18:05,5958,Freda,Wallis,Ravensholt,South,33
18:05,6000,Horace,Keeling,Thistle Green,North,30
18:06,0005,Constance,Rudd,Eelmarsh,West,24
18:06,0025,Edith,Vance,Hagstone,West,7
18:06,0196,Wilbur,Dabney,Eelmarsh,South,24
18:06,0770,Sybil,Youll,Wychcombe,East,20
18:06,0819,Bernard,Kaye,Kettlewick,East,28
18:06,1035,Maisie,Youll,Corvenmoor,West,33
18:06,1240,Sybil,Rook,Gloamford,West,24
18:06,2125,Clement,Lowe,Corvenmoor,West,36
18:06,2216,Bernard,Wallis,Fernhollow,East,30
18:06,2314,Mabel,Pettit,Corvenmoor,East,21
18:06,2879,Iris,Wallis,Underfell,East,10
18:06,3043,Cedric,Sefton,Gloamford,South,7
18:06,3061,Cora,Wakely,Corvenmoor,North,7
18:06,3085,Ada,Oddie,Corvenmoor,North,4
18:06,3363,Otto,Fairley,Barrowdene,East,2
18:06,3395,Gwen,Quick,Ashwick Fen,East,12
18:06,3704,Horace,Onslow,Duskwater,South,1
18:06,3872,Hilda,Coates,Underfell,West,24
18:06,3941,Oscar,Orme,Corvenmoor,South,16
18:06,3948,Clara,Rook,Pikesmere,East,4
18:06,3973,Martha,Mellish,Corvenmoor,East,34
18:06,4586,Jude,Hackett,Fernhollow,East,20
18:06,4629,Ruth,Lowe,Pikesmere,West,4
18:06,4642,Josie,Onslow,Corvenmoor,South,33
18:06,4745,Tabitha,Newbolt,Pikesmere,West,17
18:06,5327,Sybil,Hackett,Thistle Green,West,18
18:06,5583,Lena,Chilton,Eelmarsh,West,1
18:06,5601,Elsie,Elwin,Hagstone,East,3
18:06,5669,Willa,Vance,Hagstone,North,18
18:07,0087,Nina,Rook,Barrowdene,South,16
18:07,0102,Linus,Bainbridge,Corvenmoor,South,21
18:07,0241,Lydia,Meakin,Thistle Green,East,31
18:07,0269,Ursula,Fawcett,Ashwick Fen,South,2
18:07,0289,Alma,Dabney,Corvenmoor,North,36
18:07,0659,Rosa,Judd,Ravensholt,West,17
18:07,0852,Harriet,Noakes,Hagstone,West,23
18:07,1282,Constance,Hobday,Corvenmoor,North,2
18:07,1461,Sybil,Fenwick,Wychcombe,West,6
18:07,1633,Edmund,Orme,Fernhollow,North,3
18:07,1687,Cedric,Witton,Pikesmere,East,21
18:07,1801,Isaac,Gilbey,Owlsgate,South,17
18:07,1883,Rowan,Oddie,Hagstone,West,11
18:07,1952,Hilda,Nuttall,Eelmarsh,South,22
18:07,2047,Helena,Fenwick,Duskwater,North,17
18:07,2293,Ezra,Blythe,Ravensholt,North,20
18:07,2686,Isabel,Blythe,Corvenmoor,East,24
18:07,2838,Josie,Lowe,Corvenmoor,East,6
18:07,3168,Amos,Redfern,Thistle Green,West,6
18:07,3706,Lottie,Padley,Ravensholt,West,24
18:07,3747,Amos,Keeling,Kettlewick,South,26
18:07,4091,Xavier,Orme,Ravensholt,South,15
18:07,4173,Constance,Wilmot,Barrowdene,North,6
18:07,4252,Morris,Satchell,Eelmarsh,West,7
18:07,4535,Marian,Webley,Gloamford,East,8
18:07,4574,Noel,Beck,Gloamford,North,28
18:07,4620,Gwen,Tuckey,Thistle Green,West,20
18:07,4866,Constance,Jessop,Gloamford,North,2
18:07,5021,Zelda,Webley,Corvenmoor,East,23
18:07,5181,Elsie,Hunnam,Fernhollow,West,8
18:07,5311,Magnus,Clegg,Eelmarsh,East,11
18:07,5520,Josie,Redfern,Fernhollow,West,5
18:07,5597,Freda,Bowden,Wychcombe,South,16
18:07,5704,Lavinia,Larkin,Mothwell,East,34
18:08,0089,Milo,Rook,Corvenmoor,West,12
18:08,0412,Hilda,Pettit,Wychcombe,North,35
18:08,0415,Olive,Oddie,Duskwater,North,33
18:08,0508,Amos,Coyle,Wychcombe,North,25
18:08,0628,Agnes,Pocock,Ravensholt,North,17
18:08,0671,Dora,Lumsden,Duskwater,West,8
18:08,0760,Greta,Pocock,Pikesmere,North,21
18:08,1425,Mercy,Pettit,Thistle Green,North,25
18:08,1466,Ezra,Abbott,Fernhollow,West,3
18:08,1751,Vera,Ashby,Corvenmoor,West,26
18:08,1793,Albert,Eccles,Corvenmoor,East,8
18:08,2204,Isabel,Abbott,Thistle Green,South,3
18:08,2455,Nell,Blythe,Owlsgate,South,5
18:08,2573,Gideon,Judd,Corvenmoor,South,33
18:08,2923,Lavinia,Fenwick,Ashwick Fen,East,35
18:08,3268,Isabel,Lamb,Thistle Green,South,15
18:08,3719,Constance,Twigg,Corvenmoor,North,24
18:08,4066,Constance,Oddie,Kettlewick,East,21
18:08,4116,Nell,Hackett,Ashwick Fen,West,31
18:08,4386,Gwen,Upton,Gloamford,West,12
18:08,4637,Myrtle,Wilmot,Owlsgate,West,13
18:08,4654,Nina,Ockley,Corvenmoor,South,28
18:08,4734,Hannah,Quayle,Thistle Green,South,29
18:08,4922,Marian,Raikes,Hagstone,West,17
18:08,5206,Anna,Finlow,Corvenmoor,North,2
18:08,5357,Josie,Satchell,Gloamford,North,6
18:08,5391,Nancy,Kitson,Barrowdene,North,4
18:08,5424,Milo,Mellish,Corvenmoor,West,23
18:08,5448,Ada,Thwaite,Underfell,East,30
18:08,5674,Basil,Cobbold,Eelmarsh,North,34
18:08,5779,Lucian,Ashby,Ravensholt,East,25
18:08,5856,Hannah,Wedgwood,Wychcombe,North,31
18:09,0030,Mabel,Gilbey,Corvenmoor,South,19
18:09,0099,Beatrix,Elwin,Eelmarsh,North,25
18:09,0434,Selma,Finlow,Wychcombe,West,25
18:09,0917,Tabitha,Gale,Ashwick Fen,West,25
18:09,1471,Nancy,Toms,Hagstone,East,20
18:09,1627,Noel,Heskett,Kettlewick,South,6
18:09,2372,Nancy,Eccles,Gloamford,East,15
18:09,2403,Delia,Gale,Corvenmoor,West,32
18:09,2544,Jude,Fairley,Duskwater,East,27
18:09,2787,Xavier,Gale,Kettlewick,South,27
18:09,2798,Clara,Sefton,Corvenmoor,North,4
18:09,2890,Marian,Fairley,Corvenmoor,South,26
18:09,3216,Annie,Twigg,Mothwell,East,22
18:09,3270,Ida,Brock,Wychcombe,East,19
18:09,3652,Linus,Blythe,Duskwater,North,35
18:09,3677,Effie,Fairley,Ravensholt,East,9
18:09,3683,Gideon,Pettit,Mothwell,North,13
18:09,3868,Esme,Judd,Gloamford,North,36
18:09,4346,Milo,Hobday,Owlsgate,North,15
18:09,4383,Ada,Bainbridge,Pikesmere,South,35
18:09,4537,Celia,Mabbott,Kettlewick,East,33
18:09,4768,Hector,Webley,Hagstone,South,17
18:09,5057,Helena,Gosling,Corvenmoor,West,25
18:09,5279,Agnes,Judd,Duskwater,West,16
18:09,5309,Effie,Welch,Duskwater,South,2
18:09,5454,Bella,Fawcett,Wychcombe,South,12
18:09,5489,Kit,Yates,Corvenmoor,North,4
18:09,5617,Mercy,Bainbridge,Duskwater,East,32
18:09,5809,Mercy,Eccles,Corvenmoor,South,18
18:10,0037,Olive,Wedgwood,Duskwater,South,24
18:10,0233,Xavier,Maddox,Eelmarsh,North,23
18:10,0368,Ivy,Gale,Corvenmoor,West,25
18:10,0484,Dahlia,Mosley,Pikesmere,North,23
18:10,0574,Miriam,Gale,Kettlewick,North,15
18:10,0658,Clement,Plumb,Wychcombe,South,31
18:10,1196,Flora,Padley,Corvenmoor,West,23
18:10,1358,Jude,Tuckey,Kettlewick,North,16
18:10,1809,Dahlia,Coyle,Corvenmoor,North,14
18:10,2298,Pip,Thwaite,Owlsgate,North,21
18:10,2469,Maud,Ashby,Corvenmoor,East,18
18:10,2687,Jasper,Winslow,Corvenmoor,North,16
18:10,2697,Ivy,Twigg,Duskwater,East,16
18:10,2839,Quentin,Abbott,Corvenmoor,West,13
18:10,3103,Clara,Lamb,Fernhollow,South,2
18:10,3126,Isaac,Wilmot,Owlsgate,West,4
18:10,3183,Esme,Raikes,Mothwell,North,7
18:10,3231,Amos,Wedgwood,Hagstone,South,31
18:10,3370,Lottie,Orme,Gloamford,West,1
18:10,3442,Lucian,Twigg,Thistle Green,North,7
18:10,3584,Miriam,Lowe,Corvenmoor,South,32
18:10,4315,Marian,Slade,Fernhollow,West,4
18:10,4407,Lottie,Lamb,Thistle Green,South,17
18:10,4446,Beatrix,Oddie,Gloamford,North,23
18:10,4762,Iris,Maddox,Pikesmere,North,29
18:10,4818,Ivo,Yelland,Corvenmoor,West,3
18:10,4956,Beatrix,Upton,Ravensholt,East,9
18:10,5053,Percy,Lowe,Owlsgate,East,24
18:10,5182,Maisie,Nuttall,Mothwell,North,32
18:10,5504,Philippa,Cobbold,Underfell,East,3
18:10,5610,Cora,Hobday,Corvenmoor,East,31
18:11,0015,Hilda,Gosling,Underfell,West,19
18:11,0145,Grace,Ashby,Gloamford,West,5
18:11,0367,Amos,Burnell,Pikesmere,North,32
18:11,0575,Isaac,Gale,Thistle Green,East,32
18:11,0577,Zelda,Hawley,Hagstone,West,22
18:11,0693,Edith,Hunnam,Hagstone,North,1
18:11,0998,Agnes,Twigg,Mothwell,South,14
18:11,1140,Sybil,Brock,Corvenmoor,North,3
18:11,1273,Alma,Hollis,Owlsgate,North,12
18:11,1661,Olive,Ashby,Underfell,East,31
18:11,1712,Blanche,Blythe,Ravensholt,West,23
18:11,1786,Tobias,Tebbit,Hagstone,East,35
18:11,2368,Lottie,Tasker,Hagstone,East,24
18:11,2572,Tobias,Welch,Ravensholt,North,19
18:11,3047,Philippa,Hunnam,Corvenmoor,West,28
18:11,3226,Vera,Welch,Corvenmoor,East,34
18:11,3254,Barnaby,Coates,Owlsgate,South,28
18:11,3417,Lydia,Lumsden,Corvenmoor,North,36
18:11,3681,Fabian,Tebbit,Barrowdene,North,13
18:11,3699,Marian,Kitson,Thistle Green,North,25
18:11,4151,Mabel,Sefton,Wychcombe,West,29
18:11,4291,Josie,Coyle,Corvenmoor,West,31
18:11,4715,Anna,Beck,Fernhollow,North,36
18:11,5072,Mabel,Bowden,Duskwater,North,27
18:11,5073,Fabian,Monk,Gloamford,East,18
18:11,5568,Sybil,Napier,Corvenmoor,West,14
18:11,5653,Nora,Clegg,Duskwater,West,20
18:11,5745,Martha,Winslow,Gloamford,South,34
18:12,0095,Hannah,Nettles,Corvenmoor,East,9
18:12,0237,Bernard,Osgood,Corvenmoor,West,30
18:12,0286,Isabel,Meakin,Thistle Green,North,6
18:12,0766,Hector,Mosley,Wychcombe,South,34
18:12,0881,Ruth,Toms,Ravensholt,East,3
18:12,1181,Bella,Tuckey,Corvenmoor,South,21
18:12,1344,Blanche,Larkin,Corvenmoor,South,18
18:12,1869,Blanche,Venables,Gloamford,West,22
18:12,2072,Imogen,Hollis,Corvenmoor,North,5
18:12,2171,Grace,Webley,Pikesmere,South,9
18:12,2236,Maisie,Hawley,Gloamford,West,26
18:12,2262,Fabian,Keeling,Thistle Green,West,19
18:12,2269,Ruth,Keeling,Underfell,East,35
18:12,2570,Ivy,Osgood,Mothwell,North,23
18:12,2603,Thea,Youll,Hagstone,North,6
18:12,2918,Cyril,Hunnam,Wychcombe,East,15
18:12,3166,Walter,Haldane,Corvenmoor,West,29
18:12,3167,Anna,Osgood,Duskwater,North,29
18:12,3246,Oscar,Mabbott,Corvenmoor,South,27
18:12,3555,Ivy,Quick,Corvenmoor,South,15
18:12,3770,Jasper,Slade,Gloamford,North,32
18:12,3795,Gideon,Mosley,Owlsgate,East,24
18:12,4092,Blanche,Brock,Barrowdene,North,26
18:12,4133,Pearl,Lowe,Underfell,North,5
18:12,4349,Albert,Onslow,Corvenmoor,West,19
18:12,4828,Tabitha,Hamblin,Corvenmoor,South,26
18:12,5079,Dorian,Digby,Duskwater,East,34
18:12,5257,Maisie,Bowden,Corvenmoor,East,6
18:12,5500,Tobias,Clegg,Duskwater,North,17
18:12,5565,Clara,Gosling,Hagstone,South,32
18:12,5675,Zelda,Fawcett,Ashwick Fen,West,21
18:12,5895,Ivo,Satchell,Wychcombe,West,18
18:12,5919,Linus,Dabney,Gloamford,South,20
18:12,5922,Lydia,Hawley,Pikesmere,West,6
18:13,0121,Mercy,Sutton,Underfell,South,19
18:13,0158,Augusta,Bowden,Thistle Green,East,13
18:13,0225,Nora,Noakes,Gloamford,North,35
18:13,0890,Rhoda,Webley,Owlsgate,North,26
18:13,0952,Fabian,Abbott,Pikesmere,North,17
18:13,1087,Elias,Beck,Underfell,West,34
18:13,1215,Hannah,Tuckey,Pikesmere,East,34
18:13,2231,Ivo,Kitson,Underfell,South,29
18:13,2405,Hannah,Yates,Underfell,East,25
18:13,2930,Beatrix,Eccles,Corvenmoor,East,25
18:13,3054,Milo,Quick,Mothwell,South,8
18:13,3141,Harriet,Wallis,Corvenmoor,West,27
18:13,3215,Isaac,Newbolt,Owlsgate,East,16
18:13,3354,Hannah,Tasker,Kettlewick,South,13
18:13,3444,Jonah,Lumsden,Ravensholt,North,9
18:13,3800,Gwen,Ockley,Duskwater,West,17
18:13,4211,Linus,Quayle,Corvenmoor,North,21
18:13,4366,Bella,Sefton,Owlsgate,North,13
18:13,4419,Celia,Hackett,Ashwick Fen,South,10
18:13,4643,Flora,Hawley,Ravensholt,East,4
18:13,4657,Sadie,Yates,Eelmarsh,North,10
18:13,4717,Martha,Phelps,Corvenmoor,West,16
18:13,4832,Martha,Hamblin,Ravensholt,East,26
18:13,5028,Olive,Napier,Corvenmoor,North,26
18:13,5203,Silas,Slade,Kettlewick,North,25
18:13,5262,Viola,Newbolt,Gloamford,North,4
18:13,5992,Silas,Wakely,Duskwater,West,8
18:14,0170,Elsie,Clegg,Duskwater,North,23
18:14,0826,Dorian,Lumsden,Pikesmere,North,11
18:14,0878,Pearl,Keeling,Ravensholt,North,35
18:14,0978,Xavier,Bainbridge,Pikesmere,North,26
18:14,1019,Maisie,Larkin,Kettlewick,North,9
18:14,1184,Delia,Padley,Wychcombe,East,29
18:14,1669,Clara,Hawley,Ravensholt,North,35
18:14,1672,Lena,Tebbit,Corvenmoor,West,29
18:14,1740,Mercy,Finlow,Duskwater,South,35
18:14,1867,Elsie,Gilbey,Fernhollow,East,3
18:14,2144,Linus,Skelton,Eelmarsh,South,10
18:14,2394,Tabitha,Shilton,Pikesmere,East,30
18:14,2653,Nora,Bunting,Eelmarsh,West,17
18:14,3034,Sadie,Hawley,Duskwater,South,32
18:14,3048,Blanche,Ramsay,Pikesmere,North,8
18:14,3102,Ursula,Skelton,Eelmarsh,North,9
18:14,3160,Beatrix,Plumb,Wychcombe,South,15
18:14,3161,Tabitha,Bunting,Ashwick Fen,West,26
18:14,3196,Effie,Digby,Ashwick Fen,South,26
18:14,3635,Hector,Thwaite,Corvenmoor,South,23
18:14,3738,Viola,Dabney,Owlsgate,South,36
18:14,3938,Rosa,Skelton,Gloamford,West,22
18:14,4021,Pip,Pocock,Corvenmoor,North,24
18:14,4102,Hannah,Brock,Fernhollow,North,33
18:14,4277,Cora,Tuckey,Wychcombe,North,23
18:14,4351,Albert,Yates,Hagstone,South,2
18:14,4588,Agnes,Lumsden,Owlsgate,East,7
18:14,4609,Augusta,Swales,Owlsgate,South,14
18:14,4853,Beatrix,Heskett,Fernhollow,South,7
18:14,5016,Augusta,Chilton,Corvenmoor,North,12
18:14,5097,Tabitha,Toms,Kettlewick,South,32
18:14,5818,Phoebe,Hunnam,Gloamford,North,15
18:15,0236,Ezra,Gosling,Pikesmere,North,31
18:15,0340,Selma,Wolstenholme,Duskwater,West,2
18:15,0373,Arthur,Tuckey,Wychcombe,North,22
18:15,0396,Dora,Gosling,Duskwater,South,15
18:15,0408,Milo,Lumsden,Eelmarsh,East,8
18:15,0798,Freda,Cobbold,Corvenmoor,North,26
18:15,0801,Nancy,Coyle,Duskwater,North,6
18:15,0930,Mabel,Gosling,Gloamford,North,7
18:15,1168,Rosa,Youll,Corvenmoor,North,36
18:15,1255,Nancy,Fairley,Wychcombe,North,29
18:15,1805,Alma,Coates,Fernhollow,East,3
18:15,2065,Willa,Stokes,Corvenmoor,West,25
18:15,2182,Arthur,Redfern,Corvenmoor,North,30
18:15,2367,Viola,Venables,Owlsgate,West,22
18:15,2377,Rhoda,Witton,Duskwater,East,19
18:15,2454,Milo,Thwaite,Underfell,West,27
18:15,3022,Dorian,Jessop,Corvenmoor,East,6
18:15,3052,Noel,Haldane,Gloamford,South,4
18:15,3093,Percy,Hobday,Barrowdene,East,22
18:15,3176,Edmund,Bainbridge,Duskwater,North,1
18:15,3295,Greta,Keeling,Barrowdene,East,25
18:15,3358,Miriam,Hawley,Owlsgate,North,9
18:15,3367,Jonah,Ramsay,Wychcombe,South,11
18:15,3611,Horace,Digby,Kettlewick,East,9
18:15,3761,Pearl,Finlow,Corvenmoor,North,20
18:15,3775,Jasper,Nuttall,Wychcombe,East,9
18:15,3778,Lydia,Mabbott,Owlsgate,North,7
18:15,3855,Mabel,Skelton,Gloamford,North,16
18:15,3989,Ada,Judd,Fernhollow,North,35
18:15,4067,Jasper,Welch,Underfell,South,15
18:15,4127,Dahlia,Coates,Owlsgate,West,13
18:15,4618,Jasper,Yelland,Corvenmoor,North,9
18:15,4641,Nora,Phelps,Gloamford,North,27
18:15,4995,Isaac,Eccles,Corvenmoor,South,10
18:15,5000,Basil,Venables,Duskwater,West,13
18:15,5149,Phoebe,Ibbott,Duskwater,North,3
18:15,5172,Oscar,Pellow,Wychcombe,North,4
18:15,5354,Sadie,Wakely,Corvenmoor,North,34
18:15,5388,Clara,Hollis,Thistle Green,North,26
18:15,5425,Effie,Barlow,Wychcombe,West,5
18:15,5979,Silas,Venables,Hagstone,South,12
18:16,0109,Olive,Hackett,Hagstone,North,29
18:16,0380,Gideon,Welch,Kettlewick,North,20
18:16,0621,Alma,Keeling,Wychcombe,East,24
18:16,0893,Grace,Stokes,Gloamford,North,10
18:16,0894,Lena,Blythe,Pikesmere,East,1
18:16,1202,Pip,Orme,Corvenmoor,South,31
18:16,1482,Barnaby,Toms,Underfell,East,13
18:16,1776,Albert,Bramble,Duskwater,West,34
18:16,2143,Elias,Blythe,Fernhollow,North,27
18:16,2197,Edmund,Toms,Kettlewick,North,20
18:16,2243,Ruth,Lumsden,Owlsgate,North,2
18:16,2340,Martha,Pellow,Mothwell,North,11
18:16,2792,Fabian,Dunstan,Ashwick Fen,North,33
18:16,3209,Kit,Gosling,Corvenmoor,North,31
18:16,3266,Marian,Dawes,Corvenmoor,West,29
18:16,3282,Bernard,Bowden,Owlsgate,East,12
18:16,3524,Lydia,Mosley,Pikesmere,North,20
18:16,3625,Arthur,Chalk,Mothwell,East,16
18:16,4070,Leonard,Tebbit,Corvenmoor,North,17
18:16,4234,Amos,Cobbold,Corvenmoor,North,33
18:16,4341,Lucian,Thwaite,Thistle Green,West,4
18:16,4523,Sybil,Coyle,Corvenmoor,West,1
18:16,4607,Rowan,Hobday,Ravensholt,East,15
18:16,4904,Olive,Mabbott,Underfell,East,12
18:16,5170,Rowan,Youll,Fernhollow,North,33
18:16,5902,Gideon,Tasker,Underfell,East,18
18:17,1165,Grace,Wallis,Corvenmoor,East,28
18:17,1244,Edith,Dunstan,Gloamford,East,11
18:17,1356,Grace,Shilton,Duskwater,North,18
18:17,1510,Sadie,Kitson,Ashwick Fen,South,3
18:17,1790,Clara,Haldane,Ashwick Fen,East,14
18:17,2098,Lucian,Hollis,Duskwater,West,28
18:17,2324,Viola,Monk,Kettlewick,North,5
18:17,2774,Elsie,Maddox,Hagstone,North,1
18:17,2807,Clement,Nancekivell,Barrowdene,West,24
18:17,3243,Rhoda,Lowe,Hagstone,East,16
18:17,3430,Ada,Pellow,Corvenmoor,North,9
18:17,3483,Maud,Upton,Gloamford,North,4
18:17,3484,Basil,Toms,Gloamford,North,27
18:17,4014,Ivy,Lowe,Corvenmoor,South,25
18:17,4072,Willa,Keeling,Gloamford,East,22
18:17,4083,Ida,Meakin,Ashwick Fen,East,13
18:17,4177,Sybil,Padley,Owlsgate,South,28
18:17,4193,Pearl,Dawes,Eelmarsh,South,1
18:17,4397,Dora,Witton,Corvenmoor,East,24
18:17,4497,Hilda,Welch,Corvenmoor,East,12
18:17,4808,Winnie,Haldane,Owlsgate,South,14
18:17,4903,Jasper,Wakely,Mothwell,South,8
18:17,4938,Beatrix,Osgood,Corvenmoor,North,26
18:17,5017,Jasper,Elwin,Ashwick Fen,North,13
18:17,5483,Hilda,Bainbridge,Corvenmoor,West,23
18:18,0548,Viola,Napier,Gloamford,North,1
18:18,0643,Barnaby,Thwaite,Corvenmoor,East,33
18:18,0685,Lavinia,Coates,Gloamford,North,10
18:18,0709,Pearl,Padley,Eelmarsh,East,4
18:18,0848,Ezra,Slade,Ravensholt,East,30
18:18,0879,Iris,Barlow,Ravensholt,West,36
18:18,0932,Philippa,Shilton,Thistle Green,South,11
18:18,0944,Viola,Gale,Thistle Green,South,4
18:18,1074,Albert,Pellow,Barrowdene,South,15
18:18,1730,Cedric,Raikes,Pikesmere,West,11
18:18,1897,Tabitha,Pocock,Ashwick Fen,South,30
18:18,1930,Blanche,Barlow,Corvenmoor,West,35
18:18,2423,Augusta,Stokes,Mothwell,South,24
18:18,2562,Jasper,Yates,Hagstone,South,2
18:18,3112,Effie,Hawley,Wychcombe,West,27
18:18,3125,Winnie,Blythe,Eelmarsh,North,20
18:18,3191,Helena,Pickles,Corvenmoor,North,36
18:18,3650,Augusta,Meakin,Pikesmere,North,36
18:18,3654,Amos,Kaye,Corvenmoor,South,22
18:18,4536,Iris,Wakely,Owlsgate,West,31
18:18,4733,Basil,Thwaite,Wychcombe,North,17
18:18,5014,Willa,Bainbridge,Corvenmoor,West,21
18:18,5032,Iris,Orme,Corvenmoor,South,10
18:18,5086,Pip,Lumsden,Hagstone,South,30
18:18,5499,Flora,Burnell,Wychcombe,West,35
18:18,5600,Rosa,Newbolt,Fernhollow,North,9
18:18,5802,Celia,Fairley,Duskwater,East,5
18:18,5955,Xavier,Mabbott,Underfell,North,16
18:18,5969,Nina,Lamb,Owlsgate,West,6
18:19,0024,Silas,Jessop,Thistle Green,East,3
18:19,0068,Barnaby,Yates,Gloamford,South,25
18:19,0153,Myrtle,Hamblin,Kettlewick,North,29
18:19,0717,Martha,Orme,Corvenmoor,South,15
18:19,0941,Bertha,Lamb,Ashwick Fen,West,23
18:19,0963,Morris,Stokes,Corvenmoor,South,6
18:19,1514,Jude,Ibbott,Eelmarsh,North,35
18:19,1568,Nina,Wolstenholme,Ravensholt,South,15
18:19,1640,Miriam,Swales,Thistle Green,East,24
18:19,2601,Tabitha,Oddie,Ravensholt,West,29
18:19,2694,Albert,Sefton,Thistle Green,West,2
18:19,3010,Lavinia,Fairley,Underfell,North,36
18:19,4696,Rowan,Gilbey,Corvenmoor,West,22
18:19,5416,Annie,Pettit,Duskwater,North,19
18:19,5912,Annie,Ramsay,Corvenmoor,North,5
18:19,5931,Viola,Pickles,Pikesmere,East,15
18:20,0308,Bertha,Pellow,Owlsgate,South,30
18:20,0445,Effie,Napier,Corvenmoor,South,31
18:20,0599,Imogen,Coyle,Corvenmoor,West,14
18:20,0637,Leonard,Witton,Thistle Green,East,24
18:20,0655,Oscar,Monk,Hagstone,West,3
18:20,0692,Selma,Yates,Corvenmoor,West,28
18:20,0708,Ida,Digby,Ashwick Fen,West,27
18:20,0749,Agnes,Winslow,Fernhollow,West,16
18:20,1127,Edith,Godwin,Mothwell,East,30
18:20,1333,Delia,Nancekivell,Corvenmoor,East,3
18:20,1597,Dorian,Keeling,Wychcombe,West,21
18:20,1638,Edgar,Nettles,Mothwell,South,28
18:20,1703,Leonard,Tuckey,Corvenmoor,East,13
18:20,2036,Agnes,Nancekivell,Thistle Green,South,23
18:20,2064,Hannah,Coates,Ashwick Fen,North,1
18:20,2081,Vera,Winslow,Hagstone,South,22
18:20,2169,Percy,Bunting,Ashwick Fen,North,17
18:20,2450,Mercy,Hawley,Kettlewick,South,15
18:20,2947,Harriet,Phelps,Ravensholt,North,25
18:20,2951,Hilda,Sefton,Corvenmoor,East,1
18:20,3110,Bertha,Twigg,Thistle Green,West,14
18:20,3149,Grace,Thwaite,Kettlewick,North,29
18:20,3480,Grace,Phelps,Underfell,South,13
18:20,3581,Ruth,Orme,Corvenmoor,West,12
18:20,3600,Vera,Phelps,Pikesmere,West,9
18:20,3803,Clara,Nettles,Ashwick Fen,East,11
18:20,3811,Maud,Haldane,Ravensholt,North,8
18:20,4044,Viola,Plumb,Corvenmoor,East,20
18:20,4046,Mabel,Bunting,Wychcombe,East,27
18:20,4084,Clement,Cobbold,Underfell,South,35
18:20,4224,Maud,Napier,Thistle Green,West,13
18:20,4338,Helena,Pennick,Duskwater,East,28
18:20,4533,Bertha,Tebbit,Underfell,West,11
18:20,4672,Myrtle,Coates,Pikesmere,South,13
18:20,4712,Iris,Noakes,Barrowdene,West,26
18:20,4727,Iris,Coyle,Duskwater,East,3
18:20,4949,Barnaby,Tuckey,Corvenmoor,East,1
18:20,5641,Delia,Fawcett,Mothwell,East,35
18:20,5725,Morris,Burnell,Corvenmoor,North,12
18:20,5772,Walter,Wolstenholme,Ravensholt,East,15
18:20,5791,Horace,Gosling,Underfell,South,36
18:20,5946,Tobias,Ockley,Eelmarsh,East,34
18:21,0100,Mercy,Heskett,Corvenmoor,West,28
18:21,0139,Quentin,Pennick,Corvenmoor,East,21
18:21,0204,Bella,Dunstan,Ravensholt,West,2
18:21,0216,Jude,Heskett,Fernhollow,East,9
18:21,0278,Zelda,Onslow,Corvenmoor,South,14
18:21,0364,Oscar,Phelps,Ravensholt,West,12
18:21,0381,Isaac,Hollis,Mothwell,East,27
18:21,0385,Esme,Pettit,Kettlewick,North,14
18:21,0648,Percy,Wilmot,Gloamford,North,32
18:21,0837,Nora,Hackett,Corvenmoor,North,19
18:21,1001,Martha,Hollis,Corvenmoor,East,30
18:21,1025,Ivo,Toms,Wychcombe,East,24
18:21,1095,Delia,Hawley,Gloamford,East,16
18:21,1125,Maisie,Pocock,Barrowdene,North,2
18:21,1495,Effie,Wilmot,Underfell,East,4
18:21,1654,Myrtle,Ashby,Corvenmoor,East,19
18:21,1711,Augusta,Vance,Duskwater,West,30
18:21,1717,Effie,Wallis,Eelmarsh,West,18
18:21,1735,Xavier,Abbott,Eelmarsh,North,19
18:21,1830,Lydia,Upton,Wychcombe,South,8
18:21,1876,Greta,Finlow,Underfell,North,22
18:21,2074,Effie,Rook,Thistle Green,East,16
18:21,2156,Arthur,Tolley,Kettlewick,North,29
18:21,2803,Milo,Bunting,Barrowdene,East,34
18:21,2975,Imogen,Welch,Ravensholt,East,12
18:21,3389,Greta,Sallis,Ashwick Fen,North,2
18:21,3448,Magnus,Nancekivell,Pikesmere,South,4
18:21,3497,Cedric,Bunting,Underfell,North,33
18:21,3506,Alma,Newbolt,Eelmarsh,East,6
18:21,3583,Esme,Monk,Duskwater,North,17
18:21,3807,Kit,Dabney,Mothwell,North,33
18:21,3833,Kit,Lamb,Corvenmoor,North,23
18:21,3834,Jonah,Wedgwood,Corvenmoor,North,24
18:21,3893,Albert,Wilmot,Owlsgate,West,21
18:21,3914,Arthur,Toms,Owlsgate,North,28
18:21,3951,Lena,Hunnam,Gloamford,South,15
18:21,4024,Otto,Wolstenholme,Underfell,North,35
18:21,4121,Rowan,Wakely,Mothwell,East,29
18:21,4220,Freda,Rook,Kettlewick,North,5
18:21,4249,Maisie,Lowe,Corvenmoor,South,9
18:21,4719,Imogen,Ockley,Eelmarsh,West,20
18:21,4759,Elsie,Bramble,Corvenmoor,South,35
18:21,4787,Cora,Monk,Underfell,East,36
18:21,4900,Horace,Finlow,Ashwick Fen,East,25
18:21,4921,Cedric,Oddie,Mothwell,East,7
18:21,5049,Lavinia,Beck,Barrowdene,East,26
18:21,5108,Xavier,Coates,Wychcombe,West,7
18:21,5430,Josie,Larkin,Mothwell,West,5
18:21,5548,Dorian,Redfern,Corvenmoor,North,35
18:21,5700,Helena,Meakin,Barrowdene,West,15
18:21,5844,Ida,Youll,Fernhollow,North,4
18:21,5859,Amos,Bainbridge,Pikesmere,North,12
18:21,5993,Morris,Phelps,Thistle Green,West,18
18:22,0375,Arthur,Gale,Corvenmoor,North,23
18:22,0406,Clement,Dunstan,Pikesmere,South,22
18:22,0776,Cyril,Oddie,Corvenmoor,East,15
18:22,1083,Gwen,Maddox,Ravensholt,North,20
18:22,1235,Fabian,Eccles,Thistle Green,West,7
18:22,1386,Kit,Padley,Ashwick Fen,East,33
18:22,1494,Oscar,Noakes,Corvenmoor,North,7
18:22,1680,Grace,Tebbit,Barrowdene,North,27
18:22,1713,Hannah,Elwin,Corvenmoor,East,3
18:22,1744,Dorian,Upton,Wychcombe,West,30
18:22,2142,Annie,Lamb,Owlsgate,South,23
18:22,2160,Hilda,Napier,Owlsgate,West,1
18:22,2432,Viola,Wakely,Underfell,North,28
18:22,2559,Josie,Welch,Ravensholt,West,7
18:22,2664,Hector,Hollis,Mothwell,North,20
18:22,2753,Lottie,Sefton,Gloamford,West,31
18:22,2814,Bella,Bowden,Owlsgate,East,30
18:22,3018,Myrtle,Gilbey,Duskwater,South,2
18:22,3146,Oscar,Satchell,Duskwater,East,16
18:22,3269,Linus,Bowden,Wychcombe,West,21
18:22,3496,Linus,Coyle,Barrowdene,South,15
18:22,3513,Lavinia,Barlow,Wychcombe,East,26
18:22,3577,Fabian,Shilton,Corvenmoor,South,22
18:22,3613,Vera,Burnell,Duskwater,North,16
18:22,3809,Horace,Hollis,Barrowdene,West,22
18:22,4138,Lottie,Keeling,Owlsgate,West,24
18:22,4494,Elias,Fawcett,Corvenmoor,North,31
18:22,4793,Cyril,Orme,Fernhollow,North,25
18:22,4886,Flora,Pettit,Wychcombe,East,21
18:22,5129,Milo,Tolley,Ravensholt,South,32
18:22,5235,Maisie,Quick,Eelmarsh,North,36
18:22,5296,Edmund,Tyson,Fernhollow,West,11
18:22,5518,Arthur,Twigg,Corvenmoor,South,6
18:22,5541,Maisie,Oddie,Corvenmoor,East,9
18:22,5713,Morris,Elwin,Ravensholt,North,13
18:22,5799,Blanche,Rudd,Duskwater,North,27
18:23,0713,Jude,Yates,Duskwater,North,12
18:23,0954,Myrtle,Quick,Gloamford,South,27
18:23,1309,Nancy,Newbolt,Pikesmere,West,23
18:23,1467,Elsie,Meakin,Corvenmoor,East,7
18:23,1859,Freda,Fawcett,Gloamford,North,10
18:23,2399,Flora,Onslow,Hagstone,South,12
18:23,2437,Tabitha,Meakin,Eelmarsh,North,2
18:23,2569,Lottie,Lowe,Pikesmere,North,36
18:23,2656,Quentin,Mellish,Barrowdene,West,28
18:23,2726,Tabitha,Coyle,Corvenmoor,North,26
18:23,3131,Imogen,Bunting,Eelmarsh,East,8
18:23,3158,Quentin,Pocock,Corvenmoor,East,35
18:23,3198,Rhoda,Vance,Ashwick Fen,East,5
18:23,3336,Rosa,Meakin,Corvenmoor,South,35
18:23,3359,Esme,Gilbey,Corvenmoor,South,8
18:23,3399,Bertha,Gosling,Thistle Green,South,12
18:23,3433,Cora,Keeling,Corvenmoor,West,31
18:23,3726,Morris,Nettles,Gloamford,North,6
18:23,3822,Sybil,Slade,Eelmarsh,West,4
18:23,3979,Freda,Napier,Fernhollow,South,24
18:23,4123,Ursula,Jessop,Mothwell,West,21
18:23,5243,Edith,Hackett,Corvenmoor,North,22
18:23,5294,Delia,Cobbold,Barrowdene,West,6
18:23,5342,Anna,Swales,Ashwick Fen,South,3
18:23,5446,Noel,Gilbey,Mothwell,North,14
18:23,5471,Edmund,Newbolt,Owlsgate,West,26
18:23,5477,Thea,Orme,Mothwell,North,18
18:23,5613,Gwen,Lowe,Mothwell,North,26
18:23,5660,Edith,Gosling,Owlsgate,East,14
18:23,5671,Magnus,Blythe,Corvenmoor,South,14
18:23,5680,Constance,Redfern,Fernhollow,South,4
18:23,5957,Noel,Ockley,Eelmarsh,South,29
18:24,0223,Lavinia,Haldane,Barrowdene,South,9
18:24,0743,Rosa,Abbott,Corvenmoor,South,30
18:24,0786,Flora,Satchell,Mothwell,West,36
18:24,0803,Dorian,Yates,Corvenmoor,East,28
18:24,1143,Percy,Keeling,Corvenmoor,West,35
18:24,1162,Olive,Lowe,Corvenmoor,East,28
18:24,1349,Nina,Youll,Wychcombe,West,19
18:24,1447,Fabian,Winslow,Owlsgate,West,29
18:24,1457,Barnaby,Beck,Thistle Green,South,21
18:24,1613,Rhoda,Pickles,Wychcombe,North,35
18:24,1987,Amos,Bunting,Ravensholt,East,28
18:24,2067,Mercy,Tyson,Corvenmoor,East,19
18:24,2084,Nina,Tasker,Barrowdene,East,13
18:24,2114,Fabian,Nuttall,Underfell,North,29
18:24,2198,Dorian,Plumb,Duskwater,South,23
18:24,2511,Olive,Tasker,Corvenmoor,North,28
18:24,2556,Marian,Ockley,Hagstone,West,12
18:24,2671,Hector,Tuckey,Thistle Green,East,18
18:24,2714,Josie,Dunstan,Underfell,West,34
18:24,2733,Lucian,Rudd,Gloamford,North,21
18:24,2818,Effie,Ockley,Corvenmoor,South,28
18:24,2852,Alma,Jessop,Corvenmoor,West,7
18:24,2859,Philippa,Newbolt,Hagstone,North,8
18:24,2896,Sadie,Clegg,Duskwater,East,9
18:24,3261,Elsie,Mosley,Wychcombe,South,22
18:24,3318,Marian,Gosling,Duskwater,North,11
18:24,3423,Basil,Winslow,Fernhollow,North,29
18:24,3578,Ada,Heskett,Ravensholt,South,23
18:24,3640,Celia,Dawes,Corvenmoor,South,16
18:24,3755,Ezra,Godwin,Kettlewick,North,23
18:24,3823,Maud,Wakely,Duskwater,North,20
18:24,4150,Dahlia,Barlow,Corvenmoor,North,17
18:24,4194,Blanche,Eccles,Mothwell,East,3
18:24,4373,Bella,Bunting,Corvenmoor,North,22
18:24,4434,Helena,Shilton,Hagstone,South,10
18:24,4580,Mercy,Wakely,Corvenmoor,West,14
18:24,4736,Miriam,Dunstan,Wychcombe,North,10
18:24,5134,Tobias,Gilbey,Duskwater,East,15
18:24,5397,Delia,Venables,Fernhollow,West,4
18:24,5428,Vera,Pellow,Underfell,East,2
18:24,5540,Viola,Wallis,Hagstone,East,3
18:24,5608,Phoebe,Winslow,Duskwater,East,20
18:25,0124,Cyril,Judd,Ashwick Fen,South,34
18:25,0150,Tabitha,Mellish,Pikesmere,South,32
18:25,0164,Milo,Yelland,Pikesmere,East,30
18:25,0347,Ezra,Rook,Eelmarsh,North,19
18:25,0379,Helena,Orme,Duskwater,South,30
18:25,0498,Silas,Chalk,Kettlewick,East,20
18:25,1585,Lena,Pettit,Pikesmere,North,10
18:25,2018,Maud,Osgood,Pikesmere,East,17
18:25,2092,Nina,Clegg,Hagstone,West,19
18:25,2525,Thea,Quayle,Corvenmoor,North,27
18:25,2872,Cora,Phelps,Kettlewick,West,2
18:25,2941,Blanche,Phelps,Corvenmoor,South,19
18:25,3304,Ida,Bramble,Mothwell,East,30
18:25,3326,Mercy,Vance,Ravensholt,East,31
18:25,3346,Olive,Noakes,Barrowdene,East,3
18:25,3727,Iris,Meakin,Owlsgate,North,6
18:25,4442,Enid,Venables,Gloamford,North,29
18:25,4528,Jasper,Gale,Kettlewick,West,15
18:25,4834,Viola,Blythe,Corvenmoor,East,32
18:25,5190,Constance,Beck,Corvenmoor,West,17
18:25,5322,Lucian,Monk,Wychcombe,West,36
18:25,5336,Clara,Gale,Corvenmoor,North,28
18:25,5800,Annie,Coates,Kettlewick,South,36
18:25,5942,Rhoda,Phelps,Thistle Green,North,20
18:26,0060,Rosa,Monk,Kettlewick,East,1
18:26,0322,Arthur,Mabbott,Duskwater,East,2
18:26,0397,Kit,Quayle,Corvenmoor,North,36
18:26,0542,Percy,Hamblin,Corvenmoor,South,31
18:26,0884,Olive,Ibbott,Thistle Green,East,6
18:26,1237,Jasper,Swales,Thistle Green,South,34
18:26,1614,Helena,Slade,Wychcombe,West,21
18:26,1871,Clara,Quick,Thistle Green,North,19
18:26,1914,Phoebe,Abbott,Corvenmoor,East,24
18:26,2123,Dorian,Bainbridge,Corvenmoor,South,4
18:26,2185,Arthur,Oddie,Corvenmoor,North,20
18:26,2482,Otto,Tolley,Corvenmoor,South,4
18:26,2533,Basil,Nancekivell,Eelmarsh,North,31
18:26,2640,Bertha,Gilbey,Duskwater,West,22
18:26,2796,Anna,Bramble,Underfell,North,21
18:26,3173,Dora,Monk,Mothwell,South,7
18:26,3469,Elias,Quick,Pikesmere,South,6
18:26,3709,Anna,Wakely,Fernhollow,East,23
18:26,3791,Pearl,Pennick,Mothwell,North,24
18:26,4068,Jonah,Pellow,Fernhollow,West,10
18:26,4085,Barnaby,Slade,Corvenmoor,East,16
18:26,4086,Sybil,Wakely,Ashwick Fen,North,32
18:26,4256,Grace,Tolley,Mothwell,West,1
18:26,4352,Morris,Larkin,Eelmarsh,North,2
18:26,4593,Josie,Brock,Corvenmoor,West,28
18:26,4665,Thea,Pellow,Duskwater,North,6
18:26,4836,Pip,Bainbridge,Mothwell,South,29
18:26,4860,Lucian,Quick,Gloamford,North,2
18:26,5459,Myrtle,Blythe,Hagstone,South,18
18:26,5659,Isabel,Plumb,Barrowdene,North,7
18:26,5708,Helena,Plumb,Corvenmoor,South,1
18:26,5726,Nell,Lamb,Mothwell,West,16
18:26,5996,Wilbur,Gale,Ravensholt,West,14
18:27,0036,Harriet,Gilbey,Wychcombe,North,19
18:27,0046,Esme,Coates,Owlsgate,North,31
18:27,0120,Cedric,Sallis,Wychcombe,East,18
18:27,0279,Ivy,Heskett,Underfell,North,7
18:27,0409,Morris,Pennick,Wychcombe,West,20
18:27,0627,Celia,Swales,Fernhollow,East,2
18:27,0677,Pearl,Larkin,Hagstone,North,23
18:27,0707,Greta,Ramsay,Ashwick Fen,South,8
18:27,0993,Cora,Wolstenholme,Eelmarsh,East,5
18:27,1106,Viola,Wedgwood,Corvenmoor,North,21
18:27,1174,Morris,Shilton,Thistle Green,West,27
18:27,1291,Delia,Oddie,Corvenmoor,East,8
18:27,2006,Sadie,Toms,Mothwell,West,13
18:27,2846,Harriet,Abbott,Wychcombe,North,3
18:27,2948,Pip,Tasker,Hagstone,North,10
18:27,2962,Linus,Yates,Gloamford,East,7
18:27,3288,Winnie,Clegg,Kettlewick,South,22
18:27,3503,Clara,Burnell,Corvenmoor,East,9
18:27,3971,Willa,Hunnam,Mothwell,South,31
18:27,4192,Delia,Mabbott,Owlsgate,East,36
18:27,4454,Rosa,Ibbott,Corvenmoor,East,10
18:27,4507,Arthur,Osgood,Fernhollow,West,21
18:27,4513,Mabel,Pickles,Eelmarsh,South,18
18:27,4622,Viola,Pocock,Ravensholt,North,21
18:27,4626,Ivo,Hobday,Duskwater,North,34
18:27,4656,Nina,Bainbridge,Duskwater,North,30
18:27,5145,Hector,Chalk,Fernhollow,West,1
18:27,5528,Marian,Onslow,Corvenmoor,West,21
18:28,0293,Nora,Ibbott,Owlsgate,North,1
18:28,0311,Sadie,Meakin,Pikesmere,West,19
18:28,0423,Nell,Pellow,Corvenmoor,East,18
18:28,0496,Hilda,Noakes,Corvenmoor,West,2
18:28,0517,Rhoda,Tebbit,Pikesmere,West,20
18:28,0554,Myrtle,Nuttall,Duskwater,East,21
18:28,0605,Clara,Chilton,Gloamford,North,12
18:28,0682,Freda,Raikes,Mothwell,North,25
18:28,0777,Constance,Venables,Ravensholt,North,9
18:28,0790,Ada,Hobday,Eelmarsh,North,33
18:28,1230,Mercy,Digby,Pikesmere,South,16
18:28,1251,Vera,Rudd,Wychcombe,North,23
18:28,1264,Maisie,Toms,Wychcombe,East,8
18:28,1532,Basil,Bunting,Ravensholt,West,7
18:28,1571,Harriet,Satchell,Ashwick Fen,South,28
18:28,1799,Oscar,Maddox,Thistle Green,North,27
18:28,1975,Annie,Ibbott,Owlsgate,South,36
18:28,2289,Flora,Blythe,Eelmarsh,East,20
18:28,2445,Blanche,Heskett,Corvenmoor,North,25
18:28,2691,Lucian,Brock,Owlsgate,West,23
18:28,2727,Cedric,Haldane,Mothwell,North,6
18:28,3148,Iris,Ramsay,Owlsgate,South,35
18:28,3425,Viola,Orme,Ashwick Fen,South,35
18:28,3432,Milo,Meakin,Corvenmoor,South,30
18:28,3607,Cedric,Slade,Underfell,North,6
18:28,3642,Nora,Hobday,Pikesmere,West,2
18:28,3783,Marian,Stokes,Gloamford,North,31
18:28,3864,Vera,Stokes,Thistle Green,North,13
18:28,3991,Dahlia,Bunting,Ashwick Fen,West,16
18:28,4103,Ivo,Thwaite,Mothwell,South,12
18:28,4140,Viola,Judd,Corvenmoor,West,16
18:28,4371,Jasper,Shilton,Wychcombe,West,15
18:28,4426,Ida,Webley,Hagstone,South,32
18:28,4571,Miriam,Orme,Hagstone,East,25
18:28,4698,Amos,Finlow,Mothwell,East,9
18:28,4803,Pip,Chilton,Underfell,West,29
18:28,4844,Isaac,Dabney,Corvenmoor,South,13
18:28,5194,Gideon,Oddie,Ashwick Fen,South,7
18:28,5252,Edgar,Sallis,Hagstone,East,10
18:28,5672,Magnus,Tyson,Gloamford,East,17
18:28,5917,Walter,Witton,Fernhollow,North,31
18:29,0065,Magnus,Shilton,Ravensholt,North,14
18:29,0351,Phoebe,Rudd,Pikesmere,East,35
18:29,0465,Dahlia,Pellow,Gloamford,West,29
18:29,0626,Sadie,Orme,Ashwick Fen,South,18
18:29,0857,Dahlia,Orme,Ravensholt,North,3
18:29,1453,Rowan,Yelland,Mothwell,South,34
18:29,1541,Grace,Rudd,Wychcombe,East,32
18:29,1698,Hilda,Heskett,Kettlewick,East,14
18:29,1733,Anna,Satchell,Corvenmoor,North,1
18:29,1915,Basil,Fairley,Underfell,East,1
18:29,1927,Alma,Toms,Underfell,North,24
18:29,1999,Otto,Nuttall,Corvenmoor,North,32
18:29,2964,Ruth,Dunstan,Kettlewick,North,32
18:29,3016,Martha,Toms,Owlsgate,East,6
18:29,3045,Leonard,Osgood,Kettlewick,North,14
18:29,3094,Constance,Welch,Wychcombe,East,15
18:29,3344,Philippa,Yelland,Barrowdene,East,5
18:29,3355,Myrtle,Bowden,Gloamford,South,8
18:29,3400,Arthur,Newbolt,Hagstone,North,34
18:29,3572,Lydia,Tebbit,Mothwell,South,10
18:29,3686,Noel,Napier,Duskwater,West,3
18:29,3779,Jonah,Keeling,Thistle Green,North,26
18:29,3792,Ivy,Bramble,Duskwater,South,11
18:29,3815,Elias,Wilmot,Mothwell,East,8
18:29,3858,Ezra,Eccles,Thistle Green,West,7
18:29,3950,Gwen,Witton,Gloamford,North,16
18:29,4554,Tabitha,Pettit,Underfell,West,35
18:29,4917,Hilda,Dabney,Wychcombe,North,10
18:29,5063,Rhoda,Welch,Gloamford,South,9
18:29,5400,Pip,Sutton,Eelmarsh,East,3
18:29,5467,Gideon,Coates,Barrowdene,West,18
18:30,0162,Edith,Rook,Mothwell,North,23
18:30,0166,Bertha,Pocock,Owlsgate,North,13
18:30,0334,Delia,Upton,Ravensholt,West,19
18:30,0398,Cedric,Tasker,Corvenmoor,West,17
18:30,0481,Dahlia,Tuckey,Ashwick Fen,South,25
18:30,0750,Lena,Rudd,Owlsgate,North,6
18:30,0872,Jonah,Dawes,Owlsgate,North,25
18:30,1302,Clara,Rudd,Corvenmoor,South,10
18:30,1434,Annie,Sutton,Ashwick Fen,South,18
18:30,1701,Helena,Wedgwood,Owlsgate,North,12
18:30,2030,Harriet,Bainbridge,Wychcombe,North,21
18:30,2090,Freda,Pennick,Pikesmere,West,12
18:30,2393,Winnie,Mosley,Pikesmere,West,30
18:30,3008,Pearl,Chalk,Hagstone,West,2
18:30,3153,Delia,Orme,Corvenmoor,East,7
18:30,3646,Tobias,Venables,Corvenmoor,North,35
18:30,3745,Tabitha,Phelps,Eelmarsh,West,35
18:30,3903,Constance,Pettit,Hagstone,East,24
18:30,3987,Sybil,Tolley,Corvenmoor,East,19
18:30,4118,Thea,Brock,Eelmarsh,South,8
18:30,4301,Fabian,Nettles,Fernhollow,South,24
18:30,4879,Morris,Kaye,Corvenmoor,North,3
18:30,4963,Dorian,Slade,Barrowdene,West,4
18:30,5621,Cedric,Lamb,Corvenmoor,North,16
18:30,5665,Mercy,Lowe,Owlsgate,East,1
18:30,5883,Lottie,Bainbridge,Corvenmoor,South,5
18:30,5924,Viola,Noakes,Thistle Green,East,29
18:31,0136,Zelda,Pellow,Ravensholt,South,25
18:31,0310,Sadie,Newbolt,Thistle Green,North,17
18:31,0525,Linus,Lowe,Corvenmoor,South,32
18:31,0732,Hannah,Tebbit,Duskwater,West,1
18:31,0887,Ezra,Bainbridge,Gloamford,East,35
18:31,1311,Augusta,Youll,Corvenmoor,North,20
18:31,1332,Miriam,Toms,Owlsgate,West,3
18:31,1336,Rowan,Monk,Thistle Green,South,24
18:31,1427,Maisie,Pennick,Kettlewick,West,3
18:31,1487,Wilbur,Tasker,Eelmarsh,West,10
18:31,1850,Martha,Lowe,Underfell,North,15
18:31,1865,Martha,Tyson,Ravensholt,North,5
18:31,1945,Ada,Skelton,Kettlewick,East,33
18:31,2034,Morris,Swales,Corvenmoor,East,26
18:31,2205,Bernard,Rook,Thistle Green,West,26
18:31,2301,Clara,Welch,Barrowdene,West,12
18:31,2616,Jude,Satchell,Wychcombe,West,17
18:31,2728,Pip,Newbolt,Ravensholt,North,10
18:31,2801,Basil,Fenwick,Fernhollow,South,7
18:31,2955,Zelda,Digby,Ashwick Fen,North,11
18:31,3693,Ezra,Newbolt,Mothwell,West,1
18:31,3821,Jasper,Clegg,Pikesmere,West,32
18:31,3913,Sybil,Bowden,Fernhollow,North,1
18:31,4262,Gideon,Cobbold,Corvenmoor,North,18
18:31,4385,Hannah,Wilmot,Barrowdene,East,1
18:31,4441,Alma,Welch,Fernhollow,East,31
18:31,4467,Ursula,Clegg,Thistle Green,West,26
18:31,4569,Bella,Padley,Hagstone,North,33
18:31,4667,Pearl,Orme,Eelmarsh,South,4
18:31,5152,Elsie,Redfern,Corvenmoor,North,7
18:31,5154,Rosa,Raikes,Ashwick Fen,East,11
18:31,5408,Magnus,Osgood,Hagstone,East,3
18:31,5616,Nora,Ockley,Fernhollow,West,8
18:31,5805,Hilda,Raikes,Ashwick Fen,East,31
18:31,5904,Isabel,Osgood,Duskwater,East,10
18:31,5929,Constance,Dunstan,Barrowdene,East,20
18:31,5941,Magnus,Meakin,Owlsgate,East,21
18:31,5952,Freda,Stokes,Pikesmere,North,31
18:31,5968,Imogen,Haldane,Corvenmoor,West,16
18:32,0706,Hector,Youll,Corvenmoor,East,4
18:32,0918,Rhoda,Mellish,Duskwater,East,32
18:32,1319,Percy,Bowden,Barrowdene,South,20
18:32,1423,Sadie,Lumsden,Mothwell,West,27
18:32,1696,Jasper,Wallis,Owlsgate,North,1
18:32,1787,Leonard,Nuttall,Eelmarsh,South,5
18:32,1862,Isabel,Cobbold,Fernhollow,South,21
18:32,1965,Lydia,Skelton,Mothwell,South,26
18:32,2003,Agnes,Hobday,Eelmarsh,West,9
18:32,2058,Lucian,Oddie,Wychcombe,East,8
18:32,2071,Harriet,Upton,Gloamford,North,18
18:32,2103,Ezra,Bowden,Corvenmoor,East,20
18:32,2133,Josie,Coates,Underfell,East,28
18:32,2611,Lucian,Welch,Owlsgate,East,16
18:32,3308,Greta,Lumsden,Pikesmere,North,23
18:32,3953,Pearl,Clegg,Fernhollow,East,34
18:32,3996,Percy,Oddie,Wychcombe,North,2
18:32,4162,Bella,Vance,Ashwick Fen,North,13
18:32,4306,Dorian,Ramsay,Corvenmoor,East,24
18:32,4738,Beatrix,Wolstenholme,Duskwater,North,19
18:32,4960,Philippa,Keeling,Corvenmoor,East,9
18:32,5052,Albert,Lowe,Corvenmoor,North,18
18:32,5095,Isabel,Nuttall,Wychcombe,West,30
18:32,5572,Ivy,Onslow,Ravensholt,West,16
18:32,5647,Basil,Skelton,Eelmarsh,North,25
18:32,5792,Pearl,Burnell,Wychcombe,West,18
18:32,5854,Noel,Fairley,Eelmarsh,West,2
18:32,5870,Elsie,Pocock,Eelmarsh,West,9
18:33,0076,Cedric,Satchell,Mothwell,West,19
18:33,0285,Ursula,Swales,Corvenmoor,South,35
18:33,0494,Beatrix,Youll,Corvenmoor,North,20
18:33,0734,Ivy,Wedgwood,Barrowdene,West,14
18:33,0788,Blanche,Gale,Corvenmoor,North,4
18:33,0927,Cyril,Fenwick,Corvenmoor,North,30
18:33,0972,Silas,Onslow,Ashwick Fen,North,36
18:33,1217,Nora,Mabbott,Mothwell,South,29
18:33,1221,Kit,Upton,Ravensholt,East,17
18:33,1455,Greta,Quick,Pikesmere,East,10
18:33,1523,Lavinia,Napier,Gloamford,West,35
18:33,1955,Clara,Nuttall,Underfell,East,3
18:33,2039,Olive,Keeling,Kettlewick,North,17
18:33,2378,Lavinia,Kaye,Owlsgate,West,7
18:33,2514,Beatrix,Dabney,Fernhollow,North,31
18:33,2833,Kit,Plumb,Owlsgate,North,19
18:33,2916,Mercy,Orme,Eelmarsh,West,27
18:33,2936,Noel,Dunstan,Pikesmere,East,21
18:33,3245,Barnaby,Blythe,Barrowdene,West,12
18:33,3271,Edmund,Barlow,Underfell,North,25
18:33,3301,Cedric,Twigg,Corvenmoor,North,25
18:33,3313,Isaac,Rudd,Barrowdene,South,19
18:33,3343,Pearl,Dunstan,Ashwick Fen,West,36
18:33,3623,Fabian,Dabney,Owlsgate,South,19
18:33,3769,Viola,Satchell,Kettlewick,West,1
18:33,4135,Tobias,Tuckey,Corvenmoor,East,32
18:33,4378,Freda,Beck,Fernhollow,East,3
18:33,4650,Amos,Meakin,Kettlewick,North,1
18:33,4683,Lottie,Yates,Wychcombe,West,27
18:33,5515,Myrtle,Haldane,Owlsgate,North,16
18:33,5759,Tabitha,Chalk,Corvenmoor,South,21
18:33,5840,Basil,Godwin,Ashwick Fen,West,34
18:33,5899,Delia,Digby,Thistle Green,East,2
18:33,5994,Edith,Ashby,Fernhollow,North,25
18:34,0259,Ida,Fawcett,Corvenmoor,West,29
18:34,0454,Tabitha,Ramsay,Duskwater,North,11
18:34,0483,Esme,Sutton,Corvenmoor,North,31
18:34,0487,Bella,Godwin,Duskwater,North,32
18:34,0631,Selma,Nettles,Underfell,West,25
18:34,0649,Percy,Jessop,Fernhollow,East,3
18:34,1146,Barnaby,Nancekivell,Gloamford,West,24
18:34,1188,Lottie,Heskett,Eelmarsh,South,27
18:34,1192,Jude,Godwin,Duskwater,South,5
18:34,1361,Anna,Padley,Thistle Green,North,28
18:34,1565,Gwen,Onslow,Fernhollow,South,27
18:34,1642,Hilda,Kitson,Duskwater,South,7
18:34,1660,Maud,Gosling,Duskwater,South,26
18:34,1671,Ivo,Coates,Hagstone,West,4
18:34,1884,Maud,Meakin,Corvenmoor,South,27
18:34,2038,Thea,Keeling,Fernhollow,South,20
18:34,2060,Quentin,Redfern,Kettlewick,East,32
18:34,2101,Pearl,Mellish,Ravensholt,South,11
18:34,2241,Hector,Venables,Gloamford,South,26
18:34,2318,Delia,Blythe,Owlsgate,East,3
18:34,2359,Nina,Pocock,Duskwater,West,25
18:34,2493,Cyril,Beck,Corvenmoor,South,6
18:34,2538,Elsie,Mabbott,Wychcombe,South,31
18:34,2625,Magnus,Youll,Eelmarsh,East,12
18:34,2956,Josie,Ramsay,Wychcombe,East,11
18:34,3053,Nina,Godwin,Mothwell,West,4
18:34,3205,Kit,Welch,Thistle Green,South,34
18:34,3234,Ursula,Kitson,Mothwell,North,24
18:34,3286,Miriam,Rook,Pikesmere,East,8
18:34,3317,Nora,Quayle,Corvenmoor,West,10
18:34,3408,Milo,Abbott,Corvenmoor,East,31
18:34,3441,Maud,Tebbit,Eelmarsh,East,16
18:34,3529,Thea,Blythe,Corvenmoor,North,4
18:34,3680,Delia,Eccles,Barrowdene,South,31
18:34,3734,Gideon,Dabney,Duskwater,East,21
18:34,3849,Rhoda,Ashby,Pikesmere,East,32
18:34,4178,Harriet,Haldane,Owlsgate,North,23
18:34,4394,Selma,Beck,Gloamford,North,27
18:34,4444,Wilbur,Raikes,Corvenmoor,North,23
18:34,4870,Helena,Tyson,Corvenmoor,South,6
18:34,4880,Freda,Bainbridge,Ashwick Fen,North,24
18:34,4933,Amos,Nancekivell,Owlsgate,West,12
18:34,5244,Jonah,Meakin,Hagstone,East,14
18:34,5358,Olive,Tolley,Underfell,East,17
18:34,5370,Beatrix,Hamblin,Duskwater,South,19
18:35,0054,Ivo,Lumsden,Corvenmoor,West,18
18:35,0424,Sybil,Bainbridge,Corvenmoor,East,36
18:35,0970,Isaac,Pickles,Kettlewick,East,14
18:35,1555,Noel,Chilton,Hagstone,North,15
18:35,1620,Bertha,Quayle,Hagstone,West,22
18:35,1657,Wilbur,Shilton,Corvenmoor,South,5
18:35,1898,Rhoda,Rudd,Ashwick Fen,South,29
18:35,2489,Jude,Cobbold,Corvenmoor,West,3
18:35,2529,Lydia,Ramsay,Owlsgate,North,21
18:35,2609,Pearl,Hawley,Duskwater,West,24
18:35,2620,Hannah,Sefton,Ashwick Fen,South,20
18:35,2827,Otto,Twigg,Hagstone,West,34
18:35,2912,Marian,Tolley,Corvenmoor,South,6
18:35,3092,Hannah,Finlow,Owlsgate,South,19
18:35,3236,Jonah,Gosling,Hagstone,West,17
18:35,3328,Morris,Rook,Mothwell,East,32
18:35,3841,Albert,Brock,Barrowdene,South,27
18:35,4010,Olive,Onslow,Thistle Green,North,13
18:35,4112,Lydia,Pocock,Eelmarsh,West,22
18:35,4546,Pip,Webley,Corvenmoor,North,5
18:35,4616,Rowan,Redfern,Thistle Green,North,21
18:35,5029,Cyril,Webley,Barrowdene,West,3
18:35,5255,Tobias,Vance,Underfell,South,23
18:35,5340,Cyril,Vance,Owlsgate,South,4
18:35,5629,Blanche,Ibbott,Hagstone,West,8
18:35,5851,Fabian,Hackett,Eelmarsh,West,26
18:35,5985,Dahlia,Hobday,Corvenmoor,South,32
18:36,0161,Nina,Ibbott,Gloamford,West,35
18:36,0178,Lavinia,Nuttall,Thistle Green,South,32
18:36,0185,Vera,Shilton,Mothwell,West,13
18:36,0864,Wilbur,Godwin,Underfell,West,15
18:36,1122,Rosa,Tasker,Underfell,West,24
18:36,1124,Anna,Nancekivell,Kettlewick,East,12
18:36,1321,Effie,Finlow,Duskwater,East,17
18:36,1474,Vera,Noakes,Ashwick Fen,South,10
18:36,1573,Tabitha,Youll,Wychcombe,West,29
18:36,1664,Walter,Shilton,Eelmarsh,South,10
18:36,1837,Cora,Heskett,Wychcombe,East,21
18:36,1937,Celia,Burnell,Hagstone,South,7
18:36,2013,Beatrix,Judd,Duskwater,West,31
18:36,2026,Leonard,Welch,Kettlewick,South,25
18:36,2063,Winnie,Mabbott,Ravensholt,East,20
18:36,2191,Thea,Pocock,Kettlewick,East,10
18:36,2360,Magnus,Bainbridge,Fernhollow,South,9
18:36,2933,Morris,Cobbold,Underfell,South,16
18:36,3055,Dahlia,Thwaite,Duskwater,West,5
18:36,3347,Ezra,Heskett,Eelmarsh,West,22
18:36,3494,Hannah,Cobbold,Thistle Green,North,22
18:36,3591,Beatrix,Bainbridge,Fernhollow,South,11
18:36,3703,Isaac,Heskett,Owlsgate,West,10
18:36,3869,Magnus,Onslow,Hagstone,East,29
18:36,4057,Lottie,Fawcett,Wychcombe,North,20
18:36,4134,Ada,Coyle,Mothwell,East,30
18:36,4259,Bertha,Maddox,Fernhollow,South,10
18:36,4327,Zelda,Godwin,Fernhollow,North,18
18:36,4330,Walter,Burnell,Hagstone,North,7
18:36,4384,Pip,Sallis,Underfell,East,25
18:36,4417,Olive,Fenwick,Underfell,North,8
18:36,4800,Oscar,Barlow,Ashwick Fen,North,10
18:36,4833,Mercy,Keeling,Underfell,East,5
18:36,4965,Morris,Eccles,Wychcombe,West,36
18:36,5185,Miriam,Ramsay,Kettlewick,West,7
18:36,5349,Kit,Tasker,Owlsgate,North,20
18:36,5721,Ivy,Monk,Corvenmoor,North,35
18:36,5736,Selma,Pettit,Barrowdene,South,32
18:36,5764,Nell,Welch,Ravensholt,East,21
18:36,5939,Rosa,Quayle,Duskwater,East,26
18:37,0134,Freda,Oddie,Barrowdene,North,8
18:37,0407,Flora,Judd,Fernhollow,South,9
18:37,0449,Fabian,Yates,Eelmarsh,North,32
18:37,0630,Ivo,Bunting,Thistle Green,North,25
18:37,1153,Otto,Ashby,Corvenmoor,North,32
18:37,1347,Ada,Dabney,Eelmarsh,West,5
18:37,1768,Ivy,Rudd,Hagstone,West,26
18:37,2157,Gwen,Mosley,Corvenmoor,West,1
18:37,2266,Quentin,Pickles,Corvenmoor,West,30
18:37,2278,Zelda,Sallis,Barrowdene,South,15
18:37,2354,Pip,Hollis,Corvenmoor,South,28
18:37,2522,Constance,Youll,Thistle Green,South,11
18:37,2632,Edith,Meakin,Duskwater,East,12
18:37,2863,Beatrix,Jessop,Ravensholt,East,16
18:37,2920,Maisie,Abbott,Hagstone,South,19
18:37,2996,Sybil,Ockley,Underfell,North,21
18:37,3000,Bernard,Beck,Underfell,East,23
18:37,3069,Phoebe,Mosley,Corvenmoor,North,25
18:37,3088,Viola,Padley,Hagstone,East,5
18:37,3256,Edmund,Haldane,Corvenmoor,East,30
18:37,3272,Leonard,Bainbridge,Corvenmoor,West,22
18:37,3296,Bernard,Wilmot,Wychcombe,West,33
18:37,3341,Sadie,Godwin,Thistle Green,North,29
18:37,3558,Clara,Digby,Corvenmoor,North,19
18:37,3798,Augusta,Tolley,Ashwick Fen,South,35
18:37,4049,Kit,Gale,Corvenmoor,North,1
18:37,4410,Rosa,Jessop,Eelmarsh,North,30
18:37,4806,Blanche,Plumb,Pikesmere,South,22
18:37,4989,Alma,Venables,Duskwater,West,4
18:37,5025,Blanche,Maddox,Ravensholt,North,21
18:37,5695,Imogen,Onslow,Corvenmoor,North,19
18:37,5770,Dahlia,Ramsay,Gloamford,West,7
18:37,5787,Walter,Bunting,Mothwell,South,17
18:38,0001,Gideon,Gosling,Pikesmere,East,14
18:38,0026,Enid,Ramsay,Duskwater,North,21
18:38,0227,Edgar,Swales,Fernhollow,North,34
18:38,0581,Edith,Tuckey,Ravensholt,East,19
18:38,0608,Imogen,Pennick,Corvenmoor,East,25
18:38,0916,Mabel,Noakes,Eelmarsh,East,21
18:38,1053,Barnaby,Wallis,Corvenmoor,South,23
18:38,1180,Winnie,Barlow,Corvenmoor,South,32
18:38,1193,Winnie,Stokes,Gloamford,West,24
18:38,1426,Hannah,Haldane,Pikesmere,North,18
18:38,1624,Lena,Shilton,Ravensholt,South,9
18:38,1826,Martha,Wilmot,Kettlewick,North,35
18:38,2001,Maisie,Nettles,Corvenmoor,West,32
18:38,2050,Mabel,Swales,Barrowdene,East,3
18:38,2228,Clement,Digby,Corvenmoor,South,12
18:38,2232,Sybil,Pocock,Duskwater,West,30
18:38,2424,Oscar,Gale,Ashwick Fen,South,6
18:38,2505,Beatrix,Barlow,Thistle Green,West,12
18:38,2571,Edith,Sallis,Corvenmoor,West,19
18:38,2577,Milo,Lowe,Corvenmoor,North,25
18:38,2897,Oscar,Oddie,Underfell,North,5
18:38,2913,Harriet,Clegg,Hagstone,North,29
18:38,3044,Jude,Dawes,Hagstone,West,24
18:38,3097,Otto,Sallis,Corvenmoor,North,5
18:38,3287,Ruth,Witton,Thistle Green,East,2
18:38,3339,Vera,Twigg,Underfell,West,15
18:38,3473,Jasper,Pellow,Eelmarsh,West,26
18:38,3487,Pearl,Digby,Corvenmoor,South,1
18:38,3542,Ivy,Wallis,Pikesmere,West,24
18:38,3701,Lavinia,Hawley,Wychcombe,West,21
18:38,3879,Imogen,Rook,Ravensholt,East,29
18:38,3904,Isaac,Plumb,Underfell,South,4
18:38,4377,Lena,Rook,Duskwater,East,2
18:38,4435,Freda,Pellow,Ashwick Fen,North,16
18:38,4780,Edith,Mabbott,Underfell,North,11
18:38,4998,Elsie,Stokes,Mothwell,East,25
18:38,5059,Pip,Wedgwood,Ravensholt,West,21
18:38,5251,Mercy,Coyle,Owlsgate,North,10
18:38,5282,Nancy,Hawley,Owlsgate,North,7
18:38,5316,Horace,Pocock,Fernhollow,North,29
18:38,5456,Greta,Skelton,Mothwell,East,7
18:38,5532,Nina,Eccles,Pikesmere,East,13
18:38,5606,Edith,Yelland,Corvenmoor,East,20
18:39,0187,Winnie,Noakes,Fernhollow,East,14
18:39,0341,Clara,Fenwick,Gloamford,East,1
18:39,1081,Philippa,Hamblin,Ravensholt,North,9
18:39,1101,Iris,Blythe,Owlsgate,South,33
18:39,1490,Rosa,Nancekivell,Eelmarsh,North,11
18:39,1641,Ursula,Brock,Ravensholt,South,25
18:39,1673,Barnaby,Meakin,Mothwell,West,33
18:39,1812,Rowan,Winslow,Ravensholt,North,6
18:39,2016,Martha,Quick,Thistle Green,West,29
18:39,2170,Ida,Kaye,Gloamford,South,5
18:39,2325,Phoebe,Sefton,Duskwater,South,34
18:39,2353,Imogen,Ashby,Corvenmoor,West,34
18:39,2411,Nina,Napier,Wychcombe,South,16
18:39,2456,Oscar,Lamb,Eelmarsh,South,35
18:39,2518,Walter,Wakely,Owlsgate,East,32
18:39,2688,Anna,Barlow,Barrowdene,East,11
18:39,2768,Thea,Bramble,Corvenmoor,North,23
18:39,2978,Jude,Phelps,Mothwell,West,2
18:39,4106,Barnaby,Osgood,Ashwick Fen,North,9
18:39,4164,Grace,Pennick,Underfell,East,27
18:39,4381,Gideon,Osgood,Corvenmoor,South,29
18:39,4461,Agnes,Barlow,Eelmarsh,North,1
18:39,4662,Freda,Shilton,Ravensholt,South,32
18:39,4742,Isaac,Mabbott,Eelmarsh,West,8
18:39,4760,Linus,Abbott,Mothwell,East,9
18:39,4924,Hannah,Clegg,Gloamford,South,22
18:39,5189,Agnes,Stokes,Ravensholt,South,19
18:39,5462,Amos,Upton,Ashwick Fen,South,25
18:39,5553,Lydia,Winslow,Ravensholt,North,6
18:39,5587,Selma,Heskett,Ravensholt,West,21
18:39,5755,Ruth,Sutton,Thistle Green,East,29
18:39,5823,Philippa,Bunting,Corvenmoor,West,5
18:40,0208,Edmund,Lumsden,Wychcombe,East,22
18:40,0435,Clement,Gosling,Underfell,South,19
18:40,0565,Isaac,Skelton,Mothwell,South,23
18:40,0611,Lena,Toms,Corvenmoor,West,14
18:40,0689,Iris,Pocock,Underfell,South,4
18:40,1885,Rhoda,Lamb,Barrowdene,South,2
18:40,2400,Otto,Raikes,Pikesmere,West,31
18:40,2406,Esme,Fairley,Mothwell,North,13
18:40,2429,Dora,Blythe,Ashwick Fen,East,36
18:40,2431,Oscar,Venables,Gloamford,South,9
18:40,2604,Freda,Hollis,Corvenmoor,West,26
18:40,2744,Leonard,Quick,Kettlewick,North,24
18:40,2819,Freda,Dawes,Mothwell,South,15
18:40,2940,Clara,Elwin,Wychcombe,West,17
18:40,3012,Lavinia,Yelland,Gloamford,South,22
18:40,3107,Jude,Pellow,Ravensholt,West,14
18:40,3251,Freda,Mellish,Fernhollow,South,34
18:40,3957,Zelda,Toms,Pikesmere,North,10
18:40,3999,Silas,Tyson,Hagstone,North,22
18:40,4043,Kit,Raikes,Corvenmoor,South,30
18:40,4213,Beatrix,Clegg,Corvenmoor,East,9
18:40,4382,Arthur,Larkin,Pikesmere,North,22
18:40,4589,Imogen,Napier,Owlsgate,West,25
18:40,4842,Annie,Hunnam,Ashwick Fen,North,32
18:40,4918,Bernard,Hunnam,Mothwell,East,19
18:40,4942,Mercy,Noakes,Fernhollow,South,7
18:40,5037,Anna,Fawcett,Pikesmere,North,23
18:40,5046,Agnes,Burnell,Pikesmere,West,30
18:40,5127,Tabitha,Ibbott,Wychcombe,South,32
18:40,5213,Nell,Hobday,Hagstone,South,25
18:40,5355,Percy,Ockley,Wychcombe,North,16
18:40,5505,Barnaby,Ibbott,Fernhollow,East,15
18:40,5517,Basil,Ramsay,Duskwater,South,23
18:40,5656,Thea,Fenwick,Pikesmere,West,14
18:40,5868,Josie,Gosling,Ashwick Fen,West,30
18:40,5886,Isabel,Toms,Corvenmoor,South,1
18:40,5940,Helena,Heskett,Corvenmoor,East,27
18:41,0149,Lydia,Coates,Mothwell,East,9
18:41,0495,Annie,Pennick,Thistle Green,North,18
18:41,0528,Flora,Nuttall,Corvenmoor,East,19
18:41,0572,Amos,Hunnam,Eelmarsh,North,29
18:41,0584,Mercy,Pickles,Ravensholt,South,34
18:41,0625,Ida,Tyson,Ravensholt,South,15
18:41,0638,Arthur,Beck,Eelmarsh,North,18
18:41,0641,Marian,Noakes,Wychcombe,South,23
18:41,0728,Sybil,Abbott,Ashwick Fen,East,18
18:41,1042,Dahlia,Eccles,Ravensholt,South,33
18:41,1094,Viola,Brock,Corvenmoor,North,9
18:41,1121,Rosa,Hawley,Owlsgate,North,14
18:41,1199,Beatrix,Raikes,Thistle Green,North,2
18:41,1220,Maud,Welch,Owlsgate,West,33
18:41,1250,Phoebe,Sallis,Corvenmoor,West,7
18:41,1578,Vera,Abbott,Kettlewick,West,2
18:41,1643,Rowan,Fawcett,Mothwell,East,6
18:41,1944,Mabel,Hollis,Ashwick Fen,North,12
18:41,2073,Nina,Nuttall,Underfell,North,23
18:41,2085,Imogen,Osgood,Fernhollow,South,30
18:41,2475,Wilbur,Dunstan,Thistle Green,West,35
18:41,2830,Ada,Mabbott,Underfell,West,24
18:41,2857,Gideon,Quayle,Owlsgate,East,20
18:41,3252,Rowan,Judd,Corvenmoor,West,3
18:41,3585,Clement,Wakely,Barrowdene,East,13
18:41,3599,Amos,Hamblin,Wychcombe,South,34
18:41,3742,Noel,Maddox,Hagstone,South,8
18:41,3915,Grace,Napier,Owlsgate,South,16
18:41,3968,Morris,Kitson,Owlsgate,South,36
18:41,4117,Delia,Vance,Owlsgate,North,7
18:41,4122,Silas,Digby,Fernhollow,East,9
18:41,4171,Olive,Hobday,Barrowdene,West,16
18:41,4817,Hannah,Twigg,Underfell,South,4
18:41,4855,Freda,Gilbey,Barrowdene,East,25
18:41,4899,Barnaby,Abbott,Underfell,North,17
18:41,5068,Cyril,Monk,Hagstone,North,6
18:41,5184,Hilda,Yates,Corvenmoor,West,27
18:41,5313,Bella,Eccles,Corvenmoor,East,9
18:41,5956,Gideon,Bowden,Duskwater,South,31
18:42,0180,Barnaby,Bramble,Wychcombe,South,28
18:42,0181,Rosa,Coates,Ravensholt,North,32
18:42,0370,Elsie,Haldane,Eelmarsh,South,34
18:42,0405,Edgar,Mabbott,Pikesmere,South,31
18:42,0568,Beatrix,Chilton,Ravensholt,South,8
18:42,0742,Celia,Hollis,Corvenmoor,South,11
18:42,0997,Anna,Thwaite,Eelmarsh,West,1
18:42,1348,Cyril,Toms,Ashwick Fen,East,17
18:42,1373,Clement,Raikes,Corvenmoor,South,11
18:42,1649,Phoebe,Kaye,Corvenmoor,East,28
18:42,1910,Tabitha,Quick,Corvenmoor,East,20
18:42,2028,Silas,Godwin,Barrowdene,West,26
18:42,2261,Viola,Coyle,Pikesmere,West,27
18:42,2332,Agnes,Bunting,Ravensholt,East,5
18:42,2442,Gwen,Bunting,Corvenmoor,East,16
18:42,2878,Wilbur,Thwaite,Ravensholt,West,8
18:42,3369,Oscar,Fenwick,Corvenmoor,North,11
18:42,3645,Philippa,Noakes,Underfell,South,16
18:42,3852,Isaac,Quick,Pikesmere,East,20
18:42,3861,Beatrix,Pocock,Barrowdene,North,30
18:42,3900,Rosa,Pocock,Ravensholt,South,3
18:42,3954,Amos,Wallis,Eelmarsh,North,2
18:42,4189,Otto,Pettit,Corvenmoor,North,18
18:42,4202,Maisie,Swales,Gloamford,North,34
18:42,4293,Selma,Bainbridge,Corvenmoor,North,5
18:42,4445,Nell,Webley,Corvenmoor,East,1
18:42,4583,Wilbur,Sefton,Owlsgate,North,21
18:42,4764,Linus,Ockley,Pikesmere,North,5
18:42,4841,Wilbur,Youll,Thistle Green,East,23
18:42,4954,Dorian,Hunnam,Wychcombe,North,2
18:42,4966,Edgar,Tuckey,Kettlewick,East,21
18:42,4969,Ivy,Ramsay,Thistle Green,North,11
18:42,5155,Ezra,Pellow,Ravensholt,East,1
18:42,5212,Rosa,Pellow,Barrowdene,North,29
18:42,5368,Edgar,Stokes,Mothwell,North,7
18:42,5393,Rowan,Nancekivell,Fernhollow,West,25
18:42,5480,Clara,Osgood,Fernhollow,North,13
18:42,5533,Barnaby,Phelps,Hagstone,North,7
18:42,5622,Josie,Vance,Pikesmere,North,19
18:42,5821,Pip,Phelps,Eelmarsh,West,13
18:42,5841,Mabel,Raikes,Ravensholt,North,18
18:43,0098,Josie,Upton,Corvenmoor,North,34
18:43,0337,Edith,Monk,Barrowdene,South,29
18:43,0892,Tabitha,Slade,Eelmarsh,North,23
18:43,1017,Lena,Barlow,Fernhollow,West,18
18:43,1522,Marian,Sallis,Ravensholt,North,11
18:43,1554,Phoebe,Webley,Corvenmoor,North,26
18:43,1645,Dahlia,Ockley,Owlsgate,East,17
18:43,1655,Hector,Shilton,Duskwater,East,8
18:43,1710,Effie,Dawes,Kettlewick,East,14
18:43,1868,Helena,Tebbit,Duskwater,South,29
18:43,1977,Jonah,Noakes,Hagstone,South,16
18:43,2045,Nina,Oddie,Corvenmoor,North,6
18:43,2107,Willa,Pickles,Hagstone,North,34
18:43,2110,Alma,Slade,Hagstone,South,28
18:43,2161,Hannah,Chalk,Corvenmoor,South,19
18:43,2519,Isaac,Nettles,Owlsgate,North,29
18:43,2849,Gwen,Skelton,Fernhollow,West,10
18:43,2943,Lena,Satchell,Corvenmoor,East,28
18:43,3096,Phoebe,Slade,Gloamford,East,13
18:43,3132,Sybil,Sutton,Thistle Green,North,16
18:43,3162,Nell,Nuttall,Gloamford,South,22
18:43,3713,Mercy,Mabbott,Gloamford,West,14
18:43,4089,Ivy,Bainbridge,Mothwell,East,6
18:43,4468,Edmund,Chalk,Underfell,North,19
18:43,4614,Gideon,Orme,Duskwater,South,6
18:43,4781,Ezra,Fenwick,Wychcombe,South,4
18:43,4858,Amos,Hawley,Underfell,South,10
18:43,4976,Edmund,Heskett,Ravensholt,South,31
18:43,5119,Ivo,Youll,Kettlewick,East,21
18:43,5719,Ezra,Winslow,Corvenmoor,East,16
18:43,5905,Celia,Jessop,Barrowdene,West,26
18:44,0006,Ida,Lowe,Mothwell,East,17
18:44,0008,Olive,Wakely,Underfell,North,13
18:44,0010,Elias,Witton,Mothwell,East,6
18:44,0437,Mabel,Quick,Ravensholt,West,33
18:44,0691,Elsie,Swales,Ashwick Fen,West,9
18:44,0810,Mabel,Youll,Owlsgate,North,7
18:44,1318,Flora,Pickles,Fernhollow,West,35
18:44,1369,Tobias,Kaye,Corvenmoor,South,21
18:44,1412,Selma,Jessop,Pikesmere,North,16
18:44,1438,Augusta,Keeling,Eelmarsh,West,33
18:44,1480,Nina,Shilton,Corvenmoor,West,18
18:44,1591,Nancy,Sutton,Ashwick Fen,West,21
18:44,1651,Ivy,Pennick,Corvenmoor,West,22
18:44,1804,Dahlia,Yates,Owlsgate,West,30
18:44,2113,Clara,Padley,Corvenmoor,West,20
18:44,2172,Agnes,Upton,Corvenmoor,East,16
18:44,2226,Harriet,Rudd,Ravensholt,North,2
18:44,2281,Ivy,Winslow,Duskwater,East,19
18:44,2461,Greta,Brock,Wychcombe,West,29
18:44,2508,Nora,Tuckey,Owlsgate,South,1
18:44,2598,Alma,Raikes,Hagstone,North,19
18:44,2816,Effie,Plumb,Pikesmere,East,33
18:44,2976,Alma,Gale,Corvenmoor,North,30
18:44,2981,Thea,Ockley,Corvenmoor,North,34
18:44,3200,Lucian,Abbott,Owlsgate,East,34
18:44,3500,Cedric,Maddox,Eelmarsh,East,11
18:44,3556,Fabian,Dawes,Fernhollow,South,25
18:44,3733,Lydia,Bowden,Pikesmere,West,8
18:44,3848,Lydia,Heskett,Pikesmere,West,11
18:44,4119,Anna,Wedgwood,Ravensholt,East,33
18:44,4336,Jasper,Plumb,Owlsgate,West,19
18:44,4453,Helena,Eccles,Pikesmere,East,5
18:44,4512,Cora,Noakes,Ashwick Fen,South,22
18:44,4598,Arthur,Wedgwood,Kettlewick,East,12
18:44,4689,Edmund,Slade,Corvenmoor,West,28
18:44,5020,Rosa,Witton,Corvenmoor,North,24
18:44,5024,Myrtle,Newbolt,Owlsgate,East,20
18:44,5248,Basil,Bainbridge,Kettlewick,East,11
18:44,5590,Noel,Ramsay,Corvenmoor,North,7
18:44,5723,Kit,Beck,Hagstone,South,36
18:45,0091,Marian,Larkin,Corvenmoor,North,10
18:45,0232,Isaac,Nuttall,Mothwell,West,2
18:45,0252,Marian,Pellow,Duskwater,South,6
18:45,0272,Nancy,Maddox,Ravensholt,West,10
18:45,0309,Hilda,Tyson,Hagstone,South,19
18:45,0656,Vera,Hawley,Corvenmoor,South,12
18:45,0738,Agnes,Clegg,Owlsgate,North,19
18:45,0931,Morris,Napier,Pikesmere,East,15
18:45,1189,Clement,Quayle,Pikesmere,South,2
18:45,1253,Oscar,Eccles,Barrowdene,North,3
18:45,1276,Ivo,Sefton,Ravensholt,East,29
18:45,1511,Elias,Skelton,Corvenmoor,North,16
18:45,1843,Effie,Osgood,Corvenmoor,North,31
18:45,1860,Elsie,Bunting,Owlsgate,West,10
18:45,1917,Ezra,Pocock,Fernhollow,West,10
18:45,2119,Vera,Tolley,Pikesmere,West,29
18:45,2277,Ivy,Wakely,Eelmarsh,North,16
18:45,2291,Jonah,Coyle,Wychcombe,South,25
18:45,2335,Willa,Pettit,Thistle Green,West,21
18:45,2363,Bella,Sutton,Ashwick Fen,West,14
18:45,2565,Elias,Pellow,Duskwater,East,35
18:45,2674,Lena,Quick,Duskwater,West,18
18:45,2861,Ursula,Elwin,Mothwell,South,1
18:45,2944,Lottie,Barlow,Corvenmoor,South,27
18:45,2952,Jonah,Pickles,Corvenmoor,North,5
18:45,3025,Jude,Digby,Thistle Green,North,11
18:45,3482,Cedric,Kitson,Wychcombe,West,36
18:45,3595,Philippa,Satchell,Kettlewick,East,13
18:45,4094,Ivo,Rudd,Eelmarsh,West,22
18:45,4271,Tobias,Ibbott,Thistle Green,East,8
18:45,4457,Mercy,Thwaite,Ashwick Fen,South,16
18:45,4688,Xavier,Venables,Barrowdene,West,27
18:45,4804,Cora,Satchell,Corvenmoor,West,33
18:45,4861,Mabel,Quayle,Corvenmoor,West,13
18:45,4973,Ida,Nettles,Corvenmoor,West,5
18:45,5011,Grace,Onslow,Kettlewick,North,11
18:45,5198,Elsie,Dawes,Corvenmoor,West,22
18:45,5224,Constance,Quick,Corvenmoor,South,11
18:45,5474,Blanche,Hackett,Fernhollow,North,12
18:45,5544,Amos,Mabbott,Corvenmoor,West,27
18:45,5567,Nell,Toms,Duskwater,West,31
18:45,5727,Sybil,Pellow,Fernhollow,South,25
18:45,5888,Olive,Fairley,Duskwater,South,26
18:46,0115,Kit,Osgood,Gloamford,South,14
18:46,0219,Clara,Wolstenholme,Ashwick Fen,North,25
18:46,0455,Freda,Lowe,Fernhollow,North,33
18:46,1227,Constance,Witton,Ashwick Fen,East,4
18:46,1252,Alma,Youll,Owlsgate,West,3
18:46,1473,Noel,Sefton,Corvenmoor,West,33
18:46,1683,Bella,Elwin,Pikesmere,South,9
18:46,1880,Ivy,Fenwick,Ashwick Fen,North,27
18:46,1919,Freda,Sutton,Hagstone,North,19
18:46,1925,Enid,Tasker,Mothwell,North,13
18:46,2304,Anna,Skelton,Mothwell,East,32
18:46,2398,Hannah,Monk,Corvenmoor,East,15
18:46,2678,Gwen,Dawes,Eelmarsh,North,4
18:46,2698,Dorian,Godwin,Underfell,North,10
18:46,2784,Sadie,Hunnam,Gloamford,West,28
18:46,2926,Maud,Wilmot,Fernhollow,South,4
18:46,2953,Celia,Judd,Corvenmoor,South,5
18:46,3419,Rhoda,Chalk,Wychcombe,South,30
18:46,3498,Jasper,Rook,Gloamford,South,35
18:46,3911,Leonard,Blythe,Gloamford,West,4
18:46,4185,Otto,Fawcett,Barrowdene,North,24
18:46,4204,Elias,Bainbridge,Pikesmere,East,24
18:46,4206,Beatrix,Kitson,Eelmarsh,North,25
18:46,4257,Esme,Webley,Mothwell,North,23
18:46,4514,Percy,Abbott,Eelmarsh,South,4
18:46,5433,Jude,Upton,Thistle Green,West,21
18:46,5630,Milo,Godwin,Barrowdene,South,13
18:46,5697,Nancy,Jessop,Thistle Green,West,20
18:46,5712,Lena,Bowden,Owlsgate,North,26
18:46,5744,Cora,Nancekivell,Corvenmoor,North,26
18:46,5928,Ivy,Fairley,Thistle Green,West,27
18:46,5990,Delia,Pocock,Eelmarsh,South,19
18:47,0891,Oscar,Wakely,Owlsgate,North,10
18:47,1200,Blanche,Bowden,Ashwick Fen,South,3
18:47,2470,Elsie,Chilton,Corvenmoor,North,10
18:47,2740,Oscar,Kaye,Corvenmoor,West,2
18:47,2834,Albert,Gosling,Underfell,North,33
18:47,3218,Hector,Kitson,Corvenmoor,East,15
18:47,3238,Dorian,Finlow,Thistle Green,East,22
18:47,3414,Willa,Osgood,Thistle Green,North,3
18:47,3476,Iris,Lowe,Barrowdene,South,6
18:47,3593,Xavier,Chilton,Hagstone,West,36
18:47,3724,Delia,Yelland,Corvenmoor,West,24
18:47,3788,Helena,Elwin,Pikesmere,East,2
18:47,3824,Wilbur,Welch,Mothwell,South,33
18:47,4015,Miriam,Yates,Thistle Green,North,2
18:47,4126,Linus,Hamblin,Wychcombe,North,20
18:47,4516,Hector,Abbott,Corvenmoor,West,4
18:47,4608,Annie,Tebbit,Hagstone,North,18
18:47,4681,Agnes,Lamb,Wychcombe,West,26
18:47,4743,Thea,Satchell,Corvenmoor,South,32
18:47,5069,Blanche,Witton,Thistle Green,West,30
18:47,5403,Nancy,Sefton,Wychcombe,West,3
18:47,5945,Dorian,Yelland,Fernhollow,West,2
18:48,0012,Nell,Sefton,Hagstone,East,4
18:48,0111,Lavinia,Padley,Pikesmere,West,23
18:48,0428,Cora,Ockley,Corvenmoor,North,28
18:48,0521,Elsie,Kaye,Ravensholt,East,36
18:48,0718,Esme,Dawes,Ravensholt,North,8
18:48,0831,Helena,Witton,Corvenmoor,East,21
18:48,1037,Morris,Bramble,Owlsgate,North,15
18:48,1096,Magnus,Jessop,Duskwater,South,6
18:48,1139,Philippa,Ramsay,Mothwell,West,18
18:48,1178,Pearl,Skelton,Gloamford,North,15
18:48,1277,Flora,Webley,Owlsgate,West,6
18:48,1340,Iris,Toms,Underfell,North,34
18:48,1470,Enid,Jessop,Wychcombe,East,30
18:48,1588,Barnaby,Rook,Mothwell,West,27
18:48,1788,Ivo,Gale,Thistle Green,East,11
18:48,1908,Phoebe,Eccles,Corvenmoor,West,13
18:48,1928,Lottie,Fenwick,Thistle Green,East,31
18:48,1936,Greta,Pickles,Thistle Green,North,22
18:48,2509,Annie,Toms,Mothwell,South,4
18:48,2652,Lucian,Eccles,Kettlewick,West,21
18:48,2932,Cora,Tolley,Kettlewick,West,7
18:48,3202,Rhoda,Gilbey,Hagstone,South,11
18:48,3936,Ezra,Barlow,Ashwick Fen,West,5
18:48,4032,Rhoda,Upton,Corvenmoor,West,10
18:48,4077,Lena,Venables,Mothwell,North,1
18:48,4190,Noel,Youll,Gloamford,South,15
18:48,4547,Alma,Orme,Corvenmoor,East,21
18:48,4872,Celia,Chalk,Duskwater,North,17
18:48,4887,Jonah,Sutton,Owlsgate,West,5
18:48,4923,Edmund,Nancekivell,Kettlewick,North,15
18:48,4979,Anna,Slade,Ashwick Fen,South,18
18:48,4980,Maisie,Welch,Corvenmoor,West,16
18:48,5534,Edgar,Webley,Thistle Green,North,28
18:48,5599,Hilda,Thwaite,Wychcombe,South,30
18:48,5739,Horace,Jessop,Gloamford,South,27
18:48,5815,Amos,Newbolt,Fernhollow,North,24
18:49,0177,Barnaby,Kaye,Corvenmoor,West,28
18:49,0179,Olive,Dawes,Kettlewick,West,27
18:49,0295,Nina,Brock,Gloamford,West,33
18:49,0566,Vera,Wedgwood,Eelmarsh,North,20
18:49,0870,Amos,Hobday,Kettlewick,West,20
18:49,0898,Ada,Rudd,Gloamford,South,18
18:49,0990,Celia,Venables,Hagstone,North,30
18:49,1005,Winnie,Nettles,Corvenmoor,West,27
18:49,1006,Iris,Shilton,Wychcombe,East,4
18:49,1452,Nancy,Wallis,Owlsgate,South,28
18:49,1500,Hector,Stokes,Eelmarsh,North,35
18:49,1547,Mabel,Heskett,Gloamford,South,18
18:49,1700,Willa,Coyle,Mothwell,North,19
18:49,1807,Annie,Oddie,Barrowdene,East,8
18:49,2256,Isaac,Lamb,Corvenmoor,North,16
18:49,2473,Tabitha,Abbott,Underfell,South,33
18:49,2767,Walter,Quick,Underfell,North,2
18:49,2802,Basil,Yates,Duskwater,North,26
18:49,2809,Clement,Tyson,Ashwick Fen,North,3
18:49,2843,Hector,Skelton,Gloamford,West,13
18:49,2990,Hannah,Mellish,Ravensholt,West,31
18:49,3070,Ruth,Mabbott,Wychcombe,North,32
18:49,3187,Elias,Welch,Ashwick Fen,West,12
18:49,3263,Ruth,Welch,Ashwick Fen,South,34
18:49,3477,Milo,Larkin,Wychcombe,West,6
18:49,3689,Oscar,Fawcett,Gloamford,North,3
18:49,3731,Isaac,Winslow,Corvenmoor,East,31
18:49,4120,Effie,Rudd,Thistle Green,South,27
18:49,4196,Ada,Shilton,Gloamford,South,12
18:49,4317,Quentin,Maddox,Barrowdene,North,12
18:49,4405,Imogen,Chilton,Pikesmere,North,34
18:49,4431,Arthur,Welch,Corvenmoor,West,34
18:49,4484,Zelda,Eccles,Pikesmere,East,9
18:49,4487,Tobias,Dunstan,Duskwater,West,8
18:49,4703,Willa,Hawley,Hagstone,South,8
18:49,4939,Selma,Keeling,Owlsgate,South,17
18:49,4983,Helena,Bramble,Barrowdene,South,28
18:49,5047,Rowan,Noakes,Pikesmere,North,27
18:49,5167,Percy,Skelton,Pikesmere,South,11
18:49,5461,Miriam,Quayle,Wychcombe,East,1
18:49,5574,Rowan,Jessop,Ashwick Fen,South,24
18:49,5609,Oscar,Hackett,Ravensholt,West,1
18:49,5911,Philippa,Winslow,Gloamford,West,23
18:49,5991,Basil,Barlow,Corvenmoor,West,30
18:50,0325,Harriet,Venables,Barrowdene,North,34
18:50,0526,Linus,Lumsden,Thistle Green,West,11
18:50,0570,Agnes,Jessop,Kettlewick,North,29
18:50,0622,Hannah,Lowe,Corvenmoor,East,25
18:50,0740,Marian,Bowden,Barrowdene,North,36
18:50,0975,Iris,Tyson,Pikesmere,East,8
18:50,1341,Clara,Coyle,Pikesmere,North,23
18:50,1486,Miriam,Digby,Duskwater,East,32
18:50,1561,Albert,Abbott,Corvenmoor,South,4
18:50,1709,Celia,Fenwick,Hagstone,South,24
18:50,2195,Blanche,Fenwick,Corvenmoor,East,17
18:50,2252,Oscar,Beck,Duskwater,North,25
18:50,2284,Milo,Ashby,Ashwick Fen,South,16
18:50,2380,Jonah,Ashby,Gloamford,North,9
18:50,2388,Myrtle,Vance,Mothwell,East,4
18:50,2410,Wilbur,Jessop,Kettlewick,North,32
18:50,2756,Vera,Lamb,Corvenmoor,West,4
18:50,2925,Agnes,Eccles,Underfell,West,25
18:50,3420,Maisie,Shilton,Ashwick Fen,West,12
18:50,3624,Walter,Padley,Fernhollow,West,22
18:50,3696,Greta,Bunting,Ravensholt,West,10
18:50,3750,Bertha,Sallis,Kettlewick,South,6
18:50,4179,Leonard,Burnell,Owlsgate,East,20
18:50,4227,Ivo,Skelton,Thistle Green,North,21
18:50,4311,Tabitha,Hobday,Ravensholt,South,30
18:50,4543,Cora,Sefton,Corvenmoor,West,11
18:50,4814,Nell,Pettit,Thistle Green,North,19
18:50,4877,Esme,Gosling,Eelmarsh,North,22
18:50,5171,Oscar,Tolley,Owlsgate,West,36
18:50,5193,Maud,Toms,Eelmarsh,West,5
18:50,5575,Wilbur,Meakin,Thistle Green,North,2
18:50,5611,Lavinia,Hobday,Corvenmoor,East,33
18:51,0041,Pearl,Vance,Wychcombe,South,17
18:51,0256,Delia,Finlow,Thistle Green,West,28
18:51,0539,Elias,Lamb,Hagstone,West,18
18:51,0797,Fabian,Webley,Hagstone,West,30
18:51,0942,Celia,Mosley,Gloamford,East,33
18:51,0977,Miriam,Pickles,Mothwell,South,7
18:51,1061,Imogen,Elwin,Fernhollow,North,15
18:51,1270,Linus,Gilbey,Owlsgate,North,26
18:51,1378,Dora,Rudd,Thistle Green,North,2
18:51,1380,Gideon,Kitson,Gloamford,South,24
18:51,1609,Edith,Maddox,Hagstone,South,36
18:51,1824,Ada,Wedgwood,Gloamford,East,14
18:51,1934,Nina,Bowden,Mothwell,North,22
18:51,2076,Basil,Satchell,Ashwick Fen,South,26
18:51,2162,Cyril,Lamb,Corvenmoor,North,12
18:51,2178,Vera,Haldane,Ravensholt,South,20
18:51,2250,Vera,Hunnam,Hagstone,North,2
18:51,2263,Linus,Nuttall,Mothwell,West,8
18:51,2287,Amos,Pennick,Underfell,South,34
18:51,2328,Ezra,Redfern,Corvenmoor,North,23
18:51,2575,Bernard,Fawcett,Mothwell,East,6
18:51,2639,Hilda,Pocock,Duskwater,South,25
18:51,2709,Horace,Cobbold,Ashwick Fen,North,9
18:51,2924,Harriet,Blythe,Eelmarsh,East,10
18:51,2942,Bertha,Wolstenholme,Corvenmoor,West,15
18:51,2987,Sadie,Fenwick,Mothwell,South,31
18:51,3466,Enid,Brock,Owlsgate,North,31
18:51,3975,Lucian,Noakes,Pikesmere,South,24
18:51,4073,Elsie,Upton,Pikesmere,East,12
18:51,4342,Esme,Fawcett,Corvenmoor,South,31
18:51,4375,Ivy,Phelps,Wychcombe,East,5
18:51,4458,Effie,Cobbold,Duskwater,North,34
18:51,4499,Zelda,Nuttall,Corvenmoor,North,12
18:51,4646,Hector,Wedgwood,Ravensholt,South,21
18:51,5031,Percy,Clegg,Ravensholt,North,33
18:51,5202,Cyril,Tebbit,Corvenmoor,East,18
18:51,5307,Zelda,Noakes,Owlsgate,East,19
18:51,5564,Oscar,Dawes,Corvenmoor,North,30
18:51,5626,Beatrix,Bunting,Corvenmoor,East,17
18:52,0165,Agnes,Kitson,Fernhollow,North,7
18:52,0268,Pip,Yelland,Corvenmoor,East,8
18:52,0858,Nora,Slade,Gloamford,North,36
18:52,1209,Lena,Chalk,Thistle Green,South,8
18:52,1760,Willa,Mellish,Wychcombe,West,25
18:52,2099,Elias,Shilton,Wychcombe,North,29
18:52,2104,Lydia,Wolstenholme,Gloamford,South,28
18:52,2285,Nora,Wilmot,Barrowdene,West,15
18:52,2428,Lena,Wilmot,Kettlewick,South,7
18:52,2483,Imogen,Tasker,Corvenmoor,East,33
18:52,2689,Ruth,Swales,Corvenmoor,West,9
18:52,2977,Myrtle,Larkin,Duskwater,West,32
18:52,2994,Bertha,Webley,Fernhollow,North,27
18:52,3799,Tobias,Cobbold,Duskwater,West,30
18:52,3908,Amos,Oddie,Fernhollow,West,1
18:52,3969,Nina,Plumb,Ravensholt,East,7
18:52,4053,Willa,Pellow,Hagstone,North,2
18:52,4320,Philippa,Pennick,Kettlewick,North,26
18:52,4418,Gwen,Tebbit,Fernhollow,North,23
18:52,4869,Edmund,Tebbit,Corvenmoor,South,7
18:52,5229,Augusta,Bramble,Fernhollow,West,19
18:52,5432,Edith,Bainbridge,Eelmarsh,West,19
18:52,5624,Ivy,Newbolt,Eelmarsh,North,36
18:52,5972,Rowan,Tebbit,Ashwick Fen,South,27
18:53,0016,Dora,Hunnam,Ashwick Fen,South,12
18:53,0242,Nell,Mosley,Barrowdene,North,15
18:53,0296,Alma,Sefton,Ashwick Fen,South,26
18:53,0410,Basil,Finlow,Fernhollow,West,21
18:53,0540,Leonard,Ockley,Barrowdene,North,1
18:53,0646,Percy,Kitson,Eelmarsh,East,24
18:53,0768,Silas,Bowden,Duskwater,East,19
18:53,0808,Gideon,Witton,Hagstone,East,31
18:53,0979,Nancy,Plumb,Thistle Green,East,4
18:53,1069,Kit,Slade,Eelmarsh,North,7
18:53,1232,Noel,Fenwick,Fernhollow,West,35
18:53,1265,Albert,Skelton,Corvenmoor,West,22
18:53,1269,Phoebe,Bramble,Thistle Green,South,26
18:53,1431,Walter,Keeling,Mothwell,West,29
18:53,1440,Gideon,Vance,Duskwater,East,10
18:53,1694,Agnes,Wolstenholme,Corvenmoor,North,19
18:53,2053,Sybil,Maddox,Pikesmere,South,21
18:53,2430,Lavinia,Wakely,Mothwell,East,25
18:53,2597,Viola,Finlow,Barrowdene,East,17
18:53,2704,Augusta,Mabbott,Eelmarsh,North,23
18:53,3156,Ursula,Hawley,Pikesmere,North,16
18:53,3329,Maisie,Pettit,Kettlewick,West,23
18:53,4009,Edmund,Hobday,Corvenmoor,East,3
18:53,4174,Ruth,Wolstenholme,Corvenmoor,South,12
18:53,4303,Ezra,Haldane,Duskwater,North,16
18:53,4409,Martha,Youll,Corvenmoor,West,24
18:53,4645,Gwen,Godwin,Hagstone,North,31
18:53,4678,Greta,Gosling,Fernhollow,North,18
18:53,4728,Magnus,Dawes,Eelmarsh,East,11
18:53,5405,Beatrix,Mosley,Corvenmoor,West,18
18:53,5479,Vera,Gale,Hagstone,West,35
18:53,5529,Greta,Mellish,Kettlewick,South,13
18:53,5619,Lena,Tyson,Pikesmere,West,10
18:53,5975,Thea,Vance,Barrowdene,East,10
18:54,0607,Beatrix,Hollis,Ravensholt,West,32
18:54,1160,Walter,Eccles,Mothwell,North,25
18:54,1375,Constance,Nettles,Hagstone,West,15
18:54,1475,Vera,Osgood,Underfell,North,19
18:54,1484,Constance,Orme,Owlsgate,East,6
18:54,1630,Morris,Rudd,Wychcombe,North,5
18:54,1637,Ivy,Bunting,Hagstone,East,4
18:54,1678,Oscar,Burnell,Corvenmoor,South,25
18:54,1866,Dora,Mabbott,Corvenmoor,East,17
18:54,1887,Constance,Fenwick,Mothwell,South,6
18:54,1953,Vera,Fenwick,Wychcombe,North,27
18:54,2158,Noel,Kitson,Eelmarsh,North,35
18:54,2184,Isabel,Quick,Wychcombe,North,11
18:54,2661,Beatrix,Mellish,Wychcombe,West,35
18:54,2781,Bernard,Upton,Hagstone,South,14
18:54,2973,Edgar,Quick,Corvenmoor,West,18
18:54,3027,Noel,Tebbit,Corvenmoor,West,30
18:54,3036,Leonard,Chalk,Duskwater,North,5
18:54,3117,Constance,Shilton,Hagstone,North,20
18:54,3413,Noel,Tuckey,Underfell,South,6
18:54,3530,Greta,Larkin,Corvenmoor,North,7
18:54,3676,Bertha,Haldane,Owlsgate,West,16
18:54,3710,Harriet,Winslow,Hagstone,South,20
18:54,3712,Blanche,Wolstenholme,Underfell,North,6
18:54,3721,Kit,Nettles,Barrowdene,West,1
18:54,3820,Elsie,Lowe,Ashwick Fen,South,10
18:54,4075,Ruth,Bunting,Barrowdene,North,3
18:54,4321,Agnes,Beck,Corvenmoor,North,36
18:54,4475,Linus,Gosling,Owlsgate,West,8
18:54,4692,Sadie,Ibbott,Duskwater,East,9
18:54,5090,Ivy,Toms,Fernhollow,North,19
18:54,5280,Edmund,Quayle,Thistle Green,West,10
18:54,5407,Silas,Hollis,Owlsgate,East,36
18:54,5495,Edmund,Napier,Fernhollow,South,23
18:55,0147,Leonard,Hobday,Fernhollow,North,32
18:55,0231,Lena,Larkin,Corvenmoor,East,14
18:55,1048,Effie,Bramble,Wychcombe,North,33
18:55,1116,Philippa,Tasker,Corvenmoor,West,30
18:55,1290,Linus,Chalk,Eelmarsh,North,26
18:55,1331,Mercy,Slade,Corvenmoor,East,23
18:55,1352,Sybil,Hobday,Barrowdene,West,18
18:55,1775,Hannah,Kaye,Wychcombe,West,31
18:55,2116,Alma,Tyson,Corvenmoor,South,27
18:55,2303,Rosa,Brock,Gloamford,East,9
18:55,2404,Clement,Noakes,Fernhollow,South,15
18:55,2467,Hector,Napier,Fernhollow,North,6
18:55,2560,Rowan,Padley,Eelmarsh,West,31
18:55,2594,Otto,Ramsay,Ravensholt,East,19
18:55,2662,Nancy,Venables,Gloamford,West,27
18:55,2665,Morris,Lowe,Eelmarsh,North,13
18:55,3063,Edgar,Pettit,Barrowdene,North,24
18:55,3123,Lottie,Stokes,Corvenmoor,West,1
18:55,3151,Imogen,Chalk,Eelmarsh,West,10
18:55,3590,Edgar,Tolley,Barrowdene,South,29
18:55,3813,Grace,Dunstan,Corvenmoor,East,11
18:55,3885,Tabitha,Fawcett,Hagstone,South,22
18:55,4011,Marian,Abbott,Mothwell,North,14
18:55,4148,Dora,Vance,Fernhollow,North,36
18:55,4344,Rowan,Pellow,Underfell,East,10
18:55,4425,Annie,Clegg,Wychcombe,North,11
18:55,4501,Dahlia,Swales,Pikesmere,East,8
18:55,4916,Tabitha,Hackett,Gloamford,South,1
18:55,4931,Wilbur,Ashby,Corvenmoor,North,31
18:55,5027,Josie,Swales,Corvenmoor,East,10
18:55,5293,Bernard,Winslow,Wychcombe,East,35
18:55,5631,Bertha,Noakes,Corvenmoor,South,6
18:55,5684,Rosa,Hamblin,Corvenmoor,East,9
18:55,5833,Rosa,Wallis,Barrowdene,East,27
18:56,0122,Dora,Napier,Ravensholt,West,29
18:56,0138,Albert,Maddox,Mothwell,North,5
18:56,0167,Ivy,Noakes,Corvenmoor,South,28
18:56,0249,Celia,Dunstan,Duskwater,South,7
18:56,0557,Ada,Witton,Corvenmoor,East,28
18:56,0597,Lottie,Hamblin,Ravensholt,North,18
18:56,0666,Ada,Raikes,Fernhollow,South,28
18:56,0702,Vera,Plumb,Wychcombe,East,12
18:56,0929,Percy,Padley,Ravensholt,West,13
18:56,0959,Leonard,Bramble,Corvenmoor,West,14
18:56,1118,Selma,Yelland,Duskwater,South,36
18:56,1156,Fabian,Hawley,Ravensholt,West,31
18:56,1214,Dora,Hollis,Ashwick Fen,South,2
18:56,1741,Elsie,Nancekivell,Mothwell,North,1
18:56,1774,Beatrix,Tyson,Hagstone,South,29
18:56,1817,Freda,Yelland,Pikesmere,North,14
18:56,1846,Arthur,Chilton,Corvenmoor,North,18
18:56,1889,Rowan,Upton,Corvenmoor,West,4
18:56,1912,Lavinia,Skelton,Ashwick Fen,South,31
18:56,2087,Gwen,Brock,Corvenmoor,East,12
18:56,2323,Harriet,Mellish,Underfell,South,36
18:56,2338,Leonard,Barlow,Duskwater,North,15
18:56,2416,Gwen,Pellow,Gloamford,West,27
18:56,2517,Magnus,Heskett,Corvenmoor,South,4
18:56,2566,Noel,Quick,Pikesmere,East,7
18:56,2703,Winnie,Plumb,Barrowdene,North,13
18:56,2713,Willa,Chalk,Thistle Green,North,31
18:56,2889,Oscar,Youll,Thistle Green,North,15
18:56,2906,Pip,Ockley,Kettlewick,South,29
18:56,3111,Ivo,Eccles,Owlsgate,South,15
18:56,3188,Celia,Godwin,Kettlewick,South,21
18:56,3213,Selma,Tebbit,Underfell,East,29
18:56,3222,Mercy,Mellish,Gloamford,South,11
18:56,3437,Ezra,Wallis,Underfell,North,7
18:56,3460,Ivy,Dunstan,Ravensholt,South,26
18:56,3461,Pearl,Gosling,Mothwell,North,18
18:56,3618,Flora,Ramsay,Gloamford,West,29
18:56,3875,Fabian,Slade,Pikesmere,North,24
18:56,4175,Helena,Mellish,Pikesmere,South,18
18:56,4209,Anna,Toms,Fernhollow,East,10
18:56,4396,Beatrix,Dawes,Ravensholt,North,5
18:56,4491,Ruth,Newbolt,Corvenmoor,North,23
18:56,4735,Kit,Witton,Kettlewick,West,27
18:56,4819,Nora,Pettit,Corvenmoor,East,22
18:56,5183,Gwen,Orme,Duskwater,East,24
18:56,5237,Winnie,Tebbit,Ravensholt,East,17
18:56,5291,Rowan,Ibbott,Ravensholt,West,9
18:56,5325,Kit,Cobbold,Fernhollow,South,35
18:56,5737,Arthur,Barlow,Corvenmoor,North,11
18:56,5766,Nell,Meakin,Duskwater,West,4
18:57,0062,Clement,Tasker,Gloamford,South,3
18:57,0067,Alma,Brock,Duskwater,West,29
18:57,0172,Arthur,Tebbit,Hagstone,East,36
18:57,0320,Barnaby,Webley,Pikesmere,South,36
18:57,0371,Amos,Swales,Pikesmere,North,32
18:57,0372,Edith,Ramsay,Hagstone,West,9
18:57,0430,Tobias,Slade,Ravensholt,East,21
18:57,0586,Dora,Bunting,Corvenmoor,West,26
18:57,0860,Morris,Noakes,Eelmarsh,North,5
18:57,1400,Basil,Lowe,Duskwater,South,31
18:57,1410,Miriam,Coyle,Fernhollow,East,26
18:57,1531,Arthur,Clegg,Corvenmoor,South,11
18:57,1719,Gwen,Fawcett,Corvenmoor,South,6
18:57,1727,Lavinia,Orme,Wychcombe,West,16
18:57,1808,Otto,Onslow,Wychcombe,West,23
18:57,1967,Jude,Hawley,Hagstone,North,30
18:57,2017,Sybil,Sefton,Barrowdene,South,14
18:57,2446,Mercy,Jessop,Duskwater,North,23
18:57,2779,Nora,Youll,Ravensholt,West,18
18:57,2842,Marian,Nettles,Corvenmoor,East,5
18:57,3298,Isabel,Tasker,Mothwell,West,32
18:57,3812,Imogen,Beck,Ashwick Fen,West,15
18:57,4222,Basil,Brock,Corvenmoor,North,11
18:57,4448,Dahlia,Noakes,Underfell,North,31
18:57,4490,Marian,Skelton,Corvenmoor,West,33
18:57,4538,Jonah,Abbott,Mothwell,West,3
18:57,4612,Clara,Noakes,Underfell,West,20
18:57,4635,Bertha,Kitson,Corvenmoor,West,27
18:57,4722,Alma,Burnell,Ravensholt,East,36
18:57,4881,Morris,Tyson,Corvenmoor,North,19
18:57,4932,Lena,Wolstenholme,Wychcombe,West,16
18:57,5188,Lydia,Toms,Ashwick Fen,South,12
18:57,5426,Zelda,Lamb,Mothwell,North,33
18:57,5834,Constance,Tolley,Underfell,North,32
18:57,5839,Quentin,Meakin,Eelmarsh,East,23
18:57,5858,Gwen,Winslow,Corvenmoor,North,19
18:58,0101,Rowan,Twigg,Mothwell,East,19
18:58,0260,Morris,Blythe,Barrowdene,East,3
18:58,1167,Enid,Youll,Barrowdene,South,20
18:58,1644,Edgar,Pennick,Fernhollow,East,5
18:58,1765,Agnes,Yelland,Corvenmoor,North,33
18:58,1926,Mabel,Satchell,Mothwell,West,26
18:58,1976,Percy,Satchell,Underfell,East,17
18:58,2035,Edmund,Yates,Ashwick Fen,South,27
18:58,2249,Pip,Hawley,Eelmarsh,South,15
18:58,2334,Nancy,Abbott,Eelmarsh,West,35
18:58,2395,Tobias,Swales,Thistle Green,East,18
18:58,2636,Quentin,Wallis,Ashwick Fen,South,33
18:58,2638,Quentin,Tuckey,Kettlewick,West,36
18:58,2789,Elsie,Wallis,Corvenmoor,West,28
18:58,2864,Otto,Gale,Owlsgate,North,1
18:58,2999,Sybil,Ramsay,Owlsgate,South,33
18:58,4082,Augusta,Ramsay,Thistle Green,North,29
18:58,4159,Wilbur,Bramble,Hagstone,East,3
18:58,4261,Nancy,Blythe,Corvenmoor,North,13
18:58,4276,Nell,Fairley,Underfell,North,22
18:58,4324,Rhoda,Slade,Mothwell,East,3
18:58,4462,Pearl,Fenwick,Wychcombe,North,27
18:58,4611,Alma,Tasker,Owlsgate,North,6
18:58,4721,Gwen,Hamblin,Corvenmoor,South,24
18:58,4947,Ada,Clegg,Kettlewick,West,25
18:58,4971,Dorian,Cobbold,Underfell,North,19
18:58,5276,Clara,Judd,Corvenmoor,East,32
18:58,5447,Albert,Tolley,Duskwater,North,7
18:58,5525,Winnie,Ockley,Ashwick Fen,North,18
18:58,5794,Helena,Welch,Ravensholt,North,6
18:59,0081,Cyril,Tuckey,Ashwick Fen,North,31
18:59,0097,Xavier,Judd,Pikesmere,South,22
18:59,0217,Agnes,Slade,Thistle Green,East,1
18:59,0234,Josie,Nettles,Mothwell,West,32
18:59,0247,Enid,Sefton,Corvenmoor,East,11
18:59,0288,Walter,Wilmot,Pikesmere,East,27
18:59,0571,Ida,Maddox,Hagstone,West,15
18:59,0576,Linus,Barlow,Corvenmoor,West,30
18:59,0683,Silas,Hackett,Barrowdene,North,33
18:59,0980,Ivy,Wolstenholme,Underfell,South,21
18:59,1148,Mercy,Maddox,Kettlewick,South,20
18:59,1432,Leonard,Thwaite,Corvenmoor,East,22
18:59,1456,Lydia,Jessop,Ashwick Fen,East,27
18:59,1606,Jasper,Monk,Duskwater,West,19
18:59,1667,Milo,Wilmot,Wychcombe,North,1
18:59,1716,Silas,Elwin,Corvenmoor,South,1
18:59,2004,Leonard,Clegg,Ravensholt,East,19
18:59,2771,Vera,Swales,Thistle Green,South,17
18:59,2823,Constance,Fawcett,Fernhollow,West,35
18:59,2851,Dora,Rook,Underfell,South,6
18:59,2884,Flora,Gale,Wychcombe,South,17
18:59,3235,Ivy,Hollis,Hagstone,North,31
18:59,3311,Grace,Mellish,Thistle Green,East,6
18:59,3381,Milo,Blythe,Owlsgate,South,16
18:59,3628,Fabian,Judd,Hagstone,North,8
18:59,4074,Delia,Bunting,Mothwell,North,35
18:59,4359,Hilda,Orme,Fernhollow,East,33
18:59,4364,Selma,Rook,Fernhollow,North,34
18:59,4687,Rhoda,Clegg,Underfell,East,11
18:59,4716,Lavinia,Bunting,Fernhollow,East,19
18:59,4757,Maud,Jessop,Barrowdene,South,35
18:59,4763,Milo,Welch,Gloamford,West,27
18:59,4968,Dora,Dunstan,Owlsgate,East,35
18:59,5001,Bella,Bramble,Gloamford,East,7
18:59,5043,Celia,Elwin,Owlsgate,South,20
18:59,5103,Rhoda,Youll,Kettlewick,East,19
18:59,5288,Hilda,Witton,Hagstone,West,22
18:59,5363,Viola,Chilton,Corvenmoor,West,18
18:59,5390,Sybil,Tasker,Corvenmoor,West,12
18:59,5501,Bella,Lamb,Fernhollow,North,19
18:59,5965,Dora,Sutton,Corvenmoor,South,24
18:59,5970,Arthur,Judd,Mothwell,South,6
18:59,5983,Ruth,Barlow,Duskwater,East,29
19:00,0404,Olive,Plumb,Corvenmoor,South,30
19:00,0543,Magnus,Witton,Corvenmoor,West,15
19:00,0657,Sybil,Oddie,Ravensholt,East,15
19:00,0662,Freda,Toms,Hagstone,East,14
19:00,0720,Hilda,Lamb,Corvenmoor,North,26
19:00,0843,Noel,Rook,Hagstone,North,1
19:00,1032,Ivo,Witton,Kettlewick,North,11
19:00,1052,Gwen,Elwin,Thistle Green,North,15
19:00,1351,Edith,Phelps,Duskwater,West,18
19:00,1596,Fabian,Satchell,Ashwick Fen,East,30
19:00,1960,Thea,Maddox,Eelmarsh,East,27
19:00,1984,Alma,Meakin,Wychcombe,East,6
19:00,2024,Mercy,Haldane,Pikesmere,East,22
19:00,2159,Linus,Clegg,Ashwick Fen,North,32
19:00,3142,Ivy,Burnell,Ravensholt,East,19
19:00,3195,Elsie,Hawley,Corvenmoor,South,13
19:00,3443,Viola,Wilmot,Hagstone,West,13
19:00,3552,Horace,Abbott,Owlsgate,South,31
19:00,3568,Rhoda,Shilton,Corvenmoor,East,22
19:00,4095,Phoebe,Gale,Corvenmoor,South,6
19:00,4216,Nora,Rook,Owlsgate,East,10
19:00,4673,Jonah,Venables,Barrowdene,East,33
19:00,4848,Otto,Nettles,Duskwater,South,11
19:00,4955,Lavinia,Chilton,Kettlewick,North,24
19:00,5285,Edmund,Oddie,Barrowdene,North,1
19:00,5361,Delia,Osgood,Owlsgate,North,24
19:00,5536,Greta,Quayle,Ravensholt,West,21
19:00,5728,Esme,Welch,Corvenmoor,West,26
19:00,5845,Leonard,Youll,Owlsgate,North,31
19:00,5862,Wilbur,Hollis,Wychcombe,South,22
19:01,0079,Ezra,Kaye,Ravensholt,East,19
19:01,0291,Iris,Hackett,Eelmarsh,West,35
19:01,0421,Esme,Kaye,Barrowdene,South,14
19:01,0505,Nell,Jessop,Mothwell,North,21
19:01,0600,Bernard,Bunting,Corvenmoor,East,17
19:01,0824,Effie,Monk,Gloamford,West,35
19:01,1009,Nina,Heskett,Corvenmoor,North,17
19:01,1102,Lucian,Upton,Mothwell,East,25
19:01,1464,Greta,Fairley,Eelmarsh,East,1
19:01,1520,Agnes,Tolley,Corvenmoor,East,2
19:01,1605,Clement,Welch,Corvenmoor,North,33
19:01,1618,Miriam,Tebbit,Ashwick Fen,West,18
19:01,2027,Quentin,Vance,Gloamford,West,1
19:01,2168,Bernard,Gilbey,Pikesmere,West,30
19:01,2210,Milo,Tasker,Barrowdene,North,21
19:01,2343,Augusta,Abbott,Owlsgate,East,36
19:01,2355,Thea,Hobday,Fernhollow,West,1
19:01,2515,Philippa,Phelps,Gloamford,West,15
19:01,2564,Lena,Brock,Eelmarsh,West,1
19:01,2793,Ruth,Fairley,Pikesmere,North,17
19:01,2883,Leonard,Shilton,Underfell,West,20
19:01,3049,Edgar,Sefton,Kettlewick,South,15
19:01,3128,Wilbur,Keeling,Fernhollow,West,33
19:01,3190,Zelda,Hollis,Underfell,East,29
19:01,3232,Linus,Lamb,Corvenmoor,East,7
19:01,3366,Amos,Elwin,Ashwick Fen,North,10
19:01,3554,Pip,Gale,Mothwell,West,33
19:01,3739,Helena,Sefton,Thistle Green,West,27
19:01,3889,Nora,Maddox,Gloamford,North,32
19:01,3891,Sybil,Kitson,Pikesmere,West,22
19:01,3939,Helena,Hobday,Eelmarsh,South,16
19:01,3943,Percy,Dunstan,Duskwater,North,7
19:01,3981,Jasper,Sefton,Corvenmoor,South,23
19:01,4131,Ivy,Witton,Kettlewick,East,29
19:01,4214,Vera,Bowden,Corvenmoor,West,30
19:01,4248,Flora,Thwaite,Owlsgate,West,14
19:01,4649,Nell,Wakely,Underfell,West,14
19:01,4659,Edgar,Tebbit,Wychcombe,North,26
19:01,4774,Quentin,Tolley,Duskwater,East,23
19:01,4936,Ursula,Wedgwood,Corvenmoor,East,13
19:01,5051,Annie,Chilton,Corvenmoor,North,17
19:01,5114,Nell,Witton,Owlsgate,South,3
19:01,5222,Ada,Toms,Kettlewick,West,3
19:01,5421,Jonah,Lowe,Hagstone,North,23
19:01,5464,Miriam,Bainbridge,Corvenmoor,South,18
19:01,5703,Thea,Dunstan,Hagstone,East,21
19:01,5761,Martha,Pocock,Owlsgate,South,18
19:01,5811,Lavinia,Brock,Pikesmere,South,26
19:01,5855,Greta,Upton,Hagstone,North,20
19:01,5887,Oscar,Sutton,Fernhollow,South,29
19:01,5923,Thea,Jessop,Thistle Green,North,11
19:01,5934,Clement,Maddox,Ravensholt,East,32
19:02,0103,Linus,Finlow,Gloamford,East,34
19:02,0214,Zelda,Gosling,Owlsgate,East,31
19:02,0266,Philippa,Pellow,Ravensholt,East,17
19:02,0395,Gwen,Napier,Kettlewick,North,18
19:02,0854,Constance,Gale,Corvenmoor,South,15
19:02,0866,Zelda,Tasker,Underfell,West,31
19:02,0871,Arthur,Hackett,Hagstone,West,15
19:02,0882,Rhoda,Satchell,Corvenmoor,South,11
19:02,1002,Ivy,Hackett,Kettlewick,East,12
19:02,1098,Morris,Winslow,Duskwater,South,29
19:02,1312,Marian,Quayle,Mothwell,West,15
19:02,1492,Flora,Tebbit,Fernhollow,South,22
19:02,1756,Percy,Chilton,Fernhollow,East,1
19:02,2082,Blanche,Winslow,Corvenmoor,South,21
19:02,2105,Enid,Lamb,Pikesmere,East,8
19:02,2313,Lena,Hawley,Owlsgate,North,12
19:02,2721,Maud,Tolley,Hagstone,South,15
19:02,2957,Alma,Chalk,Hagstone,West,14
19:02,3059,Philippa,Quick,Ravensholt,West,26
19:02,3314,Lucian,Digby,Hagstone,West,16
19:02,3492,Celia,Bainbridge,Mothwell,North,25
19:02,3517,Rosa,Godwin,Gloamford,West,34
19:02,3684,Thea,Hunnam,Gloamford,East,29
19:02,3735,Ivy,Rook,Corvenmoor,West,29
19:02,3871,Dahlia,Monk,Gloamford,North,31
19:02,3922,Willa,Tasker,Corvenmoor,West,11
19:02,3944,Greta,Noakes,Thistle Green,South,30
19:02,4071,Linus,Meakin,Hagstone,North,28
19:02,4247,Lena,Pocock,Corvenmoor,North,19
19:02,4253,Fabian,Witton,Gloamford,South,1
19:02,4550,Kit,Gilbey,Wychcombe,South,23
19:02,4705,Jonah,Bainbridge,Kettlewick,North,10
19:02,5330,Dorian,Skelton,Wychcombe,North,18
19:02,5398,Maud,Wedgwood,Ashwick Fen,South,11
19:02,5469,Magnus,Gilbey,Corvenmoor,North,21
19:02,5677,Effie,Onslow,Kettlewick,South,3
19:02,5760,Elsie,Witton,Eelmarsh,North,30
19:03,0202,Tobias,Rudd,Corvenmoor,South,14
19:03,0399,Iris,Bowden,Corvenmoor,East,19
19:03,0447,Constance,Coyle,Wychcombe,North,5
19:03,0633,Olive,Witton,Eelmarsh,West,33
19:03,0924,Oscar,Yates,Ashwick Fen,West,19
19:03,0962,Linus,Judd,Corvenmoor,East,9
19:03,1112,Magnus,Mellish,Corvenmoor,South,18
19:03,1194,Pip,Raikes,Ravensholt,North,10
19:03,1198,Ada,Beck,Owlsgate,East,28
19:03,1285,Blanche,Kitson,Underfell,South,9
19:03,1682,Bella,Burnell,Underfell,North,30
19:03,1734,Lucian,Nettles,Underfell,East,34
19:03,1841,Cora,Gale,Ravensholt,East,19
19:03,1946,Constance,Swales,Ravensholt,East,21
19:03,2049,Rowan,Coyle,Owlsgate,East,9
19:03,2201,Ida,Osgood,Mothwell,South,27
19:03,2850,Percy,Ibbott,Mothwell,West,4
19:03,2866,Enid,Clegg,Corvenmoor,East,24
19:03,3306,Enid,Witton,Ashwick Fen,East,11
19:03,3428,Ruth,Judd,Corvenmoor,West,34
19:03,3559,Harriet,Kaye,Thistle Green,North,17
19:03,3882,Hilda,Wedgwood,Wychcombe,West,27
19:03,3888,Beatrix,Hobday,Corvenmoor,North,1
19:03,4028,Willa,Clegg,Thistle Green,North,7
19:03,4061,Imogen,Yelland,Gloamford,South,9
19:03,4605,Ruth,Wilmot,Underfell,West,13
19:03,4775,Myrtle,Kitson,Corvenmoor,South,15
19:03,4908,Horace,Pennick,Hagstone,South,12
19:03,5339,Morris,Sutton,Corvenmoor,North,34
19:03,5502,Hannah,Pettit,Hagstone,North,32
19:03,5607,Gwen,Digby,Kettlewick,South,5
19:03,5778,Myrtle,Keeling,Eelmarsh,East,35
19:03,5850,Nina,Lowe,Eelmarsh,South,35
19:04,0276,Winnie,Raikes,Wychcombe,South,10
19:04,0362,Albert,Stokes,Kettlewick,North,17
19:04,0516,Anna,Fairley,Fernhollow,South,33
19:04,0899,Maisie,Osgood,Gloamford,West,8
19:04,0968,Lottie,Judd,Kettlewick,South,27
19:04,0981,Hector,Pennick,Corvenmoor,West,18
19:04,0985,Otto,Ibbott,Duskwater,East,28
19:04,1003,Nora,Quick,Gloamford,South,18
19:04,1072,Marian,Thwaite,Ravensholt,West,32
19:04,1322,Grace,Fawcett,Hagstone,South,12
19:04,1390,Xavier,Napier,Gloamford,East,20
19:04,1524,Magnus,Noakes,Hagstone,West,32
19:04,1704,Mercy,Oddie,Thistle Green,West,27
19:04,1766,Lottie,Toms,Gloamford,East,36
19:04,2000,Isaac,Hamblin,Corvenmoor,South,2
19:04,2031,Cedric,Redfern,Corvenmoor,North,4
19:04,2199,Vera,Thwaite,Corvenmoor,South,3
19:04,2207,Lena,Sefton,Corvenmoor,West,7
19:04,2539,Clara,Witton,Wychcombe,South,10
19:04,2710,Otto,Mosley,Underfell,East,27
19:04,2734,Tobias,Pellow,Corvenmoor,West,5
19:04,2979,Nora,Fairley,Underfell,North,20
19:04,3078,Edmund,Ashby,Ravensholt,South,4
19:04,3502,Esme,Dabney,Hagstone,East,34
19:04,3527,Nancy,Thwaite,Kettlewick,East,26
19:04,3543,Miriam,Finlow,Pikesmere,East,1
19:04,3586,Grace,Pellow,Barrowdene,West,2
19:04,3614,Imogen,Bramble,Thistle Green,North,13
19:04,3756,Walter,Tyson,Hagstone,East,17
19:04,3842,Magnus,Sefton,Ashwick Fen,West,33
19:04,4160,Tabitha,Wakely,Mothwell,North,21
19:04,4756,Bella,Clegg,Eelmarsh,South,35
19:04,4772,Linus,Thwaite,Fernhollow,North,34
19:04,4797,Mercy,Shilton,Hagstone,East,19
19:04,4875,Barnaby,Fairley,Pikesmere,South,30
19:04,5304,Cora,Yelland,Underfell,East,30
19:04,5423,Nina,Osgood,Fernhollow,West,10
19:04,5468,Lena,Nancekivell,Wychcombe,South,14
19:04,5988,Ruth,Yates,Thistle Green,South,3
19:05,0438,Jasper,Judd,Barrowdene,South,8
19:05,0450,Beatrix,Hawley,Corvenmoor,South,35
19:05,0490,Willa,Bowden,Ravensholt,South,31
19:05,0653,Nina,Coates,Pikesmere,West,19
19:05,0780,Jude,Gosling,Corvenmoor,South,10
19:05,0915,Grace,Lamb,Owlsgate,South,21
19:05,1395,Silas,Plumb,Duskwater,East,11
19:05,1590,Morris,Wilmot,Eelmarsh,South,9
19:05,1692,Flora,Witton,Barrowdene,North,21
19:05,1736,Elsie,Ashby,Wychcombe,East,30
19:05,2223,Edmund,Bramble,Gloamford,South,7
19:05,3247,Magnus,Barlow,Owlsgate,North,6
19:05,3285,Nancy,Dawes,Corvenmoor,North,22
19:05,3485,Zelda,Dawes,Ravensholt,West,20
19:05,3846,Magnus,Lowe,Ashwick Fen,South,1
19:05,3949,Sybil,Webley,Duskwater,North,3
19:05,4492,Milo,Finlow,Gloamford,East,29
19:05,4576,Nell,Pennick,Corvenmoor,North,29
19:05,4578,Basil,Dabney,Corvenmoor,West,26
19:05,4587,Kit,Hobday,Owlsgate,East,2
19:05,4789,Arthur,Rook,Wychcombe,East,12
19:05,4837,Ruth,Larkin,Ravensholt,East,11
19:05,5065,Basil,Noakes,Duskwater,West,29
19:05,5217,Elsie,Jessop,Pikesmere,West,31
19:05,5508,Nancy,Pellow,Wychcombe,West,36
19:05,5566,Josie,Venables,Owlsgate,North,3
19:05,5747,Willa,Padley,Corvenmoor,West,12
19:05,5813,Miriam,Pocock,Corvenmoor,South,30
19:06,0082,Ursula,Thwaite,Wychcombe,South,2
19:06,0534,Dahlia,Larkin,Corvenmoor,South,5
19:06,0834,Rosa,Heskett,Wychcombe,North,8
19:06,1931,Tobias,Larkin,Corvenmoor,East,1
19:06,1970,Imogen,Heskett,Corvenmoor,West,5
19:06,2066,Alma,Beck,Corvenmoor,North,18
19:06,2183,Lena,Elwin,Corvenmoor,North,19
19:06,2460,Willa,Dunstan,Underfell,East,18
19:06,2585,Basil,Hobday,Eelmarsh,South,30
19:06,2622,Mercy,Gilbey,Ravensholt,North,22
19:06,2654,Quentin,Chilton,Wychcombe,South,3
19:06,2845,Lydia,Plumb,Wychcombe,North,7
19:06,3133,Annie,Wilmot,Corvenmoor,East,21
19:06,3324,Anna,Bowden,Corvenmoor,South,20
19:06,3335,Sadie,Satchell,Ashwick Fen,East,10
19:06,3972,Alma,Ramsay,Hagstone,West,6
19:06,4290,Imogen,Burnell,Kettlewick,North,15
19:06,4398,Jude,Maddox,Duskwater,South,23
19:06,4704,Thea,Pennick,Duskwater,South,4
19:06,4720,Nina,Satchell,Corvenmoor,West,35
19:06,4959,Wilbur,Barlow,Underfell,East,36
19:06,5326,Kit,Dunstan,Barrowdene,East,2
19:06,5382,Isabel,Pickles,Ravensholt,East,30
19:06,5620,Oscar,Upton,Gloamford,North,20
19:07,0039,Agnes,Sefton,Kettlewick,East,4
19:07,0313,Jasper,Tebbit,Mothwell,East,34
19:07,0513,Silas,Yates,Pikesmere,West,9
19:07,0591,Quentin,Raikes,Eelmarsh,South,7
19:07,0601,Elias,Padley,Wychcombe,East,35
19:07,0957,Harriet,Tyson,Kettlewick,North,24
19:07,0971,Martha,Larkin,Kettlewick,North,11
19:07,1068,Delia,Napier,Pikesmere,North,33
19:07,1363,Dora,Webley,Ravensholt,North,10
19:07,1421,Hannah,Hackett,Gloamford,North,16
19:07,1639,Constance,Wallis,Mothwell,West,22
19:07,1674,Elias,Swales,Wychcombe,North,31
19:07,1872,Helena,Coates,Gloamford,North,34
19:07,2196,Walter,Jessop,Mothwell,West,15
19:07,2392,Cyril,Wolstenholme,Eelmarsh,West,11
19:07,2447,Mercy,Bunting,Wychcombe,West,6
19:07,2612,Oscar,Tyson,Corvenmoor,West,32
19:07,2963,Walter,Pennick,Duskwater,West,33
19:07,3041,Delia,Sutton,Ravensholt,East,12
19:07,3150,Rosa,Maddox,Gloamford,South,8
19:07,3224,Celia,Orme,Fernhollow,North,27
19:07,3468,Lavinia,Sallis,Corvenmoor,South,8
19:07,3509,Hannah,Webley,Corvenmoor,South,15
19:07,3617,Lottie,Phelps,Corvenmoor,West,35
19:07,3687,Pip,Hackett,Corvenmoor,North,32
19:07,3929,Viola,Youll,Barrowdene,East,35
19:07,4243,Thea,Larkin,Corvenmoor,West,29
19:07,4401,Vera,Quayle,Owlsgate,West,22
19:07,4416,Celia,Cobbold,Corvenmoor,East,35
19:07,4433,Dora,Padley,Pikesmere,North,28
19:07,4437,Jasper,Godwin,Corvenmoor,West,22
19:07,4752,Linus,Twigg,Hagstone,East,22
19:07,5012,Winnie,Shilton,Corvenmoor,South,30
19:07,5451,Zelda,Sutton,Ravensholt,North,17
19:07,5714,Linus,Gale,Corvenmoor,West,12
19:08,0023,Linus,Hawley,Corvenmoor,West,27
19:08,0078,Miriam,Osgood,Corvenmoor,North,18
19:08,0253,Nell,Ockley,Gloamford,East,26
19:08,0403,Walter,Upton,Hagstone,West,36
19:08,0489,Ida,Fairley,Mothwell,East,23
19:08,0862,Hannah,Phelps,Corvenmoor,South,30
19:08,0873,Selma,Welch,Eelmarsh,East,2
19:08,1013,Flora,Dunstan,Gloamford,East,19
19:08,1225,Helena,Bunting,Wychcombe,East,14
19:08,1274,Annie,Gosling,Eelmarsh,North,29
19:08,1402,Olive,Satchell,Duskwater,West,25
19:08,1477,Horace,Twigg,Mothwell,West,5
19:08,1938,Lydia,Monk,Corvenmoor,East,8
19:08,1986,Ivo,Quick,Hagstone,South,6
19:08,2177,Mabel,Wallis,Owlsgate,East,26
19:08,2213,Nell,Chilton,Fernhollow,North,22
19:08,2247,Celia,Witton,Fernhollow,North,21
19:08,2373,Clara,Finlow,Kettlewick,West,2
19:08,2457,Ezra,Sallis,Mothwell,North,22
19:08,2610,Milo,Eccles,Ravensholt,East,15
19:08,2649,Anna,Winslow,Underfell,South,36
19:08,2720,Walter,Pocock,Wychcombe,East,33
19:08,2788,Basil,Yelland,Duskwater,North,32
19:08,3204,Helena,Wilmot,Hagstone,East,24
19:08,3579,Annie,Nettles,Underfell,South,21
19:08,3782,Maisie,Onslow,Mothwell,West,9
19:08,3886,Bernard,Ramsay,Corvenmoor,East,9
19:08,4051,Edgar,Twigg,Ashwick Fen,North,16
19:08,4242,Nora,Burnell,Underfell,East,5
19:08,4807,Magnus,Rook,Owlsgate,North,24
19:08,5220,Nora,Dunstan,Underfell,West,19
19:08,5414,Jonah,Satchell,Owlsgate,South,27
19:08,5706,Fabian,Larkin,Corvenmoor,North,7
19:08,5843,Xavier,Witton,Corvenmoor,South,21
19:08,5865,Willa,Plumb,Corvenmoor,East,7
19:09,0277,Elias,Kaye,Owlsgate,South,14
19:09,0492,Maud,Chilton,Pikesmere,East,13
19:09,0519,Mercy,Wallis,Ravensholt,East,33
19:09,0965,Edmund,Tuckey,Gloamford,North,5
19:09,1462,Edgar,Hawley,Wychcombe,East,20
19:09,1748,Philippa,Ibbott,Eelmarsh,South,29
19:09,1754,Beatrix,Quayle,Wychcombe,South,30
19:09,1948,Basil,Bowden,Barrowdene,North,11
19:09,2149,Selma,Lumsden,Ravensholt,South,33
19:09,2806,Clement,Eccles,Mothwell,North,31
19:09,2854,Gwen,Lamb,Wychcombe,South,26
19:09,3178,Beatrix,Padley,Hagstone,West,10
19:09,3181,Sadie,Blythe,Corvenmoor,North,24
19:09,3264,Augusta,Tebbit,Corvenmoor,North,32
19:09,3386,Gideon,Burnell,Fernhollow,West,7
19:09,3489,Bella,Blythe,Barrowdene,West,8
19:09,4369,Noel,Phelps,Barrowdene,South,29
19:09,4824,Thea,Lowe,Barrowdene,East,25
19:09,5138,Anna,Coyle,Ravensholt,North,1
19:09,5362,Sybil,Quayle,Owlsgate,West,16
19:09,5705,Marian,Lowe,Gloamford,West,20
19:09,5776,Silas,Maddox,Pikesmere,North,36
19:09,5925,Walter,Hollis,Underfell,South,26
19:10,0203,Lydia,Gosling,Fernhollow,West,18
19:10,0755,Anna,Orme,Duskwater,East,8
19:10,0880,Josie,Clegg,Thistle Green,South,25
19:10,0883,Otto,Sefton,Underfell,South,31
19:10,1120,Delia,Tuckey,Eelmarsh,South,7
19:10,1164,Horace,Barlow,Pikesmere,North,7
19:10,1176,Freda,Satchell,Corvenmoor,North,23
19:10,1205,Noel,Tasker,Underfell,South,36
19:10,1623,Effie,Noakes,Kettlewick,East,3
19:10,2175,Wilbur,Slade,Barrowdene,North,30
19:10,2227,Quentin,Bramble,Mothwell,North,10
19:10,2329,Otto,Abbott,Corvenmoor,North,2
19:10,2342,Freda,Youll,Thistle Green,South,7
19:10,2357,Agnes,Mabbott,Gloamford,East,19
19:10,2386,Miriam,Jessop,Corvenmoor,North,20
19:10,2422,Bertha,Coates,Owlsgate,North,17
19:10,2578,Quentin,Pellow,Ashwick Fen,East,25
19:10,2680,Delia,Redfern,Duskwater,North,15
19:10,3068,Bertha,Bunting,Thistle Green,West,25
19:10,3121,Selma,Toms,Corvenmoor,East,18
19:10,3867,Ezra,Mabbott,Mothwell,West,16
19:10,3931,Gwen,Pettit,Mothwell,West,26
19:10,3998,Walter,Mellish,Wychcombe,South,10
19:10,4365,Ursula,Tyson,Ashwick Fen,North,23
19:10,4414,Augusta,Twigg,Corvenmoor,North,7
19:10,4552,Beatrix,Ibbott,Underfell,North,2
19:10,5137,Mercy,Mosley,Wychcombe,East,24
19:10,5147,Linus,Kaye,Fernhollow,West,5
19:10,5260,Amos,Yelland,Barrowdene,East,2
19:10,5894,Ida,Yates,Underfell,West,28
19:10,5978,Arthur,Swales,Thistle Green,West,36
19:11,0132,Ruth,Skelton,Hagstone,West,32
19:11,0446,Beatrix,Meakin,Thistle Green,West,29
19:11,0524,Cora,Shilton,Ashwick Fen,North,32
19:11,0785,Gwen,Yates,Pikesmere,North,19
19:11,1695,Edgar,Brock,Duskwater,East,21
19:11,1848,Ursula,Gosling,Corvenmoor,North,13
19:11,2308,Imogen,Cobbold,Kettlewick,West,24
19:11,2516,Augusta,Quick,Corvenmoor,East,17
19:11,2589,Enid,Fairley,Corvenmoor,South,10
19:11,2747,Ivy,Kitson,Wychcombe,North,2
19:11,2804,Helena,Ockley,Fernhollow,East,33
19:11,2817,Hannah,Bowden,Hagstone,North,6
19:11,3091,Tabitha,Osgood,Ravensholt,North,14
19:11,3325,Percy,Coyle,Owlsgate,West,21
19:11,3401,Rhoda,Oddie,Wychcombe,West,27
19:11,3531,Ivy,Gilbey,Kettlewick,West,21
19:11,4097,Arthur,Lumsden,Duskwater,West,3
19:11,4147,Edmund,Lowe,Wychcombe,East,36
19:11,4187,Dora,Tasker,Underfell,South,16
19:11,4191,Ada,Stokes,Hagstone,East,15
19:11,4544,Walter,Fairley,Wychcombe,North,14
19:11,4970,Amos,Hollis,Kettlewick,North,12
19:11,5173,Lucian,Tolley,Pikesmere,North,24
19:11,5543,Imogen,Monk,Corvenmoor,West,9
19:12,0257,Arthur,Gosling,Barrowdene,North,36
19:12,0294,Hilda,Beck,Fernhollow,South,8
19:12,0538,Olive,Pennick,Corvenmoor,East,23
19:12,0817,Pip,Winslow,Corvenmoor,North,19
19:12,0839,Effie,Kaye,Ravensholt,North,8
19:12,0851,Flora,Yelland,Thistle Green,North,10
19:12,1065,Enid,Plumb,Pikesmere,West,30
19:12,1770,Lucian,Skelton,Kettlewick,North,20
19:12,1961,Maisie,Mosley,Corvenmoor,North,32
19:12,2141,Clara,Pickles,Underfell,West,29
19:12,2179,Edgar,Lamb,Eelmarsh,South,18
19:12,2219,Willa,Redfern,Duskwater,North,34
19:12,2349,Nancy,Tuckey,Thistle Green,South,34
19:12,2443,Rosa,Rook,Ashwick Fen,East,28
19:12,2576,Clara,Yates,Wychcombe,South,16
19:12,2707,Tobias,Stokes,Hagstone,West,13
19:12,2826,Leonard,Ibbott,Pikesmere,North,4
19:12,3143,Amos,Skelton,Fernhollow,East,17
19:12,3375,Thea,Stokes,Ashwick Fen,South,1
19:12,4030,Dora,Tyson,Ravensholt,North,17
19:12,4451,Maisie,Gilbey,Wychcombe,East,24
19:12,4518,Josie,Tolley,Underfell,South,10
19:12,4621,Ursula,Pellow,Duskwater,West,32
19:12,4911,Agnes,Wakely,Gloamford,East,24
19:12,5308,Tobias,Mabbott,Corvenmoor,East,21
19:12,5901,Philippa,Rudd,Thistle Green,West,21
19:13,0118,Zelda,Bramble,Owlsgate,East,36
19:13,0244,Nell,Digby,Corvenmoor,North,29
19:13,0378,Wilbur,Quayle,Hagstone,North,32
19:13,0596,Magnus,Bunting,Barrowdene,East,25
19:13,0603,Bernard,Burnell,Corvenmoor,East,30
19:13,0719,Nora,Wakely,Underfell,East,18
19:13,0722,Isabel,Judd,Hagstone,East,26
19:13,1097,Effie,Nettles,Ashwick Fen,East,15
19:13,1175,Delia,Chalk,Eelmarsh,South,27
19:13,1292,Zelda,Nettles,Pikesmere,West,26
19:13,1414,Walter,Abbott,Kettlewick,South,5
19:13,1572,Annie,Dunstan,Thistle Green,South,8
19:13,1615,Bertha,Sefton,Duskwater,South,3
19:13,1737,Celia,Abbott,Corvenmoor,South,22
19:13,1771,Phoebe,Nettles,Kettlewick,East,2
19:13,1857,Bertha,Raikes,Wychcombe,North,26
19:13,1918,Kit,Dawes,Thistle Green,North,11
19:13,2506,Bella,Digby,Pikesmere,North,30
19:13,2621,Horace,Clegg,Owlsgate,East,30
19:13,3340,Oscar,Redfern,Ravensholt,South,27
19:13,3387,Winnie,Pocock,Mothwell,West,15
19:13,3397,Marian,Chilton,Kettlewick,West,14
19:13,3551,Cyril,Winslow,Ashwick Fen,East,30
19:13,3674,Hector,Swales,Corvenmoor,West,10
19:13,3909,Rowan,Satchell,Duskwater,East,30
19:13,4325,Maud,Yates,Thistle Green,West,36
19:13,4498,Edgar,Fairley,Pikesmere,South,33
19:13,4592,Grace,Abbott,Underfell,East,24
19:13,4655,Edmund,Plumb,Underfell,South,33
19:13,4975,Linus,Stokes,Owlsgate,West,31
19:13,5513,Martha,Bunting,Ravensholt,North,3
19:13,5795,Josie,Twigg,Corvenmoor,North,6
19:14,0117,Willa,Tyson,Duskwater,East,36
19:14,0284,Esme,Padley,Owlsgate,East,28
19:14,0553,Milo,Quayle,Duskwater,South,23
19:14,0687,Constance,Digby,Ashwick Fen,West,36
19:14,0694,Edith,Twigg,Corvenmoor,North,7
19:14,0748,Elsie,Burnell,Corvenmoor,East,6
19:14,0935,Tabitha,Finlow,Gloamford,West,24
19:14,1079,Cora,Kaye,Corvenmoor,North,2
19:14,1504,Dahlia,Burnell,Corvenmoor,West,28
19:14,1608,Ruth,Mosley,Owlsgate,South,13
19:14,1714,Jonah,Osgood,Eelmarsh,South,28
19:14,1724,Maud,Blythe,Eelmarsh,West,13
19:14,1745,Lena,Sallis,Mothwell,East,15
19:14,1780,Clement,Dawes,Corvenmoor,East,20
19:14,1974,Dorian,Burnell,Barrowdene,East,22
19:14,2112,Ursula,Tolley,Wychcombe,West,35
19:14,2383,Pearl,Kaye,Fernhollow,South,17
19:14,2474,Philippa,Venables,Barrowdene,North,24
19:14,2998,Nell,Mabbott,Owlsgate,North,18
19:14,3009,Celia,Wilmot,Owlsgate,North,16
19:14,3179,Beatrix,Coyle,Corvenmoor,North,10
19:14,3297,Greta,Shilton,Fernhollow,North,23
19:14,3320,Zelda,Jessop,Corvenmoor,West,1
19:14,3337,Jasper,Nettles,Corvenmoor,West,25
19:14,3379,Clement,Hunnam,Wychcombe,North,29
19:14,3451,Cyril,Stokes,Underfell,East,26
19:14,3534,Clement,Hawley,Wychcombe,North,11
19:14,4184,Flora,Sallis,Thistle Green,South,11
19:14,4274,Isabel,Haldane,Owlsgate,East,18
19:14,4422,Winnie,Gilbey,Wychcombe,East,19
19:14,5819,Jasper,Fenwick,Fernhollow,South,10
19:14,5867,Isabel,Sallis,Corvenmoor,South,10
19:14,5938,Dorian,Clegg,Wychcombe,South,20
19:15,0085,Mercy,Larkin,Gloamford,North,29
19:15,0282,Lydia,Hunnam,Eelmarsh,South,15
19:15,0456,Gideon,Swales,Corvenmoor,West,24
19:15,1041,Magnus,Quick,Ravensholt,North,5
19:15,1075,Iris,Napier,Ashwick Fen,East,12
19:15,1210,Xavier,Fawcett,Corvenmoor,North,34
19:15,1295,Ruth,Quick,Wychcombe,South,29
19:15,2124,Fabian,Swales,Fernhollow,North,15
19:15,2265,Selma,Monk,Duskwater,West,10
19:15,2764,Sadie,Winslow,Wychcombe,East,5
19:15,3966,Olive,Gilbey,Duskwater,East,36
19:15,4038,Thea,Sallis,Underfell,West,10
19:15,4210,Alma,Chilton,Wychcombe,West,6
19:15,4279,Ursula,Chalk,Fernhollow,West,14
19:15,4395,Agnes,Pellow,Duskwater,West,30
19:15,4520,Esme,Chilton,Duskwater,South,21
19:15,4640,Delia,Shilton,Corvenmoor,East,10
19:15,4723,Effie,Beck,Underfell,East,35
19:15,5008,Elias,Chilton,Kettlewick,South,25
19:15,5013,Dora,Ockley,Pikesmere,East,29
19:15,5076,Myrtle,Dawes,Eelmarsh,South,21
19:15,5106,Hannah,Hollis,Owlsgate,North,19
19:15,5642,Winnie,Pellow,Ravensholt,South,3
19:15,5783,Milo,Dabney,Corvenmoor,East,25
19:16,0274,Quentin,Tebbit,Mothwell,North,4
19:16,0353,Rowan,Brock,Owlsgate,West,22
19:16,0724,Lydia,Thwaite,Underfell,West,19
19:16,0730,Phoebe,Wolstenholme,Corvenmoor,West,23
19:16,0994,Josie,Dawes,Corvenmoor,South,8
19:16,1103,Agnes,Abbott,Ashwick Fen,South,12
19:16,1129,Esme,Redfern,Barrowdene,West,30
19:16,1262,Silas,Oddie,Kettlewick,West,33
19:16,1538,Viola,Larkin,Gloamford,North,24
19:16,2122,Flora,Kitson,Duskwater,East,10
19:16,2174,Ruth,Brock,Underfell,East,16
19:16,2260,Celia,Yates,Kettlewick,West,2
19:16,2309,Quentin,Ibbott,Barrowdene,South,21
19:16,2607,Martha,Dunstan,Kettlewick,North,9
19:16,2613,Effie,Winslow,Wychcombe,West,22
19:16,2867,Elias,Ramsay,Kettlewick,North,35
19:16,2968,Bella,Barlow,Duskwater,East,32
19:16,3240,Ada,Keeling,Duskwater,North,27
19:16,3385,Jude,Yelland,Kettlewick,North,2
19:16,3514,Albert,Dunstan,Gloamford,South,9
19:16,3597,Edmund,Dawes,Corvenmoor,West,26
19:16,3752,Albert,Wedgwood,Underfell,South,33
19:16,3780,Winnie,Godwin,Hagstone,West,26
19:16,4078,Zelda,Ashby,Barrowdene,North,21
19:16,4283,Harriet,Elwin,Underfell,North,8
19:16,4333,Harriet,Hamblin,Thistle Green,South,17
19:16,4666,Agnes,Youll,Thistle Green,South,24
19:16,4778,Augusta,Judd,Corvenmoor,West,2
19:16,4950,Lottie,Mellish,Owlsgate,South,21
19:16,5246,Freda,Heskett,Corvenmoor,West,20
19:16,5264,Nora,Toms,Corvenmoor,South,20
19:16,5317,Basil,Ockley,Ashwick Fen,North,26
19:16,5681,Hilda,Rudd,Pikesmere,South,35
19:16,5722,Effie,Hunnam,Fernhollow,South,32
19:17,0240,Otto,Judd,Corvenmoor,South,1
19:17,0365,Delia,Ockley,Corvenmoor,North,35
19:17,0387,Greta,Bainbridge,Kettlewick,South,36
19:17,0559,Ida,Ibbott,Ravensholt,East,28
19:17,0739,Celia,Lowe,Duskwater,North,5
19:17,0816,Rosa,Nettles,Wychcombe,East,20
19:17,0895,Tabitha,Napier,Pikesmere,East,6
19:17,0961,Agnes,Dabney,Corvenmoor,West,25
19:17,0969,Constance,Bowden,Pikesmere,West,20
19:17,0974,Iris,Raikes,Corvenmoor,North,3
19:17,1018,Milo,Bramble,Eelmarsh,North,17
19:17,1090,Ivo,Abbott,Pikesmere,East,25
19:17,1208,Dora,Raikes,Gloamford,South,22
19:17,1553,Miriam,Fawcett,Corvenmoor,East,29
19:17,2121,Ivo,Jessop,Underfell,South,32
19:17,2238,Hector,Tyson,Wychcombe,East,4
19:17,2258,Freda,Brock,Ravensholt,West,18
19:17,2327,Oscar,Yelland,Eelmarsh,West,20
19:17,2425,Celia,Sefton,Wychcombe,East,33
19:17,2557,Flora,Hunnam,Duskwater,South,10
19:17,2634,Edgar,Rook,Corvenmoor,South,19
19:17,2681,Maud,Cobbold,Hagstone,South,30
19:17,2719,Isabel,Pettit,Gloamford,West,33
19:17,2825,Lavinia,Pellow,Hagstone,West,7
19:17,2887,Rowan,Wallis,Hagstone,West,16
19:17,3352,Cedric,Pellow,Duskwater,North,4
19:17,3402,Beatrix,Napier,Corvenmoor,East,30
19:17,3874,Bella,Chalk,Duskwater,West,19
19:17,3887,Edith,Sefton,Corvenmoor,North,31
19:17,3982,Martha,Slade,Duskwater,North,7
19:17,4404,Winnie,Yates,Mothwell,East,2
19:17,4447,Isaac,Orme,Corvenmoor,North,16
19:17,4511,Greta,Coates,Corvenmoor,West,21
19:17,4585,Clara,Wakely,Hagstone,East,21
19:17,4682,Wilbur,Tolley,Eelmarsh,North,35
19:17,4845,Lavinia,Gale,Fernhollow,East,12
19:17,4865,Helena,Hamblin,Duskwater,West,8
19:17,5159,Lena,Skelton,Barrowdene,North,10
19:17,5953,Cora,Fawcett,Fernhollow,South,10
19:18,0206,Josie,Wolstenholme,Underfell,South,3
19:18,0211,Winnie,Abbott,Kettlewick,West,6
19:18,0321,Walter,Pellow,Eelmarsh,North,5
19:18,0580,Albert,Barlow,Eelmarsh,South,34
19:18,0598,Cedric,Mabbott,Corvenmoor,South,14
19:18,0827,Nora,Gale,Ravensholt,West,21
19:18,0833,Sybil,Phelps,Ashwick Fen,South,31
19:18,1028,Nancy,Pettit,Ravensholt,West,29
19:18,1316,Horace,Osgood,Kettlewick,West,36
19:18,1570,Rowan,Eccles,Corvenmoor,East,19
19:18,1616,Gwen,Ibbott,Ashwick Fen,West,7
19:18,1631,Edgar,Beck,Wychcombe,South,36
19:18,2492,Tabitha,Ashby,Fernhollow,South,12
19:18,2651,Quentin,Skelton,Ashwick Fen,South,34
19:18,2974,Jonah,Mosley,Duskwater,South,22
19:18,3571,Esme,Fenwick,Underfell,North,20
19:18,3801,Ivo,Welch,Underfell,West,17
19:18,3878,Pearl,Nancekivell,Duskwater,North,2
19:18,4040,Zelda,Dabney,Thistle Green,South,24
19:18,4149,Walter,Bramble,Hagstone,North,3
19:18,4440,Rowan,Lumsden,Duskwater,South,17
19:18,4479,Blanche,Pettit,Mothwell,North,3
19:18,4562,Winnie,Lumsden,Mothwell,South,6
19:18,4628,Iris,Lamb,Wychcombe,South,16
19:18,5300,Milo,Judd,Kettlewick,North,18
19:18,5484,Marian,Pettit,Owlsgate,West,18
19:18,5709,Lena,Pennick,Kettlewick,West,4
19:18,5757,Noel,Lamb,Corvenmoor,North,18
19:18,5837,Esme,Sallis,Corvenmoor,West,20
19:18,5876,Gwen,Welch,Corvenmoor,North,29
19:19,0376,Alma,Onslow,Thistle Green,East,6
19:19,0472,Lucian,Lamb,Wychcombe,East,10
19:19,1191,Josie,Blythe,Duskwater,South,1
19:19,1326,Esme,Winslow,Corvenmoor,South,20
19:19,1947,Hilda,Osgood,Owlsgate,West,27
19:19,2375,Dorian,Lowe,Corvenmoor,West,16
19:19,2592,Ivo,Bramble,Barrowdene,North,21
19:19,3431,Noel,Slade,Corvenmoor,North,4
19:19,4281,Ruth,Bainbridge,Ashwick Fen,South,22
19:19,4296,Albert,Clegg,Corvenmoor,East,32
19:19,4415,Myrtle,Gale,Owlsgate,East,26
19:19,4940,Augusta,Welch,Corvenmoor,East,31
19:19,5111,Nancy,Fawcett,Underfell,East,21
19:19,5443,Xavier,Upton,Corvenmoor,North,35
19:19,5493,Percy,Tebbit,Wychcombe,North,6
19:19,5591,Winnie,Wilmot,Eelmarsh,North,30
19:19,5812,Imogen,Upton,Wychcombe,South,29
19:19,5960,Ezra,Raikes,Barrowdene,East,8
19:19,5973,Otto,Blythe,Duskwater,East,6
19:20,0230,Xavier,Toms,Corvenmoor,West,9
19:20,0388,Myrtle,Eccles,Gloamford,East,1
19:20,0578,Rhoda,Venables,Corvenmoor,East,20
19:20,0624,Mabel,Osgood,Barrowdene,East,19
19:20,0757,Gideon,Toms,Owlsgate,North,22
19:20,0814,Arthur,Godwin,Underfell,East,29
19:20,0821,Flora,Lumsden,Corvenmoor,East,9
19:20,1177,Walter,Coyle,Underfell,West,11
19:20,1239,Flora,Plumb,Hagstone,North,32
19:20,1272,Anna,Tolley,Barrowdene,North,16
19:20,1429,Augusta,Osgood,Mothwell,East,15
19:20,1530,Viola,Ockley,Ravensholt,North,28
19:20,1708,Delia,Webley,Corvenmoor,West,8
19:20,1738,Anna,Rook,Wychcombe,South,20
19:20,1784,Lucian,Pettit,Corvenmoor,West,5
19:20,1852,Jasper,Coyle,Duskwater,North,10
19:20,2132,Wilbur,Rudd,Corvenmoor,North,25
19:20,2350,Dora,Toms,Corvenmoor,West,27
19:20,2540,Ivo,Wilmot,Corvenmoor,East,8
19:20,2650,Iris,Fairley,Ashwick Fen,West,1
19:20,2666,Clement,Tuckey,Hagstone,South,32
19:20,3257,Jude,Quayle,Ashwick Fen,North,36
19:20,3384,Bertha,Hackett,Eelmarsh,South,20
19:20,3771,Ada,Slade,Hagstone,West,13
19:20,3830,Cora,Wilmot,Ravensholt,East,26
19:20,4144,Dorian,Tyson,Corvenmoor,North,31
19:20,4205,Pearl,Osgood,Underfell,South,2
19:20,5074,Pearl,Webley,Corvenmoor,South,28
19:20,5290,Freda,Thwaite,Owlsgate,South,21
19:20,5539,Tabitha,Hunnam,Wychcombe,West,8
19:21,0307,Wilbur,Bunting,Underfell,East,5
19:21,0314,Alma,Fawcett,Ashwick Fen,North,18
19:21,0377,Beatrix,Monk,Underfell,West,8
19:21,0515,Myrtle,Tolley,Corvenmoor,South,31
19:21,0697,Quentin,Judd,Mothwell,South,9
19:21,1271,Kit,Onslow,Corvenmoor,North,36
19:21,1287,Otto,Lamb,Owlsgate,West,25
19:21,2083,Vera,Skelton,Mothwell,West,33
19:21,2700,Ivy,Clegg,Corvenmoor,East,31
19:21,3409,Quentin,Webley,Mothwell,North,32
19:21,3631,Lottie,Burnell,Corvenmoor,North,24
19:21,3725,Otto,Bainbridge,Corvenmoor,East,11
19:21,4339,Josie,Burnell,Ashwick Fen,North,15
19:21,4509,Ursula,Padley,Mothwell,West,15
19:21,4714,Sadie,Pettit,Gloamford,South,35
19:21,4794,Lavinia,Keeling,Corvenmoor,North,24
19:21,5007,Alma,Godwin,Underfell,North,2
19:21,5139,Greta,Blythe,Corvenmoor,East,6
19:21,5338,Rosa,Pennick,Duskwater,West,1
19:21,5667,Delia,Hunnam,Owlsgate,East,7
19:22,0022,Vera,Tasker,Kettlewick,West,32
19:22,0390,Ivy,Stokes,Pikesmere,West,6
19:22,0874,Sadie,Upton,Duskwater,South,2
19:22,0955,Tobias,Ashby,Corvenmoor,North,5
19:22,0976,Nancy,Kaye,Barrowdene,West,32
19:22,1206,Ada,Nettles,Owlsgate,West,18
19:22,1526,Greta,Toms,Duskwater,North,34
19:22,1542,Milo,Wakely,Mothwell,North,22
19:22,1820,Hilda,Mellish,Ravensholt,South,17
19:22,1907,Nancy,Sallis,Wychcombe,North,33
19:22,2023,Effie,Bainbridge,Corvenmoor,North,12
19:22,2181,Percy,Quayle,Ashwick Fen,South,10
19:22,2326,Lena,Lamb,Owlsgate,South,34
19:22,2741,Rowan,Larkin,Owlsgate,East,10
19:22,2853,Imogen,Rudd,Ashwick Fen,East,4
19:22,3147,Oscar,Godwin,Eelmarsh,North,33
19:22,3193,Flora,Elwin,Corvenmoor,North,21
19:22,3253,Viola,Vance,Corvenmoor,South,29
19:22,3278,Annie,Wedgwood,Corvenmoor,East,7
19:22,4019,Jasper,Tuckey,Barrowdene,North,20
19:22,4029,Iris,Eccles,Pikesmere,East,14
19:22,4139,Delia,Beck,Wychcombe,South,30
19:22,4254,Esme,Clegg,Corvenmoor,North,18
19:22,4335,Elias,Mabbott,Mothwell,South,35
19:22,4360,Cyril,Coates,Eelmarsh,North,27
19:22,4542,Cyril,Pellow,Gloamford,South,11
19:22,4710,Hilda,Maddox,Barrowdene,West,1
19:22,5091,Quentin,Haldane,Ashwick Fen,West,22
19:22,5521,Lavinia,Wolstenholme,Thistle Green,West,30
19:23,0052,Rowan,Swales,Hagstone,West,26
19:23,0503,Nancy,Bramble,Corvenmoor,South,36
19:23,0520,Effie,Larkin,Hagstone,West,3
19:23,0545,Flora,Youll,Hagstone,South,26
19:23,0721,Thea,Mosley,Owlsgate,North,26
19:23,1080,Myrtle,Beck,Corvenmoor,West,14
19:23,1233,Augusta,Nettles,Pikesmere,East,15
19:23,1582,Beatrix,Burnell,Thistle Green,North,8
19:23,1810,Anna,Hackett,Hagstone,East,8
19:23,1894,Grace,Pickles,Underfell,West,8
19:23,2126,Oscar,Gosling,Ravensholt,West,6
19:23,2173,Percy,Hackett,Corvenmoor,East,4
19:23,2385,Bella,Pellow,Duskwater,West,15
19:23,2501,Ivo,Hunnam,Corvenmoor,North,14
19:23,2685,Harriet,Hollis,Corvenmoor,North,15
19:23,2731,Walter,Ockley,Ashwick Fen,North,24
19:23,3159,Philippa,Wolstenholme,Underfell,North,1
19:23,3305,Ursula,Hackett,Gloamford,South,16
19:23,3662,Jude,Burnell,Duskwater,North,21
19:23,3854,Winnie,Witton,Underfell,West,36
19:23,3892,Pip,Maddox,Kettlewick,West,10
19:23,3977,Ezra,Lamb,Duskwater,North,13
19:23,4374,Miriam,Keeling,Mothwell,West,36
19:23,4570,Lena,Wedgwood,Owlsgate,South,1
19:23,4619,Fabian,Kaye,Ashwick Fen,North,19
19:23,4961,Martha,Mosley,Duskwater,North,26
19:23,5266,Elsie,Fawcett,Owlsgate,South,8
19:23,5436,Celia,Yelland,Corvenmoor,South,10
19:23,5437,Kit,Hawley,Corvenmoor,North,33
19:24,0143,Phoebe,Lumsden,Ashwick Fen,South,8
19:24,0183,Lena,Thwaite,Eelmarsh,East,9
19:24,0283,Edgar,Mosley,Duskwater,North,1
19:24,0473,Magnus,Pickles,Ashwick Fen,North,36
19:24,0715,Silas,Quick,Mothwell,North,30
19:24,1401,Morris,Abbott,Eelmarsh,South,36
19:24,2273,Mabel,Winslow,Wychcombe,West,3
19:24,2521,Nora,Plumb,Underfell,North,25
19:24,2530,Ivo,Shilton,Duskwater,East,15
19:24,2791,Helena,Barlow,Corvenmoor,South,19
19:24,2908,Dahlia,Dunstan,Wychcombe,South,32
19:24,3237,Lottie,Thwaite,Pikesmere,West,18
19:24,3457,Milo,Cobbold,Fernhollow,South,33
19:24,3490,Xavier,Dawes,Underfell,East,20
19:24,3499,Ivy,Padley,Wychcombe,South,35
19:24,3510,Gideon,Skelton,Owlsgate,West,6
19:24,3722,Hannah,Onslow,Mothwell,South,26
19:24,3767,Grace,Tuckey,Fernhollow,West,4
19:24,4100,Grace,Beck,Corvenmoor,South,23
19:24,4269,Elias,Keeling,Duskwater,South,5
19:24,4392,Marian,Wallis,Corvenmoor,South,8
19:24,4812,Miriam,Venables,Mothwell,East,8
19:24,5019,Jasper,Wilmot,Ashwick Fen,West,22
19:24,5042,Dorian,Dabney,Wychcombe,East,26
19:24,5116,Effie,Satchell,Duskwater,West,21
19:24,5303,Tabitha,Gilbey,Pikesmere,North,14
19:24,5324,Basil,Hamblin,Corvenmoor,South,26
19:24,5360,Gideon,Jessop,Corvenmoor,East,23
19:24,5365,Cyril,Meakin,Corvenmoor,East,12
19:24,5551,Jude,Plumb,Mothwell,North,9
19:24,5650,Maud,Godwin,Eelmarsh,South,12
19:25,0083,Ruth,Coyle,Duskwater,East,25
19:25,0199,Fabian,Finlow,Corvenmoor,North,15
19:25,0228,Imogen,Brock,Wychcombe,North,26
19:25,0303,Percy,Newbolt,Ravensholt,West,1
19:25,0392,Tabitha,Pellow,Ashwick Fen,East,30
19:25,0475,Pip,Lowe,Corvenmoor,North,29
19:25,0793,Elsie,Raikes,Underfell,South,2
19:25,0841,Marian,Gilbey,Pikesmere,East,26
19:25,0846,Lydia,Lamb,Hagstone,South,28
19:25,0856,Ida,Nancekivell,Eelmarsh,South,17
19:25,1460,Quentin,Wakely,Ashwick Fen,West,35
19:25,1647,Clara,Mellish,Ravensholt,South,8
19:25,1686,Tobias,Webley,Pikesmere,West,6
19:25,2154,Tobias,Maddox,Ravensholt,North,21
19:25,2412,Blanche,Keeling,Thistle Green,West,22
19:25,2596,Iris,Youll,Corvenmoor,South,12
19:25,2655,Ezra,Upton,Ashwick Fen,East,15
19:25,2690,Silas,Beck,Barrowdene,West,23
19:25,2708,Vera,Cobbold,Corvenmoor,North,24
19:25,3134,Ezra,Coyle,Pikesmere,North,25
19:25,3303,Gideon,Maddox,Corvenmoor,East,35
19:25,3520,Viola,Nancekivell,Ravensholt,North,9
19:25,3663,Morris,Wakely,Gloamford,East,36
19:25,3692,Phoebe,Bunting,Corvenmoor,South,20
19:25,3960,Ruth,Hamblin,Corvenmoor,East,13
19:25,4235,Phoebe,Hamblin,Underfell,North,2
19:25,4312,Augusta,Yelland,Underfell,South,10
19:25,4563,Clara,Tolley,Mothwell,North,7
19:25,4771,Bernard,Dawes,Gloamford,West,19
19:25,5162,Esme,Wilmot,Duskwater,South,24
19:25,5271,Kit,Bowden,Gloamford,South,17
19:25,5510,Philippa,Gilbey,Kettlewick,East,23
19:26,0200,Jasper,Hamblin,Owlsgate,West,27
19:26,0218,Isaac,Bowden,Corvenmoor,North,36
19:26,0328,Nora,Rudd,Corvenmoor,South,24
19:26,0514,Bertha,Wedgwood,Corvenmoor,North,27
19:26,0530,Phoebe,Skelton,Pikesmere,East,18
19:26,1038,Iris,Oddie,Fernhollow,East,2
19:26,1222,Josie,Lumsden,Thistle Green,South,14
19:26,1566,Otto,Mabbott,Mothwell,West,15
19:26,1599,Maud,Pettit,Gloamford,South,13
19:26,1863,Augusta,Brock,Corvenmoor,South,5
19:26,2583,Esme,Toms,Pikesmere,East,7
19:26,3342,Olive,Clegg,Kettlewick,South,29
19:26,3984,Fabian,Gale,Thistle Green,West,9
19:26,4476,Martha,Heskett,Gloamford,West,7
19:26,4600,Arthur,Monk,Ravensholt,North,36
19:26,4732,Anna,Maddox,Corvenmoor,North,31
19:26,4753,Quentin,Sefton,Duskwater,West,12
19:26,5287,Edith,Redfern,Corvenmoor,North,11
19:26,5333,Winnie,Bowden,Duskwater,South,26
19:26,5710,Esme,Heskett,Ashwick Fen,South,10
19:26,5742,Horace,Sefton,Fernhollow,North,12
19:26,5831,Silas,Pennick,Wychcombe,East,12
19:27,0476,Edgar,Plumb,Ashwick Fen,West,33
19:27,0606,Cora,Pickles,Mothwell,West,33
19:27,0703,Kit,Nuttall,Hagstone,East,2
19:27,0807,Philippa,Fawcett,Thistle Green,North,34
19:27,0863,Clement,Mabbott,Corvenmoor,South,7
19:27,1023,Lucian,Lumsden,Wychcombe,West,20
19:27,1024,Albert,Dabney,Duskwater,West,5
19:27,1396,Zelda,Haldane,Thistle Green,North,20
19:27,1583,Wilbur,Upton,Corvenmoor,West,23
19:27,1998,Annie,Pickles,Corvenmoor,East,25
19:27,2048,Rowan,Wilmot,Ashwick Fen,West,18
19:27,2135,Annie,Kitson,Pikesmere,West,17
19:27,2218,Beatrix,Orme,Hagstone,East,9
19:27,2296,Myrtle,Sallis,Gloamford,West,24
19:27,2458,Otto,Pellow,Owlsgate,North,23
19:27,2623,Delia,Elwin,Thistle Green,East,4
19:27,2893,Cora,Godwin,Corvenmoor,South,34
19:27,3001,Dora,Finlow,Kettlewick,East,18
19:27,3072,Edgar,Tyson,Ashwick Fen,East,16
19:27,4770,Barnaby,Raikes,Kettlewick,West,10
19:27,5030,Maisie,Yelland,Owlsgate,North,29
19:27,5186,Philippa,Osgood,Eelmarsh,North,14
19:27,5445,Leonard,Oddie,Ashwick Fen,North,34
19:27,5891,Walter,Orme,Corvenmoor,North,12
19:28,0007,Dahlia,Blythe,Fernhollow,North,16
19:28,0243,Dorian,Coates,Kettlewick,West,15
19:28,1226,Miriam,Burnell,Duskwater,South,16
19:28,1420,Iris,Digby,Duskwater,East,20
19:28,1839,Oscar,Twigg,Thistle Green,South,10
19:28,2145,Isabel,Tolley,Barrowdene,West,16
19:28,2164,Albert,Nancekivell,Ravensholt,East,6
19:28,2478,Josie,Newbolt,Gloamford,East,16
19:28,2785,Greta,Digby,Corvenmoor,South,23
19:28,2808,Blanche,Ashby,Duskwater,North,20
19:28,2810,Rhoda,Ramsay,Corvenmoor,South,16
19:28,3316,Rowan,Raikes,Corvenmoor,West,21
19:28,3519,Horace,Phelps,Wychcombe,West,29
19:28,3560,Milo,Haldane,Owlsgate,North,10
19:28,3829,Lena,Judd,Barrowdene,North,22
19:28,4001,Horace,Venables,Underfell,West,27
19:28,4460,Dahlia,Napier,Ashwick Fen,East,13
19:28,4604,Ursula,Wolstenholme,Corvenmoor,South,31
19:28,4679,Arthur,Hobday,Eelmarsh,North,33
19:28,4883,Winnie,Finlow,Wychcombe,West,27
19:28,5055,Ivo,Pennick,Kettlewick,North,8
19:28,5404,Otto,Godwin,Ashwick Fen,West,24
19:28,5458,Sadie,Pocock,Underfell,North,8
19:28,5762,Miriam,Pettit,Wychcombe,West,28
19:28,5878,Nancy,Hobday,Wychcombe,South,20
19:29,0393,Anna,Vance,Mothwell,West,32
19:29,0433,Helena,Gale,Corvenmoor,North,25
19:29,0771,Augusta,Witton,Duskwater,West,14
19:29,1195,Basil,Pickles,Eelmarsh,East,7
19:29,1580,Delia,Larkin,Wychcombe,North,1
19:29,2211,Barnaby,Wolstenholme,Underfell,East,13
19:29,2402,Horace,Hackett,Mothwell,West,7
19:29,2409,Willa,Wallis,Underfell,West,20
19:29,2512,Bertha,Ashby,Kettlewick,West,31
19:29,2547,Hector,Monk,Eelmarsh,North,27
19:29,3050,Barnaby,Wakely,Barrowdene,East,31
19:29,3074,Tabitha,Fenwick,Corvenmoor,West,19
19:29,3080,Pearl,Pellow,Corvenmoor,East,35
19:29,3698,Noel,Eccles,Corvenmoor,West,11
19:29,4025,Horace,Beck,Pikesmere,South,9
19:29,4026,Esme,Swales,Corvenmoor,East,32
19:29,4108,Selma,Orme,Ashwick Fen,West,32
19:29,4388,Helena,Oddie,Barrowdene,North,8
19:29,4882,Percy,Hawley,Mothwell,North,5
19:29,5209,Maisie,Elwin,Barrowdene,North,28
19:29,5310,Jasper,Hollis,Kettlewick,West,17
19:29,5545,Pip,Monk,Underfell,West,12
19:29,5602,Selma,Stokes,Corvenmoor,West,5
19:29,5882,Martha,Elwin,Corvenmoor,West,6
19:30,0402,Rosa,Mosley,Duskwater,East,35
19:30,0499,Blanche,Dunstan,Duskwater,North,10
19:30,0506,Effie,Judd,Eelmarsh,West,17
19:30,0588,Harriet,Thwaite,Wychcombe,South,30
19:30,0896,Mabel,Coates,Ravensholt,East,25
19:30,0928,Cora,Gilbey,Fernhollow,West,15
19:30,0947,Cedric,Webley,Corvenmoor,East,1
19:30,2008,Leonard,Brock,Barrowdene,East,21
19:30,2280,Phoebe,Witton,Mothwell,South,13
19:30,2552,Nell,Kaye,Mothwell,West,4
19:30,2593,Edmund,Venables,Gloamford,East,35
19:30,2831,Beatrix,Finlow,Corvenmoor,South,28
19:30,3023,Agnes,Tasker,Fernhollow,South,3
19:30,3526,Willa,Fairley,Eelmarsh,North,17
19:30,3673,Nell,Swales,Ravensholt,North,9
19:30,4023,Hector,Dawes,Corvenmoor,South,2
19:30,4322,Mercy,Godwin,Duskwater,South,12
19:30,4888,Jasper,Brock,Duskwater,North,12
19:30,4929,Agnes,Witton,Hagstone,West,11
19:30,4997,Hilda,Bowden,Corvenmoor,South,26
19:30,5005,Miriam,Thwaite,Hagstone,South,29
19:30,5033,Noel,Nancekivell,Barrowdene,North,29
19:30,5174,Agnes,Nettles,Hagstone,West,5
19:30,5226,Hilda,Quayle,Mothwell,East,34
19:30,5662,Bella,Tebbit,Corvenmoor,East,22
19:31,0125,Winnie,Tolley,Mothwell,South,17
19:31,0171,Ida,Mosley,Barrowdene,West,1
19:31,0292,Hannah,Ockley,Corvenmoor,West,1
19:31,0342,Philippa,Burnell,Eelmarsh,North,17
19:31,0509,Agnes,Fenwick,Mothwell,East,4
19:31,0667,Myrtle,Digby,Corvenmoor,East,19
19:31,0751,Barnaby,Swales,Corvenmoor,North,19
19:31,0764,Basil,Hackett,Thistle Green,West,8
19:31,1201,Nancy,Phelps,Fernhollow,North,36
19:31,1508,Myrtle,Kaye,Corvenmoor,East,4
19:31,1653,Annie,Phelps,Corvenmoor,South,14
19:31,1697,Ivo,Venables,Duskwater,West,5
19:31,1749,Martha,Oddie,Barrowdene,North,28
19:31,2206,Esme,Wakely,Ashwick Fen,North,30
19:31,2347,Magnus,Tasker,Eelmarsh,South,19
19:31,2441,Viola,Raikes,Mothwell,East,2
19:31,2459,Edith,Fairley,Pikesmere,East,29
19:31,2534,Pearl,Tolley,Eelmarsh,South,21
19:31,3549,Enid,Raikes,Mothwell,South,28
19:31,4595,Anna,Chilton,Corvenmoor,West,6
19:31,4601,Marian,Digby,Hagstone,East,13
19:31,5200,Winnie,Thwaite,Eelmarsh,North,20
19:31,5413,Barnaby,Fawcett,Corvenmoor,West,18
19:31,5718,Pip,Wolstenholme,Pikesmere,East,31
19:32,0032,Enid,Godwin,Eelmarsh,West,36
19:32,0623,Marian,Padley,Barrowdene,East,22
19:32,0758,Greta,Redfern,Underfell,North,24
19:32,0933,Nell,Gilbey,Corvenmoor,East,16
19:32,1258,Fabian,Fenwick,Fernhollow,East,29
19:32,1435,Rhoda,Burnell,Corvenmoor,South,19
19:32,1939,Vera,Sefton,Corvenmoor,South,32
19:32,2186,Myrtle,Ockley,Mothwell,South,35
19:32,3051,Miriam,Gosling,Owlsgate,East,32
19:32,3309,Isaac,Slade,Fernhollow,North,27
19:32,3923,Cyril,Maddox,Kettlewick,East,22
19:32,4017,Nell,Phelps,Fernhollow,West,11
19:32,4868,Bertha,Sutton,Corvenmoor,East,25
19:32,5482,Jonah,Rudd,Corvenmoor,North,15
19:33,0135,Nina,Bunting,Corvenmoor,South,23
19:33,0469,Ida,Welch,Kettlewick,North,29
19:33,0705,Marian,Clegg,Ashwick Fen,North,27
19:33,0940,Ivo,Burnell,Underfell,West,6
19:33,2237,Isaac,Brock,Corvenmoor,South,2
19:33,2752,Kit,Skelton,Ravensholt,South,25
19:33,2960,Rosa,Osgood,Ashwick Fen,North,18
19:33,3011,Greta,Wakely,Ashwick Fen,South,4
19:33,3199,Mercy,Twigg,Duskwater,South,9
19:33,3528,Lena,Clegg,Corvenmoor,East,6
19:33,3588,Constance,Heskett,Ravensholt,South,2
19:33,3844,Flora,Osgood,Hagstone,North,36
19:33,3847,Effie,Stokes,Wychcombe,West,18
19:33,3965,Phoebe,Hackett,Eelmarsh,East,28
19:33,4129,Enid,Gale,Wychcombe,East,4
19:33,4169,Pip,Brock,Wychcombe,North,36
19:33,4208,Mabel,Wakely,Ravensholt,North,33
19:33,4215,Bella,Upton,Wychcombe,West,9
19:33,4625,Effie,Ibbott,Pikesmere,West,11
19:33,4809,Lucian,Yelland,Corvenmoor,North,9
19:33,4935,Clement,Stokes,Corvenmoor,West,29
19:33,5062,Dahlia,Keeling,Ravensholt,West,4
19:33,5141,Bertha,Venables,Hagstone,North,29
19:33,5507,Rosa,Bainbridge,Corvenmoor,West,7
19:33,5754,Rowan,Onslow,Mothwell,North,25
19:34,0349,Magnus,Gale,Underfell,East,13
19:34,0356,Ivo,Chalk,Pikesmere,South,20
19:34,0501,Thea,Bainbridge,Underfell,North,2
19:34,0921,Nina,Onslow,Corvenmoor,East,2
19:34,0966,Mercy,Rook,Gloamford,North,24
19:34,1093,Ada,Sutton,Corvenmoor,North,28
19:34,1111,Albert,Venables,Thistle Green,South,24
19:34,1204,Kit,Phelps,Wychcombe,North,18
19:34,1575,Lottie,Ramsay,Ravensholt,East,27
19:34,1835,Jonah,Slade,Corvenmoor,South,17
19:34,2618,Nora,Nuttall,Corvenmoor,North,15
19:34,2723,Jasper,Maddox,Eelmarsh,North,33
19:34,2743,Esme,Barlow,Hagstone,South,31
19:34,2778,Cora,Sallis,Pikesmere,North,36
19:34,3081,Flora,Venables,Ravensholt,West,20
19:34,3694,Wilbur,Toms,Gloamford,North,25
19:34,3772,Pip,Youll,Ashwick Fen,South,26
19:34,4176,Lydia,Wakely,Corvenmoor,West,35
19:34,4599,Nora,Blythe,Gloamford,West,30
19:34,5268,Imogen,Digby,Corvenmoor,West,36
19:34,5661,Josie,Maddox,Underfell,West,19
19:34,5683,Enid,Mosley,Underfell,West,17
19:34,5900,Amos,Mosley,Barrowdene,West,32
19:34,5908,Jonah,Bunting,Thistle Green,East,17
19:34,5915,Isabel,Maddox,Ashwick Fen,West,33
19:34,5949,Maud,Plumb,Corvenmoor,South,17
19:35,0330,Otto,Ockley,Ravensholt,North,23
19:35,0550,Vera,Toms,Ashwick Fen,North,33
19:35,0825,Amos,Hackett,Duskwater,North,32
19:35,0973,Tobias,Tyson,Eelmarsh,West,23
19:35,1888,Noel,Pickles,Hagstone,West,12
19:35,2370,Leonard,Gosling,Wychcombe,East,10
19:35,2381,Annie,Heskett,Wychcombe,North,33
19:35,2548,Lucian,Venables,Eelmarsh,West,15
19:35,2699,Mabel,Fenwick,Duskwater,East,35
19:35,2811,Cyril,Keeling,Eelmarsh,South,14
19:35,2909,Hannah,Toms,Ravensholt,West,23
19:35,2921,Milo,Webley,Owlsgate,East,26
19:35,3279,Milo,Plumb,Corvenmoor,West,20
19:35,3455,Kit,Napier,Ravensholt,North,20
19:35,3472,Pearl,Maddox,Fernhollow,East,10
19:35,3479,Quentin,Fawcett,Kettlewick,North,3
19:35,3547,Nora,Ramsay,Barrowdene,North,17
19:35,3743,Basil,Mellish,Barrowdene,East,26
19:35,3802,Basil,Lamb,Fernhollow,East,26
19:35,4035,Viola,Hobday,Duskwater,North,36
19:35,4318,Willa,Satchell,Corvenmoor,North,13
19:35,4403,Nina,Fenwick,Eelmarsh,East,30
19:35,4515,Edgar,Haldane,Pikesmere,North,15
19:35,5094,Arthur,Sutton,Corvenmoor,South,23
19:35,5107,Ada,Tasker,Corvenmoor,East,20
19:35,5584,Thea,Wakely,Kettlewick,North,14
19:35,5657,Nell,Eccles,Corvenmoor,North,3
19:35,5861,Amos,Vance,Corvenmoor,North,26
19:35,5977,Pip,Nuttall,Pikesmere,South,10
19:36,0072,Rosa,Stokes,Fernhollow,North,8
19:36,0169,Albert,Rook,Duskwater,East,6
19:36,0651,Constance,Nuttall,Fernhollow,North,11
19:36,0714,Maud,Lumsden,Pikesmere,North,9
19:36,1328,Isabel,Vance,Pikesmere,East,3
19:36,1816,Willa,Ashby,Mothwell,North,35
19:36,1942,Zelda,Thwaite,Ashwick Fen,East,22
19:36,1972,Cedric,Chilton,Duskwater,South,19
19:36,2002,Magnus,Hawley,Eelmarsh,North,13
19:36,2677,Oscar,Judd,Duskwater,North,21
19:36,2986,Viola,Redfern,Pikesmere,South,19
19:36,3113,Bella,Winslow,Gloamford,North,13
19:36,3155,Nancy,Hollis,Corvenmoor,South,1
19:36,3273,Helena,Hunnam,Ashwick Fen,East,4
19:36,3648,Myrtle,Pocock,Underfell,East,15
19:36,4558,Isabel,Yelland,Corvenmoor,East,22
19:36,4708,Mercy,Dawes,Mothwell,West,10
19:36,4718,Agnes,Blythe,Corvenmoor,West,28
19:36,4783,Beatrix,Haldane,Pikesmere,East,34
19:36,5573,Cyril,Dabney,Wychcombe,South,17
19:37,1138,Beatrix,Abbott,Thistle Green,East,31
19:37,1509,Ruth,Quayle,Owlsgate,South,16
19:37,2477,Rowan,Lowe,Eelmarsh,North,15
19:37,2574,Tabitha,Twigg,Ravensholt,East,2
19:37,2642,Edgar,Wolstenholme,Duskwater,South,27
19:37,2754,Dora,Burnell,Underfell,North,33
19:37,3249,Oscar,Dunstan,Pikesmere,East,33
19:37,3382,Constance,Osgood,Corvenmoor,South,13
19:37,3851,Selma,Abbott,Corvenmoor,North,10
19:37,4165,Freda,Tyson,Wychcombe,North,5
19:37,4362,Lydia,Maddox,Owlsgate,South,17
19:37,4684,Linus,Raikes,Eelmarsh,North,6
19:37,4890,Zelda,Pocock,Kettlewick,North,9
19:37,5289,Maud,Stokes,Underfell,East,6
19:38,0263,Cedric,Mosley,Owlsgate,East,9
19:38,0507,Lena,Meakin,Wychcombe,East,19
19:38,0523,Rosa,Wedgwood,Corvenmoor,West,15
19:38,0674,Sadie,Nettles,Underfell,North,13
19:38,1034,Bella,Hollis,Owlsgate,East,8
19:38,1046,Olive,Ockley,Mothwell,South,33
19:38,1699,Clara,Clegg,Pikesmere,East,13
19:38,1758,Dorian,Bramble,Eelmarsh,South,35
19:38,2352,Josie,Digby,Corvenmoor,East,9
19:38,2718,Oscar,Mellish,Barrowdene,East,19
19:38,3057,Pip,Gilbey,Hagstone,South,32
19:38,3184,Gwen,Monk,Wychcombe,North,36
19:38,3805,Anna,Tebbit,Fernhollow,North,10
19:38,3930,Bertha,Pettit,Underfell,South,2
19:38,4099,Linus,Digby,Eelmarsh,South,25
19:38,4424,Ursula,Eccles,Kettlewick,East,3
19:38,4502,Lavinia,Vance,Fernhollow,North,28
19:38,5594,Beatrix,Gosling,Owlsgate,West,4
19:38,5698,Bella,Gilbey,Ravensholt,South,3
19:39,0113,Lavinia,Meakin,Corvenmoor,East,7
19:39,0552,Elsie,Rudd,Kettlewick,South,3
19:39,0629,Vera,Redfern,Underfell,South,31
19:39,0660,Delia,Yates,Fernhollow,West,28
19:39,1243,Dahlia,Stokes,Mothwell,West,33
19:39,1266,Flora,Lamb,Duskwater,North,35
19:39,1337,Nell,Napier,Gloamford,East,4
19:39,1552,Rowan,Quick,Corvenmoor,North,32
19:39,1622,Willa,Skelton,Mothwell,North,9
19:39,2151,Dorian,Tuckey,Duskwater,East,16
19:39,2268,Xavier,Winslow,Corvenmoor,North,1
19:39,2772,Helena,Lamb,Duskwater,West,13
19:39,2822,Olive,Tyson,Hagstone,West,26
19:39,3258,Martha,Cobbold,Barrowdene,North,26
19:39,3292,Freda,Haldane,Hagstone,South,27
19:39,3523,Otto,Hobday,Underfell,South,25
19:39,3598,Gwen,Haldane,Eelmarsh,West,24
19:39,3619,Greta,Godwin,Corvenmoor,North,2
19:39,3758,Pearl,Welch,Ravensholt,North,17
19:39,4064,Lavinia,Winslow,Ashwick Fen,West,32
19:39,4146,Magnus,Ashby,Corvenmoor,West,6
19:39,4225,Zelda,Ibbott,Ashwick Fen,North,3
19:39,4456,Dorian,Quick,Eelmarsh,South,23
19:39,4894,Percy,Tuckey,Corvenmoor,West,36
19:39,5060,Greta,Slade,Owlsgate,South,28
19:39,5319,Maud,Tasker,Ravensholt,West,26
19:39,5386,Wilbur,Ockley,Pikesmere,West,18
19:39,5485,Mercy,Tuckey,Underfell,West,10
19:39,5526,Ruth,Winslow,Wychcombe,North,16
19:39,5826,Ezra,Onslow,Fernhollow,West,22
19:40,0151,Nancy,Chalk,Duskwater,North,36
19:40,0432,Sybil,Onslow,Corvenmoor,North,6
19:40,0468,Olive,Sallis,Barrowdene,South,35
19:40,0889,Nell,Orme,Wychcombe,South,21
19:40,1084,Barnaby,Cobbold,Ravensholt,West,9
19:40,1133,Freda,Ockley,Ravensholt,West,2
19:40,1224,Isaac,Elwin,Corvenmoor,East,7
19:40,1297,Lydia,Slade,Ravensholt,North,28
19:40,1666,Vera,Upton,Duskwater,East,16
19:40,1691,Greta,Phelps,Hagstone,North,9
19:40,1732,Elias,Heskett,Corvenmoor,West,33
19:40,1789,Helena,Fawcett,Wychcombe,North,13
19:40,2180,Mercy,Bramble,Corvenmoor,South,22
19:40,2229,Oscar,Finlow,Ravensholt,West,10
19:40,2302,Harriet,Meakin,Mothwell,West,23
19:40,2738,Hilda,Yelland,Wychcombe,North,35
19:40,3170,Magnus,Tolley,Gloamford,South,5
19:40,3291,Thea,Kitson,Mothwell,North,16
19:40,3810,Ida,Hollis,Wychcombe,North,4
19:40,4231,Pip,Skelton,Fernhollow,East,12
19:40,4263,Anna,Dabney,Ashwick Fen,South,24
19:40,4323,Cyril,Mellish,Fernhollow,South,34
19:40,4548,Nell,Fawcett,Ravensholt,East,19
19:40,4664,Anna,Newbolt,Corvenmoor,East,16
19:40,4884,Xavier,Tuckey,Barrowdene,South,22
19:40,4953,Anna,Tyson,Owlsgate,North,9
19:40,5117,Barnaby,Tyson,Corvenmoor,East,32
19:40,5367,Nina,Hobday,Thistle Green,South,31
19:40,5538,Milo,Oddie,Kettlewick,North,6
19:40,5950,Gideon,Tuckey,Owlsgate,North,7
19:40,5984,Ezra,Pickles,Corvenmoor,West,27
19:40,5998,Edmund,Coates,Corvenmoor,North,4
19:41,0020,Enid,Mellish,Barrowdene,North,17
19:41,0302,Kit,Heskett,Fernhollow,West,6
19:41,0363,Arthur,Satchell,Corvenmoor,South,23
19:41,0418,Marian,Youll,Ashwick Fen,North,5
19:41,0919,Rosa,Cobbold,Underfell,East,8
19:41,1611,Jude,Monk,Hagstone,West,17
19:41,1646,Sybil,Bunting,Wychcombe,East,22
19:41,1814,Ruth,Pocock,Hagstone,West,22
19:41,1877,Sybil,Tebbit,Owlsgate,West,6
19:41,1901,Linus,Maddox,Duskwater,North,12
19:41,2299,Mercy,Plumb,Thistle Green,North,7
19:41,2535,Ada,Tebbit,Hagstone,East,12
19:41,2742,Dorian,Monk,Eelmarsh,East,25
19:41,3127,Winnie,Ramsay,Duskwater,North,26
19:41,3361,Nancy,Clegg,Fernhollow,North,27
19:41,3436,Zelda,Bunting,Thistle Green,South,14
19:41,3465,Esme,Plumb,Gloamford,West,3
19:41,3486,Dora,Slade,Underfell,West,30
19:41,3832,Agnes,Oddie,Ashwick Fen,South,27
19:41,4027,Vera,Rook,Kettlewick,South,27
19:41,4161,Nancy,Finlow,Pikesmere,West,10
19:41,4239,Kit,Keeling,Owlsgate,North,30
19:41,5247,Enid,Sutton,Corvenmoor,South,15
19:41,5417,Clement,Sallis,Mothwell,East,36
19:42,0128,Lavinia,Venables,Kettlewick,North,9
19:42,0357,Jonah,Eccles,Eelmarsh,West,6
19:42,0442,Delia,Lamb,Duskwater,North,18
19:42,1211,Jude,Webley,Corvenmoor,West,18
19:42,1359,Willa,Fawcett,Barrowdene,North,23
19:42,1488,Zelda,Plumb,Thistle Green,North,25
19:42,1512,Fabian,Venables,Corvenmoor,South,29
19:42,1778,Constance,Lamb,Hagstone,West,29
19:42,1911,Philippa,Welch,Ravensholt,East,14
19:42,2011,Philippa,Ockley,Kettlewick,North,25
19:42,2490,Helena,Onslow,Kettlewick,South,3
19:42,2637,Sybil,Rudd,Thistle Green,North,26
19:42,3197,Hector,Nancekivell,Duskwater,South,9
19:42,3350,Ida,Lumsden,Gloamford,North,10
19:42,3475,Albert,Shilton,Wychcombe,West,36
19:42,3974,Otto,Toms,Ravensholt,West,3
19:42,3992,Mercy,Lumsden,Thistle Green,North,10
19:42,4042,Freda,Welch,Mothwell,South,13
19:42,4270,Celia,Blythe,Fernhollow,South,11
19:42,4332,Celia,Raikes,Eelmarsh,East,30
19:42,4420,Enid,Pellow,Gloamford,South,13
19:42,4486,Lottie,Venables,Corvenmoor,North,5
19:42,4925,Cyril,Godwin,Corvenmoor,East,35
19:42,4957,Celia,Chilton,Hagstone,South,6
19:42,5084,Lena,Osgood,Gloamford,North,30
19:42,5302,Maisie,Hamblin,Barrowdene,North,13
19:43,0038,Viola,Rook,Duskwater,West,28
19:43,0617,Marian,Nancekivell,Duskwater,North,17
19:43,0934,Lydia,Tyson,Pikesmere,West,18
19:43,1004,Leonard,Wolstenholme,Thistle Green,East,20
19:43,1033,Helena,Monk,Fernhollow,North,34
19:43,1049,Harriet,Welch,Eelmarsh,West,35
19:43,1152,Leonard,Yates,Ravensholt,North,33
19:43,1844,Pip,Abbott,Barrowdene,West,12
19:43,2046,Lottie,Fairley,Fernhollow,East,35
19:43,2513,Quentin,Hunnam,Ashwick Fen,East,5
19:43,2712,Sybil,Yelland,Fernhollow,North,29
19:43,2739,Barnaby,Ashby,Ashwick Fen,South,31
19:43,2886,Jonah,Napier,Wychcombe,West,18
19:43,3429,Beatrix,Wedgwood,Fernhollow,West,1
19:43,3491,Zelda,Orme,Barrowdene,North,15
19:43,3627,Grace,Judd,Thistle Green,North,20
19:43,3935,Sybil,Winslow,Corvenmoor,South,22
19:43,4464,Cedric,Ramsay,Barrowdene,West,36
19:43,4577,Edith,Onslow,Fernhollow,West,7
19:43,4859,Lena,Bramble,Eelmarsh,West,36
19:43,4930,Magnus,Dabney,Ravensholt,West,2
19:43,5465,Hector,Wallis,Pikesmere,South,2
19:43,5907,Freda,Onslow,Corvenmoor,North,24
19:44,0009,Basil,Eccles,Wychcombe,West,2
19:44,0265,Rhoda,Ibbott,Thistle Green,East,2
19:44,0413,Cyril,Hobday,Ashwick Fen,North,4
19:44,0439,Nancy,Cobbold,Corvenmoor,West,13
19:44,0561,Esme,Quick,Wychcombe,West,8
19:44,0868,Myrtle,Mosley,Pikesmere,East,19
19:44,1015,Gwen,Osgood,Pikesmere,East,5
19:44,1149,Hannah,Tolley,Hagstone,East,34
19:44,1203,Effie,Witton,Wychcombe,East,16
19:44,1533,Grace,Kaye,Duskwater,East,17
19:44,1886,Silas,Ockley,Gloamford,West,6
19:44,2487,Elsie,Rook,Duskwater,West,16
19:44,2496,Clement,Burnell,Barrowdene,West,16
19:44,2500,Iris,Swales,Thistle Green,North,32
19:44,2732,Philippa,Twigg,Mothwell,West,9
19:44,2931,Kit,Fenwick,Thistle Green,West,11
19:44,3718,Clement,Pocock,Barrowdene,East,1
19:44,4510,Arthur,Thwaite,Corvenmoor,East,19
19:44,4786,Grace,Digby,Gloamford,North,16
19:44,4840,Myrtle,Tyson,Thistle Green,North,26
19:44,5003,Elias,Jessop,Corvenmoor,West,22
19:44,5457,Tabitha,Rudd,Gloamford,East,2
19:44,5877,Tabitha,Kaye,Owlsgate,West,1
19:45,0092,Milo,Pennick,Underfell,West,18
19:45,0175,Beatrix,Wallis,Owlsgate,West,2
19:45,0844,Cora,Chalk,Duskwater,West,18
19:45,1027,Horace,Monk,Owlsgate,South,28
19:45,1063,Sadie,Beck,Thistle Green,North,26
19:45,1183,Beatrix,Noakes,Barrowdene,South,22
19:45,1454,Viola,Bunting,Underfell,South,27
19:45,1581,Annie,Plumb,Pikesmere,East,33
19:45,1619,Edgar,Satchell,Mothwell,North,7
19:45,1829,Bernard,Pickles,Pikesmere,East,21
19:45,2532,Iris,Beck,Eelmarsh,East,5
19:45,2580,Viola,Fenwick,Owlsgate,West,10
19:45,2588,Philippa,Nuttall,Corvenmoor,West,6
19:45,2725,Fabian,Wedgwood,Owlsgate,North,7
19:45,3277,Harriet,Monk,Kettlewick,East,1
19:45,3390,Nina,Jessop,Wychcombe,North,5
19:45,3667,Thea,Nuttall,Ravensholt,East,14
19:45,3682,Walter,Vance,Eelmarsh,East,28
19:45,3836,Isaac,Bramble,Ravensholt,North,15
19:45,3910,Isaac,Redfern,Thistle Green,East,35
19:45,4033,Edith,Winslow,Kettlewick,West,21
19:45,4080,Alma,Witton,Owlsgate,North,26
19:45,4098,Horace,Heskett,Wychcombe,North,24
19:45,4389,Celia,Toms,Barrowdene,East,27
19:45,4406,Edith,Wakely,Owlsgate,East,1
19:45,4639,Horace,Kitson,Barrowdene,South,33
19:45,4711,Maud,Heskett,Kettlewick,West,2
19:45,5668,Magnus,Quayle,Wychcombe,East,16
19:45,5806,Elsie,Hobday,Kettlewick,South,1
19:46,0564,Percy,Dabney,Hagstone,West,35
19:46,0644,Albert,Phelps,Mothwell,South,16
19:46,0686,Lydia,Dabney,Fernhollow,West,9
19:46,1119,Iris,Heskett,Hagstone,East,5
19:46,1325,Arthur,Fawcett,Underfell,South,35
19:46,1563,Lottie,Mabbott,Ashwick Fen,West,9
19:46,1892,Fabian,Oddie,Duskwater,South,33
19:46,1959,Miriam,Elwin,Wychcombe,West,2
19:46,2635,Freda,Digby,Owlsgate,South,20
19:46,2682,Mabel,Hackett,Ravensholt,East,18
19:46,2736,Vera,Coates,Ashwick Fen,South,7
19:46,2828,Helena,Ashby,Gloamford,South,3
19:46,3056,Winnie,Fawcett,Corvenmoor,East,6
19:46,3248,Jasper,Webley,Thistle Green,North,2
19:46,3398,Bernard,Hollis,Pikesmere,North,24
19:46,4380,Mabel,Stokes,Hagstone,West,28
19:46,4504,Isabel,Noakes,Mothwell,West,2
19:46,4726,Amos,Witton,Thistle Green,East,6
19:46,5232,Basil,Maddox,Ashwick Fen,North,23
19:46,5320,Silas,Fawcett,Ashwick Fen,West,16
19:46,5356,Milo,Bainbridge,Corvenmoor,West,32
19:47,0213,Iris,Redfern,Hagstone,South,13
19:47,1115,Winnie,Sutton,Mothwell,West,25
19:47,1389,Viola,Rudd,Wychcombe,West,3
19:47,1632,Dorian,Wallis,Underfell,West,6
19:47,1764,Constance,Hamblin,Duskwater,West,32
19:47,1956,Bernard,Maddox,Ashwick Fen,North,15
19:47,2214,Ruth,Bowden,Gloamford,North,32
19:47,2465,Walter,Gale,Mothwell,West,29
19:47,2905,Quentin,Ockley,Duskwater,East,21
19:47,3412,Harriet,Vance,Corvenmoor,East,7
19:47,3515,Horace,Meakin,Duskwater,North,24
19:47,3592,Marian,Judd,Corvenmoor,North,12
19:47,3715,Marian,Lumsden,Kettlewick,East,19
19:47,3764,Elsie,Heskett,Hagstone,South,25
19:47,3921,Nell,Skelton,Corvenmoor,West,3
19:47,3946,Maisie,Upton,Pikesmere,West,21
19:47,4255,Cedric,Thwaite,Pikesmere,East,31
19:47,4302,Grace,Gilbey,Ravensholt,North,27
19:47,4368,Nina,Judd,Barrowdene,North,9
19:47,4617,Ivy,Eccles,Duskwater,East,9
19:47,4724,Morris,Tuckey,Barrowdene,South,20
19:47,4749,Tabitha,Welch,Wychcombe,South,24
19:47,4986,Maisie,Hobday,Corvenmoor,East,23
19:47,5331,Isabel,Welch,Fernhollow,East,11
19:47,5788,Kit,Ibbott,Hagstone,East,19
19:48,0119,Vera,Heskett,Corvenmoor,East,21
19:48,0159,Thea,Slade,Barrowdene,North,29
19:48,0440,Anna,Venables,Mothwell,North,18
19:48,0647,Pip,Hunnam,Corvenmoor,South,32
19:48,0784,Iris,Quick,Mothwell,South,28
19:48,1278,Elias,Napier,Corvenmoor,West,15
19:48,1374,Hilda,Hackett,Eelmarsh,North,4
19:48,1550,Milo,Shilton,Corvenmoor,West,30
19:48,1559,Amos,Kitson,Barrowdene,South,34
19:48,1589,Iris,Bramble,Gloamford,West,1
19:48,1689,Miriam,Chilton,Kettlewick,North,23
19:48,1772,Ruth,Thwaite,Underfell,South,8
19:48,1882,Maisie,Clegg,Corvenmoor,North,6
19:48,1995,Otto,Hackett,Pikesmere,North,25
19:48,2136,Horace,Quayle,Thistle Green,East,12
19:48,2757,Mabel,Thwaite,Wychcombe,North,11
19:48,2782,Jasper,Thwaite,Thistle Green,West,21
19:48,2786,Olive,Newbolt,Mothwell,East,16
19:48,3217,Dahlia,Upton,Gloamford,West,30
19:48,3321,Nell,Youll,Underfell,North,12
19:48,3351,Maisie,Tyson,Hagstone,South,30
19:48,3488,Philippa,Kaye,Corvenmoor,East,25
19:48,3505,Cora,Orme,Fernhollow,North,9
19:48,3580,Rowan,Bowden,Eelmarsh,East,23
19:48,3897,Celia,Clegg,Corvenmoor,North,24
19:48,3901,Hannah,Slade,Barrowdene,North,18
19:48,4059,Grace,Mosley,Ravensholt,North,25
19:48,4107,Josie,Kaye,Ashwick Fen,West,34
19:48,4226,Mabel,Pocock,Underfell,North,8
19:48,4517,Hilda,Bramble,Ashwick Fen,East,17
19:48,4566,Dora,Nettles,Fernhollow,West,13
19:48,4820,Thea,Welch,Corvenmoor,North,36
19:48,4999,Dahlia,Clegg,Corvenmoor,North,21
19:48,5132,Blanche,Vance,Hagstone,West,7
19:48,5645,Celia,Nuttall,Corvenmoor,West,27
19:48,5646,Elias,Burnell,Underfell,East,3
19:48,5808,Albert,Newbolt,Barrowdene,East,9
19:48,5828,Wilbur,Abbott,Kettlewick,South,36
19:49,0222,Dora,Hamblin,Owlsgate,South,1
19:49,0226,Edith,Chalk,Pikesmere,East,10
19:49,0453,Cora,Slade,Corvenmoor,West,35
19:49,1398,Horace,Hawley,Pikesmere,West,16
19:49,1506,Augusta,Hamblin,Underfell,South,3
19:49,1920,Quentin,Mabbott,Fernhollow,West,16
19:49,2025,Maud,Chalk,Mothwell,South,1
19:49,2029,Arthur,Pellow,Owlsgate,East,2
19:49,2131,Arthur,Dunstan,Wychcombe,North,10
19:49,2202,Esme,Beck,Corvenmoor,South,35
19:49,2546,Edith,Youll,Corvenmoor,West,11
19:49,3060,Edmund,Noakes,Underfell,East,4
19:49,3067,Dorian,Beck,Barrowdene,East,7
19:49,3274,Clara,Pennick,Ravensholt,West,23
19:49,3289,Pearl,Abbott,Mothwell,North,31
19:49,3349,Celia,Digby,Corvenmoor,East,24
19:49,3723,Annie,Satchell,Owlsgate,East,18
19:49,4289,Nora,Napier,Barrowdene,East,5
19:49,4761,Ada,Fenwick,Fernhollow,West,18
19:49,4821,Hilda,Webley,Corvenmoor,North,5
19:49,5976,Jonah,Wilmot,Eelmarsh,North,19
19:50,0140,Pip,Bowden,Ravensholt,North,36
19:50,0805,Willa,Hollis,Kettlewick,West,24
19:50,0813,Magnus,Wakely,Corvenmoor,North,29
19:50,0832,Edgar,Gosling,Pikesmere,East,4
19:50,1465,Jonah,Nuttall,Hagstone,South,2
19:50,1634,Magnus,Lamb,Corvenmoor,North,13
19:50,1684,Hector,Newbolt,Corvenmoor,South,5
19:50,2438,Augusta,Redfern,Corvenmoor,South,5
19:50,2770,Hannah,Abbott,Eelmarsh,West,30
19:50,2812,Nora,Wallis,Kettlewick,West,18
19:50,2967,Kit,Abbott,Corvenmoor,West,29
19:50,3007,Noel,Brock,Corvenmoor,South,3
19:50,3388,Pearl,Quayle,Hagstone,East,2
19:50,3655,Edith,Upton,Corvenmoor,South,10
19:50,3963,Ivy,Pickles,Ravensholt,North,15
19:50,4273,Lydia,Vance,Duskwater,East,4
19:50,4372,Percy,Coates,Kettlewick,North,9
19:50,4944,Ruth,Maddox,Corvenmoor,West,30
19:50,5201,Enid,Kaye,Kettlewick,West,28
19:50,5460,Otto,Yates,Mothwell,East,35
19:51,0141,Mercy,Rudd,Hagstone,North,29
19:51,0619,Percy,Tyson,Pikesmere,South,8
19:51,1010,Delia,Haldane,Gloamford,South,6
19:51,1753,Greta,Twigg,Barrowdene,South,10
19:51,1856,Quentin,Yelland,Mothwell,North,32
19:51,1983,Otto,Kitson,Thistle Green,East,17
19:51,2275,Morris,Meakin,Eelmarsh,West,31
19:51,2311,Kit,Burnell,Corvenmoor,North,13
19:51,2724,Annie,Nuttall,Ravensholt,West,5
19:51,2824,Jude,Osgood,Corvenmoor,North,17
19:51,2901,Hannah,Hunnam,Wychcombe,West,15
19:51,2980,Thea,Sefton,Eelmarsh,South,33
19:51,3660,Dora,Gilbey,Wychcombe,North,22
19:51,3862,Philippa,Fairley,Gloamford,West,33
19:51,4152,Martha,Bowden,Kettlewick,East,7
19:51,4308,Edith,Judd,Kettlewick,East,18
19:51,4982,Magnus,Hunnam,Corvenmoor,West,13
19:51,5054,Lena,Beck,Eelmarsh,North,32
19:51,5151,Ursula,Bramble,Thistle Green,South,7
19:51,5215,Basil,Rudd,Ravensholt,West,3
19:51,5328,Greta,Bramble,Wychcombe,North,7
19:51,5422,Elsie,Tyson,Ashwick Fen,West,9
19:51,5874,Lottie,Welch,Wychcombe,North,20
19:51,5943,Rhoda,Sallis,Pikesmere,East,17
19:51,5947,Ursula,Webley,Ashwick Fen,North,15
19:52,0096,Ida,Wolstenholme,Owlsgate,East,32
19:52,0133,Helena,Ibbott,Thistle Green,East,24
19:52,0137,Helena,Satchell,Gloamford,North,30
19:52,0191,Phoebe,Youll,Owlsgate,West,34
19:52,0248,Linus,Tuckey,Gloamford,North,12
19:52,0488,Magnus,Napier,Underfell,East,19
19:52,0699,Imogen,Clegg,Corvenmoor,South,13
19:52,1489,Walter,Chilton,Duskwater,South,30
19:52,1779,Nora,Pickles,Eelmarsh,South,27
19:52,2010,Nancy,Stokes,Barrowdene,West,17
19:52,2292,Otto,Dawes,Ashwick Fen,West,19
19:52,2647,Lena,Vance,Ravensholt,North,2
19:52,3099,Elias,Gosling,Underfell,South,12
19:52,4521,Dorian,Brock,Pikesmere,East,21
19:52,4573,Lucian,Sefton,Pikesmere,East,22
19:52,4638,Ursula,Ashby,Hagstone,South,18
19:52,4779,Walter,Kitson,Hagstone,North,33
19:52,5238,Ivy,Oddie,Mothwell,North,19
19:52,5635,Morris,Pellow,Corvenmoor,West,14
19:52,5670,Maud,Padley,Thistle Green,East,5
19:52,5962,Isaac,Godwin,Fernhollow,South,15
19:53,0110,Pip,Rudd,Kettlewick,East,20
19:53,0477,Jasper,Beck,Wychcombe,South,14
19:53,0926,Celia,Bowden,Ravensholt,South,29
19:53,0946,Noel,Kaye,Kettlewick,South,6
19:53,1800,Bernard,Onslow,Gloamford,South,23
19:53,2602,Edith,Larkin,Ashwick Fen,South,15
19:53,2695,Hector,Wilmot,Mothwell,North,22
19:53,2748,Elias,Newbolt,Ravensholt,East,11
19:53,2775,Mabel,Hunnam,Kettlewick,North,20
19:53,2966,Thea,Venables,Ashwick Fen,East,35
19:53,3145,Clement,Mosley,Owlsgate,West,17
19:53,3380,Nell,Osgood,Fernhollow,East,17
19:53,3463,Enid,Hackett,Fernhollow,North,14
19:53,3918,Lucian,Keeling,Ravensholt,South,11
19:53,4111,Xavier,Phelps,Pikesmere,South,3
19:53,4186,Augusta,Kaye,Duskwater,South,20
19:53,4493,Dorian,Fawcett,Mothwell,West,3
19:53,4685,Wilbur,Bowden,Corvenmoor,East,17
19:53,5070,Beatrix,Sutton,Underfell,West,9
19:53,5133,Myrtle,Burnell,Gloamford,West,26
19:53,5589,Quentin,Noakes,Underfell,West,19
19:53,5648,Myrtle,Chalk,Owlsgate,North,25
19:53,5830,Mabel,Hobday,Hagstone,East,2
19:54,0090,Enid,Heskett,Ashwick Fen,North,9
19:54,0459,Pearl,Sallis,Gloamford,South,20
19:54,0491,Rowan,Kitson,Corvenmoor,East,6
19:54,1050,Barnaby,Pocock,Corvenmoor,West,20
19:54,1515,Kit,Chalk,Owlsgate,West,7
19:54,1833,Milo,Dawes,Owlsgate,South,18
19:54,2333,Pip,Finlow,Ashwick Fen,East,18
19:54,2408,Albert,Heskett,Barrowdene,East,35
19:54,2494,Harriet,Tuckey,Corvenmoor,West,14
19:54,2626,Jonah,Godwin,Hagstone,North,15
19:54,3124,Maisie,Hollis,Underfell,West,22
19:54,3250,Greta,Chalk,Underfell,South,28
19:54,3762,Ida,Onslow,Corvenmoor,West,18
19:54,3856,Noel,Shilton,Wychcombe,West,6
19:54,4212,Rosa,Finlow,Underfell,West,3
19:54,4474,Grace,Hobday,Owlsgate,North,2
19:54,4776,Pip,Shilton,Corvenmoor,North,17
19:54,5123,Albert,Coyle,Gloamford,South,19
19:54,5378,Rowan,Napier,Eelmarsh,North,31
19:54,5586,Marian,Nuttall,Corvenmoor,North,8
19:54,5773,Josie,Ashby,Owlsgate,North,22
19:54,5893,Freda,Winslow,Underfell,South,19
19:54,5989,Willa,Judd,Thistle Green,North,28
19:55,0391,Freda,Redfern,Wychcombe,West,9
19:55,1157,Cyril,Slade,Corvenmoor,South,13
19:55,1260,Lena,Ockley,Duskwater,West,28
19:55,1422,Clara,Barlow,Ashwick Fen,West,1
19:55,1715,Noel,Twigg,Ashwick Fen,West,33
19:55,2138,Clara,Quayle,Corvenmoor,West,33
19:55,2220,Anna,Plumb,Corvenmoor,East,26
19:55,2551,Enid,Phelps,Underfell,South,28
19:55,2911,Mabel,Tuckey,Kettlewick,South,24
19:55,3426,Iris,Hollis,Gloamford,South,8
19:55,3876,Annie,Barlow,Duskwater,West,1
19:55,4020,Imogen,Fairley,Hagstone,North,26
19:55,4037,Jasper,Nancekivell,Corvenmoor,North,29
19:55,4109,Esme,Kitson,Thistle Green,West,1
19:55,4524,Morris,Slade,Fernhollow,South,26
19:55,4564,Percy,Haldane,Barrowdene,East,14
19:55,4835,Helena,Stokes,Mothwell,South,34
19:55,4952,Amos,Heskett,Wychcombe,West,28
19:55,5071,Winnie,Newbolt,Kettlewick,West,4
19:55,5221,Lucian,Nancekivell,Ravensholt,East,30
19:56,0299,Martha,Nancekivell,Corvenmoor,South,8
19:56,0316,Tobias,Sefton,Corvenmoor,West,27
19:56,0394,Arthur,Ashby,Barrowdene,North,26
19:56,1012,Augusta,Nuttall,Corvenmoor,North,32
19:56,1300,Winnie,Swales,Corvenmoor,South,11
19:56,1392,Myrtle,Tuckey,Thistle Green,East,20
19:56,1720,Ursula,Barlow,Ashwick Fen,West,2
19:56,1916,Maud,Bainbridge,Barrowdene,South,23
19:56,2056,Greta,Haldane,Ashwick Fen,East,26
19:56,2061,Nancy,Pickles,Wychcombe,West,10
19:56,2187,Lavinia,Blythe,Corvenmoor,North,19
19:56,2190,Clement,Winslow,Gloamford,North,30
19:56,2282,Zelda,Lowe,Owlsgate,West,15
19:56,2283,Bella,Nancekivell,Fernhollow,South,9
19:56,2390,Ruth,Noakes,Duskwater,North,23
19:56,2479,Effie,Lowe,Hagstone,South,33
19:56,2484,Vera,Maddox,Kettlewick,North,28
19:56,2630,Martha,Meakin,Gloamford,East,33
19:56,2648,Pip,Wilmot,Corvenmoor,North,14
19:56,3666,Clara,Keeling,Duskwater,East,21
19:56,3786,Wilbur,Heskett,Fernhollow,North,32
19:56,4284,Bella,Orme,Barrowdene,North,34
19:56,4568,Bernard,Noakes,Duskwater,East,14
19:56,4613,Grace,Coyle,Corvenmoor,South,4
19:56,5131,Philippa,Nancekivell,Wychcombe,East,36
19:56,5649,Josie,Sutton,Underfell,North,31
19:56,5734,Edgar,Coates,Gloamford,East,14
19:56,5836,Harriet,Dabney,Thistle Green,South,15
19:57,0775,Beatrix,Redfern,Underfell,East,3
19:57,1136,Lena,Yates,Fernhollow,South,22
19:57,1170,Silas,Fairley,Corvenmoor,North,22
19:57,1171,Morris,Fairley,Thistle Green,East,27
19:57,1248,Jonah,Thwaite,Barrowdene,East,17
19:57,1294,Ida,Elwin,Corvenmoor,East,28
19:57,1459,Lydia,Bramble,Corvenmoor,North,17
19:57,1521,Walter,Elwin,Wychcombe,West,6
19:57,1819,Constance,Pellow,Wychcombe,North,31
19:57,1851,Lavinia,Osgood,Ravensholt,South,2
19:57,1969,Percy,Meakin,Corvenmoor,North,11
19:57,2021,Helena,Youll,Ravensholt,West,11
19:57,2336,Rowan,Tyson,Mothwell,West,13
19:57,3210,Xavier,Raikes,Kettlewick,East,11
19:57,3242,Blanche,Coates,Gloamford,East,6
19:57,3421,Annie,Swales,Fernhollow,North,4
19:57,3665,Arthur,Wolstenholme,Pikesmere,North,26
19:57,3773,Horace,Sallis,Ashwick Fen,South,13
19:57,4087,Augusta,Hunnam,Corvenmoor,East,4
19:57,4163,Morris,Vance,Wychcombe,North,32
19:57,4631,Jonah,Ibbott,Barrowdene,West,36
19:57,5343,Elsie,Eccles,Ravensholt,South,9
19:57,5964,Dora,Brock,Corvenmoor,North,16
19:58,0002,Elias,Nuttall,Corvenmoor,North,3
19:58,0904,Nina,Kaye,Underfell,East,7
19:58,1131,Freda,Coyle,Wychcombe,South,20
19:58,1307,Rhoda,Mabbott,Ashwick Fen,North,6
19:58,1594,Pip,Pettit,Underfell,North,33
19:58,2055,Maud,Judd,Wychcombe,South,10
19:58,2147,Bertha,Tasker,Thistle Green,North,11
19:58,2419,Xavier,Plumb,Ashwick Fen,East,11
19:58,2644,Maud,Dunstan,Hagstone,South,14
19:58,2915,Elsie,Blythe,Ashwick Fen,North,32
19:58,3152,Dorian,Gilbey,Corvenmoor,North,32
19:58,3332,Agnes,Brock,Underfell,East,33
19:58,3793,Annie,Ockley,Eelmarsh,South,11
19:58,4060,Greta,Monk,Owlsgate,South,11
19:58,4142,Helena,Judd,Corvenmoor,West,20
19:58,4295,Grace,Heskett,Corvenmoor,West,32
19:58,4436,Winnie,Jessop,Gloamford,North,2
19:58,4769,Effie,Nuttall,Underfell,North,21
19:58,5999,Lena,Redfern,Owlsgate,East,1
19:59,0194,Thea,Eccles,Ravensholt,North,18
19:59,0462,Augusta,Venables,Pikesmere,West,36
19:59,0467,Hannah,Dawes,Thistle Green,West,5
19:59,0937,Lydia,Chilton,Ashwick Fen,South,34
19:59,1007,Horace,Dunstan,Gloamford,West,14
19:59,1216,Ursula,Quick,Ravensholt,North,5
19:59,1384,Celia,Haldane,Hagstone,South,36
19:59,1397,Maud,Raikes,Corvenmoor,East,23
19:59,1902,Noel,Chalk,Underfell,West,27
19:59,2057,Edmund,Wolstenholme,Owlsgate,North,12
19:59,3033,Lucian,Blythe,Duskwater,West,17
19:59,3075,Hector,Eccles,Thistle Green,West,23
19:59,3154,Iris,Wolstenholme,Pikesmere,North,8
19:59,3312,Dorian,Newbolt,Kettlewick,West,3
19:59,3373,Barnaby,Lamb,Corvenmoor,North,16
19:59,3383,Constance,Kaye,Corvenmoor,East,9
19:59,3392,Lydia,Kitson,Mothwell,North,19
19:59,3393,Blanche,Raikes,Underfell,South,13
19:59,3445,Lottie,Onslow,Gloamford,North,3
19:59,3691,Linus,Pocock,Ashwick Fen,South,6
19:59,3789,Isaac,Hackett,Hagstone,South,31
19:59,4329,Esme,Skelton,Fernhollow,North,24
19:59,4867,Lottie,Chalk,Wychcombe,East,13
19:59,4907,Morris,Hamblin,Duskwater,North,13
19:59,4977,Hilda,Coyle,Corvenmoor,North,23
19:59,5693,Philippa,Clegg,Wychcombe,West,25
19:59,5694,Anna,Abbott,Corvenmoor,West,18
19:59,5769,Maisie,Eccles,Corvenmoor,East,5
19:59,5906,Philippa,Orme,Corvenmoor,North,26
19:59,5918,Leonard,Satchell,Duskwater,South,32
20:00,0116,Alma,Rook,Gloamford,East,34
20:00,0224,Beatrix,Nuttall,Corvenmoor,East,27
20:00,0350,Oscar,Slade,Mothwell,North,23
20:00,0988,Agnes,Toms,Corvenmoor,West,26
20:00,1528,Magnus,Burnell,Corvenmoor,South,27
20:00,1845,Ada,Pocock,Ashwick Fen,East,34
20:00,2306,Ivy,Dabney,Corvenmoor,East,24
20:00,2693,Augusta,Blythe,Gloamford,North,1
20:00,3636,Linus,Mellish,Duskwater,East,21
20:00,3749,Ursula,Oddie,Wychcombe,South,32
20:00,4167,Dorian,Kaye,Corvenmoor,North,26
20:00,4280,Ezra,Napier,Mothwell,North,18
20:00,4575,Maisie,Haldane,Ravensholt,North,6
20:00,4584,Philippa,Jessop,Corvenmoor,North,8
20:00,5192,Maisie,Newbolt,Owlsgate,North,35
20:00,5431,Cora,Upton,Hagstone,North,1
20:00,5765,Dahlia,Digby,Ravensholt,West,28
20:01,0106,Fabian,Lowe,Hagstone,South,29
20:01,1000,Albert,Tebbit,Corvenmoor,North,15
20:01,1011,Nina,Bramble,Thistle Green,East,31
20:01,1082,Agnes,Webley,Ashwick Fen,East,25
20:01,2109,Silas,Wilmot,Hagstone,South,7
20:01,2374,Edmund,Quick,Corvenmoor,West,32
20:01,2672,Vera,Chalk,Wychcombe,South,28
20:01,2800,Phoebe,Ockley,Hagstone,East,16
20:01,2993,Josie,Tyson,Hagstone,North,29
20:01,3262,Wilbur,Venables,Corvenmoor,North,8
20:01,3495,Gideon,Sallis,Corvenmoor,West,14
20:01,3536,Milo,Sallis,Gloamford,North,29
20:01,3639,Milo,Hunnam,Corvenmoor,South,1
20:01,3934,Nora,Fawcett,Ashwick Fen,East,16
20:01,4465,Ada,Sallis,Ashwick Fen,North,13
20:01,4701,Lottie,Cobbold,Corvenmoor,West,23
20:01,4758,Noel,Keeling,Mothwell,West,7
20:01,4852,Hector,Tebbit,Barrowdene,East,5
20:01,5142,Lucian,Haldane,Corvenmoor,East,18
20:01,5749,Silas,Hunnam,Kettlewick,East,3
20:01,5820,Willa,Lowe,Fernhollow,East,34
20:01,5825,Mabel,Beck,Corvenmoor,South,33
20:02,0042,Nancy,Gale,Barrowdene,West,1
20:02,0510,Thea,Phelps,Barrowdene,East,1
20:02,0635,Lavinia,Nettles,Owlsgate,North,10
20:02,0859,Ida,Dunstan,Hagstone,South,19
20:02,1187,Agnes,Quick,Duskwater,North,19
20:02,1617,Cyril,Clegg,Kettlewick,West,10
20:02,1951,Xavier,Redfern,Ravensholt,South,28
20:02,2903,Lucian,Finlow,Fernhollow,North,7
20:02,2919,Zelda,Twigg,Owlsgate,North,12
20:02,3030,Ursula,Judd,Barrowdene,North,13
20:02,3396,Pearl,Gilbey,Corvenmoor,East,12
20:02,3658,Lottie,Wakely,Wychcombe,West,29
20:02,3720,Lottie,Tyson,Eelmarsh,South,12
20:02,3774,Sybil,Swales,Corvenmoor,West,29
20:02,4268,Marian,Godwin,Corvenmoor,North,1
20:02,4928,Bella,Bainbridge,Corvenmoor,North,12
20:02,5045,Tabitha,Dabney,Corvenmoor,North,4
20:02,5115,Albert,Beck,Corvenmoor,North,35
20:02,5784,Greta,Oddie,Corvenmoor,East,3
20:03,0146,Constance,Skelton,Barrowdene,East,13
20:03,0193,Amos,Raikes,Owlsgate,West,19
20:03,0585,Tobias,Coates,Fernhollow,South,13
20:03,0736,Kit,Bainbridge,Corvenmoor,South,34
20:03,1418,Leonard,Kaye,Wychcombe,West,26
20:03,1858,Selma,Mosley,Thistle Green,South,23
20:03,2005,Iris,Kaye,Ravensholt,South,21
20:03,2080,Gwen,Gale,Gloamford,North,7
20:03,2176,Wilbur,Larkin,Owlsgate,West,28
20:03,2584,Maisie,Wedgwood,Duskwater,South,34
20:03,2646,Elias,Wakely,Corvenmoor,East,2
20:03,2929,Martha,Onslow,Owlsgate,North,28
20:03,2937,Winnie,Eccles,Corvenmoor,North,13
20:03,3845,Hilda,Mosley,Barrowdene,South,18
20:03,3970,Marian,Coyle,Ashwick Fen,West,26
20:03,4469,Mabel,Fawcett,Gloamford,South,3
20:03,4707,Jude,Wilmot,Gloamford,North,2
20:03,4857,Pearl,Judd,Barrowdene,South,18
20:03,4898,Elias,Toms,Thistle Green,East,34
20:03,4974,Isabel,Mosley,Corvenmoor,West,29
20:03,5197,Silas,Orme,Wychcombe,North,29
20:03,5216,Rhoda,Wallis,Hagstone,South,17
20:03,5299,Ada,Rook,Gloamford,South,23
20:03,5312,Mercy,Newbolt,Ravensholt,South,11
20:03,5835,Myrtle,Stokes,Corvenmoor,West,13
20:03,5903,Thea,Newbolt,Hagstone,North,25
20:03,5933,Linus,Hackett,Corvenmoor,North,16
20:04,0711,Bernard,Judd,Thistle Green,West,16
20:04,1026,Winnie,Keeling,Owlsgate,East,13
20:04,1051,Dora,Youll,Fernhollow,East,3
20:04,1404,Maud,Twigg,Underfell,South,22
20:04,1472,Rhoda,Wakely,Corvenmoor,West,19
20:04,2096,Linus,Bramble,Duskwater,South,23
20:04,2435,Nina,Sutton,Corvenmoor,West,1
20:04,2860,Blanche,Yelland,Corvenmoor,West,12
20:04,3014,Amos,Maddox,Gloamford,West,18
20:04,3227,Lottie,Shilton,Gloamford,East,20
20:04,3695,Hannah,Shilton,Owlsgate,South,31
20:04,4076,Oscar,Tebbit,Duskwater,West,6
20:04,4104,Lucian,Godwin,Corvenmoor,North,34
20:04,4304,Dorian,Dunstan,Corvenmoor,North,6
20:04,5258,Rowan,Dawes,Pikesmere,West,18
20:04,5579,Elias,Quayle,Corvenmoor,West,20
20:04,5909,Edgar,Ibbott,Thistle Green,West,30
20:04,5954,Ursula,Noakes,Corvenmoor,North,7
20:04,5982,Nancy,Heskett,Barrowdene,West,29
20:05,0239,Iris,Haldane,Corvenmoor,South,11
20:05,0592,Blanche,Pellow,Corvenmoor,North,26
20:05,1261,Isaac,Sallis,Wychcombe,North,9
20:05,1449,Arthur,Lamb,Owlsgate,North,5
20:05,1501,Nancy,Yelland,Corvenmoor,North,17
20:05,1535,Thea,Gosling,Mothwell,North,36
20:05,1746,Arthur,Fenwick,Ashwick Fen,South,16
20:05,1853,Wilbur,Coates,Kettlewick,South,32
20:05,2043,Elsie,Phelps,Eelmarsh,East,22
20:05,2254,Jasper,Hunnam,Eelmarsh,West,14
20:05,2379,Magnus,Skelton,Corvenmoor,West,27
20:05,2749,Elsie,Pellow,Kettlewick,North,11
20:05,3281,Alma,Bowden,Duskwater,South,13
20:05,3427,Amos,Sallis,Eelmarsh,West,6
20:05,3746,Wilbur,Coyle,Wychcombe,North,6
20:05,4002,Dahlia,Gale,Barrowdene,West,13
20:05,4090,Mabel,Nancekivell,Barrowdene,South,7
20:05,5061,Vera,Finlow,Wychcombe,North,35
20:05,5187,Nell,Bunting,Thistle Green,South,11
20:05,5449,Arthur,Dawes,Hagstone,East,12
20:06,0290,Cyril,Coyle,Corvenmoor,South,23
20:06,0471,Anna,Ramsay,Kettlewick,North,24
20:06,0474,Linus,Venables,Pikesmere,South,9
20:06,0613,Isabel,Fawcett,Mothwell,East,6
20:06,1055,Noel,Dabney,Barrowdene,North,14
20:06,1123,Bertha,Swales,Ashwick Fen,West,15
20:06,1334,Amos,Webley,Hagstone,South,13
20:06,1437,Bernard,Meakin,Mothwell,West,36
20:06,1446,Edmund,Satchell,Thistle Green,South,10
20:06,1476,Nora,Finlow,Ashwick Fen,East,33
20:06,1662,Amos,Digby,Underfell,North,15
20:06,1962,Annie,Keeling,Ashwick Fen,East,19
20:06,2225,Clement,Dabney,Corvenmoor,West,22
20:06,2244,Tabitha,Webley,Pikesmere,North,17
20:06,2542,Lydia,Quayle,Fernhollow,West,34
20:06,2847,Blanche,Pickles,Corvenmoor,North,31
20:06,2869,Edgar,Hackett,Ravensholt,South,34
20:06,2949,Silas,Gale,Owlsgate,North,24
20:06,3144,Sybil,Vance,Ravensholt,East,35
20:06,3239,Bernard,Barlow,Underfell,North,5
20:06,3952,Edith,Venables,Underfell,South,26
20:06,4000,Hector,Gosling,Corvenmoor,East,34
20:06,4130,Basil,Hunnam,Corvenmoor,North,7
20:06,4540,Pip,Padley,Corvenmoor,West,5
20:06,4648,Noel,Pellow,Corvenmoor,North,36
20:06,4878,Ada,Finlow,Underfell,West,4
20:06,4901,Zelda,Wolstenholme,Corvenmoor,South,20
20:06,5444,Enid,Webley,Thistle Green,North,4
20:07,0366,Elsie,Larkin,Owlsgate,East,20
20:07,0913,Martha,Skelton,Underfell,North,16
20:07,1236,Barnaby,Kitson,Underfell,West,33
20:07,1635,Esme,Tolley,Kettlewick,East,19
20:07,1802,Greta,Lamb,Ashwick Fen,North,22
20:07,2234,Barnaby,Maddox,Thistle Green,North,6
20:07,2271,Lena,Orme,Thistle Green,West,2
20:07,2341,Wilbur,Quick,Fernhollow,West,6
20:07,2485,Thea,Abbott,Underfell,North,32
20:07,2799,Hannah,Mosley,Wychcombe,West,2
20:07,2882,Marian,Upton,Gloamford,East,15
20:07,2961,Ursula,Plumb,Hagstone,East,4
20:07,3548,Pearl,Beck,Ashwick Fen,North,27
20:07,3608,Kit,Eccles,Fernhollow,South,10
20:07,4003,Imogen,Quick,Barrowdene,West,4
20:07,4137,Walter,Osgood,Wychcombe,North,28
20:07,4676,Rowan,Welch,Corvenmoor,West,31
20:07,4706,Marian,Hobday,Hagstone,West,27
20:07,4909,Fabian,Bainbridge,Fernhollow,West,24
20:07,4987,Olive,Nettles,Underfell,East,18
20:07,5088,Ida,Mellish,Corvenmoor,West,35
20:08,0160,Silas,Quayle,Underfell,South,18
20:08,0497,Quentin,Lamb,Corvenmoor,East,26
20:08,0595,Nora,Godwin,Owlsgate,South,9
20:08,0701,Ursula,Kaye,Corvenmoor,East,25
20:08,0795,Basil,Onslow,Mothwell,East,9
20:08,1071,Mabel,Dunstan,Corvenmoor,North,24
20:08,1304,Hector,Coyle,Owlsgate,North,2
20:08,1411,Fabian,Quick,Kettlewick,South,7
20:08,2480,Silas,Fenwick,Underfell,North,1
20:08,2873,Annie,Chalk,Corvenmoor,South,8
20:08,3137,Thea,Tyson,Owlsgate,East,14
20:08,3169,Isaac,Wallis,Thistle Green,East,11
20:08,3327,Viola,Pettit,Owlsgate,North,34
20:08,3933,Celia,Monk,Duskwater,East,34
20:08,4154,Bertha,Clegg,Corvenmoor,South,17
20:08,4393,Martha,Bainbridge,Owlsgate,West,36
20:08,4709,Delia,Noakes,Wychcombe,South,19
20:08,4838,Dora,Yelland,Corvenmoor,North,6
20:08,4913,Wilbur,Dawes,Thistle Green,East,5
20:08,5807,Maud,Witton,Corvenmoor,East,10
20:09,0457,Edmund,Mellish,Hagstone,West,24
20:09,0690,Gideon,Monk,Corvenmoor,North,10
20:09,1060,Nancy,Onslow,Hagstone,West,34
20:09,1811,Myrtle,Oddie,Owlsgate,North,16
20:09,2192,Tabitha,Nuttall,Pikesmere,South,29
20:09,2279,Willa,Yelland,Eelmarsh,West,9
20:09,2351,Celia,Hobday,Ravensholt,West,22
20:09,2934,Flora,Wakely,Hagstone,North,23
20:09,3447,Freda,Newbolt,Gloamford,South,36
20:09,3550,Ivo,Pickles,Kettlewick,East,10
20:09,3994,Amos,Fawcett,Ashwick Fen,North,16
20:09,4004,Lottie,Tuckey,Barrowdene,North,12
20:09,4141,Maisie,Tolley,Corvenmoor,North,9
20:09,4541,Imogen,Pickles,Corvenmoor,North,34
20:09,5080,Hector,Barlow,Duskwater,North,23
20:09,5323,Hannah,Pellow,Eelmarsh,East,16
20:09,5389,Tabitha,Gosling,Barrowdene,West,12
20:09,5789,Iris,Plumb,Wychcombe,East,22
20:09,5948,Silas,Wedgwood,Duskwater,West,29
20:10,0500,Flora,Mosley,Underfell,East,21
20:10,1117,Cyril,Youll,Underfell,North,3
20:10,1213,Fabian,Fawcett,Mothwell,South,16
20:10,1381,Viola,Digby,Mothwell,West,16
20:10,1468,Nina,Ashby,Hagstone,East,9
20:10,1827,Quentin,Rook,Barrowdene,East,5
20:10,2137,Nina,Redfern,Duskwater,West,34
20:10,2590,Alma,Wakely,Wychcombe,North,14
20:10,2608,Dahlia,Godwin,Thistle Green,South,15
20:10,2658,Greta,Beck,Mothwell,North,34
20:10,2950,Philippa,Dabney,Eelmarsh,East,14
20:10,4482,Vera,Meakin,Underfell,North,18
20:10,4627,Rhoda,Heskett,Corvenmoor,North,1
20:10,5685,Maud,Wolstenholme,Ravensholt,North,10
20:10,5986,Hilda,Oddie,Corvenmoor,North,26
20:11,0028,Anna,Phelps,Ashwick Fen,West,2
20:11,0051,Winnie,Wakely,Ravensholt,West,22
20:11,0280,Tobias,Chilton,Thistle Green,North,7
20:11,0680,Alma,Satchell,Duskwater,West,14
20:11,0945,Linus,Noakes,Owlsgate,East,7
20:11,1016,Sadie,Maddox,Corvenmoor,East,32
20:11,1161,Olive,Mellish,Corvenmoor,South,26
20:11,1821,Ivo,Clegg,Pikesmere,East,12
20:11,2069,Horace,Lowe,Hagstone,North,35
20:11,2628,Viola,Dawes,Mothwell,North,34
20:11,3565,Myrtle,Godwin,Ravensholt,East,4
20:11,4005,Olive,Sutton,Corvenmoor,East,4
20:11,4553,Nina,Stokes,Corvenmoor,North,5
20:11,5026,Lena,Wakely,Barrowdene,West,21
20:11,5399,Kit,Pennick,Corvenmoor,West,30
20:12,0417,Imogen,Quayle,Duskwater,East,16
20:12,0537,Cyril,Ashby,Corvenmoor,East,28
20:12,0792,Enid,Mabbott,Mothwell,South,29
20:12,0982,Ruth,Bramble,Gloamford,East,17
20:12,1040,Walter,Hackett,Corvenmoor,North,2
20:12,1493,Imogen,Hawley,Mothwell,North,27
20:12,2188,Hilda,Swales,Duskwater,East,27
20:12,2371,Lottie,Chilton,Mothwell,North,30
20:12,2391,Quentin,Chalk,Corvenmoor,South,12
20:12,2396,Edgar,Dabney,Owlsgate,East,5
20:12,3535,Hilda,Stokes,Barrowdene,North,14
20:12,4062,Gwen,Wolstenholme,Ashwick Fen,North,20
20:12,4823,Milo,Coyle,Gloamford,North,2
20:12,5099,Grace,Slade,Duskwater,North,25
20:12,5487,Fabian,Phelps,Barrowdene,West,13
20:12,5577,Oscar,Blythe,Corvenmoor,North,23
20:13,0104,Dorian,Padley,Gloamford,East,13
20:13,0152,Imogen,Finlow,Ashwick Fen,South,12
20:13,0590,Clement,Ockley,Hagstone,West,6
20:13,0727,Jasper,Skelton,Kettlewick,West,26
20:13,0958,Celia,Upton,Corvenmoor,West,5
20:13,1849,Wilbur,Burnell,Underfell,South,29
20:13,1909,Percy,Gale,Ashwick Fen,West,4
20:13,2033,Ursula,Coates,Fernhollow,South,25
20:13,2209,Xavier,Wedgwood,Owlsgate,East,5
20:13,2421,Ida,Hawley,Gloamford,West,22
20:13,2858,Beatrix,Lowe,Corvenmoor,West,36
20:13,4591,Kit,Sallis,Wychcombe,South,11
20:13,4813,Quentin,Wilmot,Ravensholt,North,12
20:13,5475,Bertha,Newbolt,Wychcombe,East,22
20:13,5701,Silas,Yelland,Corvenmoor,West,20
20:14,0746,Lena,Coates,Corvenmoor,West,24
20:14,0804,Morris,Wolstenholme,Hagstone,East,22
20:14,0812,Clement,Slade,Corvenmoor,North,21
20:14,1231,Phoebe,Padley,Kettlewick,West,9
20:14,1702,Elsie,Lamb,Corvenmoor,East,32
20:14,1759,Freda,Ramsay,Corvenmoor,North,11
20:14,1949,Bella,Hamblin,Hagstone,West,4
20:14,2041,Blanche,Slade,Barrowdene,West,33
20:14,2054,Selma,Ramsay,Wychcombe,East,25
20:14,2369,Hannah,Welch,Ravensholt,South,9
20:14,2675,Imogen,Pellow,Duskwater,West,5
20:14,3017,Walter,Sallis,Barrowdene,North,27
20:14,4031,Fabian,Godwin,Kettlewick,East,4
20:14,4350,Basil,Tasker,Corvenmoor,North,6
20:14,5081,Imogen,Eccles,Ashwick Fen,South,30
20:14,5427,Ida,Wilmot,Hagstone,West,14
20:14,5951,Ursula,Nettles,Pikesmere,East,28
20:15,0426,Isaac,Tyson,Gloamford,East,34
20:15,0541,Ursula,Orme,Mothwell,North,17
20:15,0579,Hilda,Larkin,Wychcombe,East,7
20:15,0634,Noel,Bainbridge,Ravensholt,South,2
20:15,0778,Nancy,Wilmot,Thistle Green,West,19
20:15,1891,Blanche,Orme,Barrowdene,East,8
20:15,2536,Gwen,Vance,Ashwick Fen,North,5
20:15,2722,Linus,Upton,Wychcombe,North,3
20:15,4054,Edgar,Ashby,Ashwick Fen,South,19
20:15,4200,Martha,Coyle,Corvenmoor,East,8
20:15,4653,Lavinia,Wallis,Corvenmoor,South,27
20:15,5038,Blanche,Wakely,Owlsgate,East,9
20:15,5351,Dahlia,Bramble,Corvenmoor,West,1
20:15,5550,Gwen,Wilmot,Underfell,North,20
20:15,5561,Cedric,Monk,Kettlewick,North,36
20:15,5875,Arthur,Tyson,Corvenmoor,North,25
20:16,0075,Magnus,Wedgwood,Gloamford,North,8
20:16,0869,Tobias,Hackett,Ashwick Fen,East,4
20:16,2755,Ida,Rudd,Barrowdene,South,23
20:16,3610,Ivy,Raikes,Eelmarsh,North,29
20:16,3737,Nancy,Twigg,Corvenmoor,East,4
20:16,3894,Dorian,Nettles,Owlsgate,East,5
20:16,4069,Wilbur,Wakely,Owlsgate,East,31
20:16,4105,Tabitha,Hollis,Corvenmoor,East,7
20:16,4767,Horace,Nettles,Wychcombe,East,8
20:16,5256,Barnaby,Newbolt,Corvenmoor,West,32
20:16,5381,Anna,Wolstenholme,Thistle Green,North,2
20:16,5418,Ivo,Sutton,Corvenmoor,South,5
20:16,5494,Nina,Tyson,Ravensholt,North,7
20:16,5547,Lavinia,Youll,Duskwater,South,27
20:17,0215,Selma,Quayle,Ravensholt,North,19
20:17,0762,Augusta,Lumsden,Gloamford,East,15
20:17,1144,Blanche,Kaye,Thistle Green,East,14
20:17,1365,Sybil,Jessop,Duskwater,West,25
20:17,1576,Horace,Plumb,Corvenmoor,South,35
20:17,1650,Clement,Youll,Corvenmoor,South,6
20:17,2212,Beatrix,Pennick,Wychcombe,South,21
20:17,2267,Edmund,Wilmot,Hagstone,West,5
20:17,2499,Winnie,Bramble,Ravensholt,North,13
20:17,2914,Ada,Youll,Ashwick Fen,East,27
20:17,4316,Hilda,Mabbott,Ravensholt,East,7
20:17,4549,Freda,Noakes,Barrowdene,North,28
20:17,4647,Leonard,Lumsden,Underfell,East,21
20:17,5559,Lucian,Nuttall,Corvenmoor,East,6
20:17,5974,Leonard,Gilbey,Pikesmere,North,25
20:18,0451,Vera,Mellish,Pikesmere,North,26
20:18,0815,Jonah,Fenwick,Corvenmoor,East,8
20:18,1954,Pip,Slade,Corvenmoor,South,1
20:18,2294,Otto,Larkin,Corvenmoor,West,27
20:18,2504,Pearl,Nuttall,Wychcombe,West,24
20:18,3135,Jude,Mosley,Ravensholt,East,20
20:18,3759,Mabel,Dawes,Eelmarsh,East,21
20:18,3835,Otto,Wilmot,Barrowdene,North,24
20:18,3840,Augusta,Hollis,Barrowdene,West,14
20:18,3865,Blanche,Tolley,Mothwell,South,23
20:18,4286,Sadie,Wolstenholme,Underfell,West,19
20:18,4331,Phoebe,Welch,Wychcombe,West,27
20:18,4427,Maisie,Mabbott,Underfell,West,14
20:18,4452,Lavinia,Rudd,Barrowdene,South,34
20:18,4694,Otto,Clegg,Pikesmere,South,4
20:18,4920,Josie,Bramble,Owlsgate,North,27
20:18,5113,Maisie,Padley,Barrowdene,West,23
20:18,5654,Milo,Newbolt,Wychcombe,South,34
20:18,5780,Nancy,Mosley,Corvenmoor,South,25
20:19,0383,Effie,Pocock,Duskwater,West,11
20:19,1008,Pearl,Napier,Hagstone,South,28
20:19,1145,Silas,Nettles,Thistle Green,South,20
20:19,1496,Horace,Blythe,Corvenmoor,North,12
20:19,1729,Rowan,Heskett,Barrowdene,West,20
20:19,1990,Pip,Pellow,Fernhollow,North,7
20:19,2692,Dorian,Oddie,Corvenmoor,East,6
20:19,3259,Harriet,Maddox,Underfell,West,27
20:19,4455,Rosa,Haldane,Hagstone,West,18
20:19,4851,Rosa,Venables,Fernhollow,East,28
20:19,5039,Hector,Padley,Eelmarsh,East,30
20:19,5412,Rhoda,Pennick,Ashwick Fen,South,3
20:19,5558,Olive,Quick,Corvenmoor,West,16
20:20,0107,Pearl,Sefton,Wychcombe,South,3
20:20,0131,Martha,Burnell,Gloamford,East,9
20:20,0324,Anna,Pettit,Corvenmoor,West,10
20:20,0676,Esme,Stokes,Ashwick Fen,East,33
20:20,1158,Clara,Brock,Duskwater,East,36
20:20,1368,Arthur,Pettit,Hagstone,North,16
20:20,1544,Nina,Hunnam,Fernhollow,South,24
20:20,1971,Augusta,Ibbott,Ravensholt,North,12
20:20,2091,Maud,Lamb,Ravensholt,North,3
20:20,3302,Clement,Brock,Ashwick Fen,East,26
20:20,4387,Lavinia,Monk,Mothwell,South,2
20:20,4699,Anna,Ockley,Mothwell,North,22
20:20,5419,Imogen,Swales,Gloamford,West,15
20:20,5490,Hannah,Skelton,Wychcombe,North,6
20:20,5768,Walter,Twigg,Corvenmoor,East,30
20:20,5803,Lydia,Digby,Corvenmoor,North,24
20:21,0668,Marian,Hollis,Barrowdene,South,31
20:21,0800,Sybil,Osgood,Corvenmoor,West,35
20:21,0876,Isaac,Burnell,Eelmarsh,West,34
20:21,0956,Hector,Onslow,Pikesmere,South,8
20:21,1323,Cedric,Hamblin,Pikesmere,North,3
20:21,1551,Enid,Wakely,Corvenmoor,East,32
20:21,1685,Bella,Fenwick,Owlsgate,West,17
20:21,1731,Arthur,Winslow,Mothwell,South,5
20:21,2221,Jonah,Kitson,Duskwater,South,18
20:21,2448,Cedric,Hobday,Underfell,West,12
20:21,2633,Bertha,Nettles,Fernhollow,North,31
20:21,2836,Zelda,Bowden,Corvenmoor,East,27
20:21,2982,Isabel,Lumsden,Corvenmoor,East,14
20:21,3716,Rowan,Sallis,Duskwater,North,25
20:21,3768,Isabel,Barlow,Ravensholt,South,17
20:21,3839,Dora,Wakely,Wychcombe,West,22
20:21,3902,Ivo,Maddox,Corvenmoor,East,19
20:21,4128,Percy,Wedgwood,Owlsgate,West,4
20:21,4725,Elias,Pennick,Corvenmoor,South,29
20:21,5015,Leonard,Bowden,Barrowdene,West,5
20:21,5259,Esme,Wolstenholme,Corvenmoor,East,9
20:21,5636,Ezra,Phelps,Corvenmoor,West,31
20:21,5664,Celia,Gale,Thistle Green,South,17
20:21,5935,Myrtle,Tebbit,Barrowdene,North,19
20:22,0192,Augusta,Satchell,Ravensholt,West,36
20:22,0522,Fabian,Raikes,Duskwater,East,6
20:22,1284,Nell,Nettles,Owlsgate,West,3
20:22,1505,Celia,Sallis,Corvenmoor,North,15
20:22,1604,Lottie,Quick,Fernhollow,North,32
20:22,1922,Grace,Satchell,Ravensholt,East,10
20:22,2272,Percy,Digby,Mothwell,South,18
20:22,2300,Silas,Swales,Mothwell,West,4
20:22,2729,Lottie,Noakes,Ashwick Fen,West,8
20:22,2874,Elias,Pocock,Ravensholt,South,32
20:22,3787,Albert,Gale,Mothwell,North,9
20:22,3927,Pearl,Ibbott,Ravensholt,West,13
20:22,4170,Dahlia,Yelland,Corvenmoor,North,21
20:22,4412,Edith,Oddie,Ravensholt,North,4
20:22,4483,Xavier,Lumsden,Ravensholt,West,8
20:22,5295,Edith,Abbott,Mothwell,East,5
20:23,0867,Nora,Barlow,Ashwick Fen,North,35
20:23,1089,Linus,Tyson,Hagstone,North,7
20:23,1110,Kit,Rudd,Duskwater,North,35
20:23,1155,Olive,Orme,Wychcombe,North,6
20:23,1179,Cora,Vance,Owlsgate,North,17
20:23,1548,Lydia,Stokes,Pikesmere,North,16
20:23,3315,Mercy,Webley,Hagstone,East,36
20:23,3405,Amos,Pickles,Fernhollow,East,15
20:23,3817,Arthur,Gilbey,Hagstone,West,20
20:23,4124,Selma,Pickles,Underfell,South,33
20:23,5348,Nora,Orme,Thistle Green,East,17
20:23,5652,Hector,Gilbey,Ashwick Fen,West,19
20:23,5692,Zelda,Satchell,Wychcombe,North,33
20:23,5995,Edgar,Oddie,Gloamford,West,4
20:24,0034,Josie,Sallis,Ashwick Fen,North,19
20:24,0069,Ezra,Mellish,Underfell,South,3
20:24,0197,Nell,Quayle,Ashwick Fen,North,16
20:24,0333,Hilda,Kaye,Hagstone,North,33
20:24,0774,Philippa,Redfern,Fernhollow,West,34
20:24,1299,Augusta,Webley,Mothwell,East,28
20:24,1797,Morris,Osgood,Corvenmoor,East,31
20:24,2777,Rhoda,Kaye,Kettlewick,West,15
20:24,4463,Philippa,Upton,Underfell,South,16
20:24,5157,Winnie,Napier,Corvenmoor,South,18
20:24,5208,Dorian,Judd,Ravensholt,East,12
20:25,0910,Isabel,Rook,Ravensholt,South,14
20:25,0996,Grace,Coates,Ravensholt,East,27
20:25,1870,Basil,Pellow,Corvenmoor,West,36
20:25,1985,Fabian,Osgood,Hagstone,East,14
20:25,2009,Lena,Ibbott,Ashwick Fen,East,12
20:25,3717,Imogen,Youll,Thistle Green,West,34
20:25,4919,Xavier,Wilmot,Corvenmoor,West,33
20:25,5009,Dahlia,Kitson,Owlsgate,East,34
20:25,5165,Flora,Dabney,Mothwell,East,23
20:25,5275,Elsie,Pettit,Pikesmere,North,15
20:25,5347,Xavier,Mellish,Owlsgate,North,29
20:25,5598,Rhoda,Skelton,Thistle Green,North,31
20:26,0019,Maisie,Ramsay,Underfell,North,36
20:26,0704,Walter,Finlow,Duskwater,North,31
20:26,1625,Kit,Lumsden,Ashwick Fen,North,34
20:26,2127,Greta,Tuckey,Corvenmoor,North,23
20:26,2468,Bertha,Lumsden,Corvenmoor,West,29
20:26,2531,Percy,Ashby,Owlsgate,West,19
20:26,2848,Tobias,Dabney,Corvenmoor,East,19
20:26,3106,Silas,Lumsden,Fernhollow,East,12
20:26,4559,Hilda,Padley,Duskwater,South,22
20:26,4926,Horace,Thwaite,Wychcombe,West,31
20:26,5265,Hilda,Haldane,Barrowdene,East,19
20:26,5556,Lydia,Oddie,Ravensholt,East,35
20:27,0044,Hannah,Padley,Corvenmoor,East,34
20:27,0251,Olive,Skelton,Hagstone,North,8
20:27,1343,Lottie,Vance,Pikesmere,North,36
20:27,2015,Willa,Bramble,Corvenmoor,East,8
20:27,2270,Marian,Wakely,Wychcombe,South,31
20:27,2417,Walter,Sutton,Thistle Green,East,7
20:27,2605,Albert,Padley,Thistle Green,North,17
20:27,2783,Oscar,Bowden,Fernhollow,East,10
20:27,2881,Marian,Toms,Hagstone,West,24
20:27,2983,Jonah,Toms,Wychcombe,West,6
20:27,3015,Fabian,Tyson,Owlsgate,West,33
20:27,3594,Pip,Mosley,Ashwick Fen,West,31
20:27,3781,Lavinia,Plumb,Kettlewick,North,21
20:27,4145,Effie,Elwin,Mothwell,South,32
20:27,4158,Tobias,Barlow,Eelmarsh,North,20
20:27,4221,Bella,Slade,Corvenmoor,East,35
20:27,4729,Edgar,Fawcett,Pikesmere,South,5
20:27,5144,Agnes,Hunnam,Corvenmoor,South,30
20:27,5691,Cora,Dunstan,Thistle Green,North,20
20:28,0486,Flora,Jessop,Corvenmoor,North,3
20:28,0763,Rhoda,Bainbridge,Thistle Green,North,19
20:28,0836,Sybil,Coates,Eelmarsh,South,15
20:28,1940,Enid,Chilton,Thistle Green,South,34
20:28,1973,Zelda,Upton,Ashwick Fen,South,35
20:28,2346,Rosa,Pickles,Barrowdene,West,36
20:28,2545,Sadie,Gosling,Duskwater,East,29
20:28,2641,Dora,Mosley,Eelmarsh,West,6
20:28,3130,Tabitha,Onslow,Corvenmoor,North,13
20:28,3493,Alma,Blythe,Fernhollow,North,28
20:28,3937,Fabian,Quayle,Thistle Green,East,32
20:28,4156,Lottie,Wallis,Duskwater,North,24
20:28,4223,Percy,Wolstenholme,Underfell,West,35
20:28,4634,Hilda,Chalk,Mothwell,East,27
20:28,5897,Constance,Gilbey,Corvenmoor,South,17
20:29,0464,Basil,Oddie,Wychcombe,North,16
20:29,1067,Ruth,Eccles,Fernhollow,North,23
20:29,1747,Edith,Osgood,Gloamford,North,6
20:29,2235,Tobias,Wolstenholme,Underfell,North,7
20:29,2543,Enid,Shilton,Ravensholt,North,29
20:29,3024,Jude,Coyle,Kettlewick,East,3
20:29,3751,Philippa,Sallis,Thistle Green,West,2
20:29,5345,Gideon,Upton,Underfell,East,36
20:29,5663,Zelda,Vance,Kettlewick,West,2
20:29,5752,Freda,Abbott,Corvenmoor,West,29
